2026-01-30 18:49:12,175 INFO  [main] [NO-ID] com.app.oopsly.api.ApiApplication - Starting ApiApplication using Java 21.0.5 with PID 225889 (/home/hal/dev/osmosis/api/build/classes/java/main started by hal in /home/hal/dev/osmosis/api)
2026-01-30 18:49:12,179 INFO  [main] [NO-ID] com.app.oopsly.api.ApiApplication - No active profile set, falling back to 1 default profile: "default"
2026-01-30 18:49:14,533 INFO  [main] [NO-ID] o.s.d.r.c.RepositoryConfigurationDelegate - Multiple Spring Data modules found, entering strict repository configuration mode
2026-01-30 18:49:14,536 INFO  [main] [NO-ID] o.s.d.r.c.RepositoryConfigurationDelegate - Bootstrapping Spring Data JDBC repositories in DEFAULT mode.
2026-01-30 18:49:14,585 INFO  [main] [NO-ID] o.s.d.r.c.RepositoryConfigurationExtensionSupport - Spring Data JDBC - Could not safely identify store assignment for repository candidate interface com.app.oopsly.api.repository.CardRepository; If you want this repository to be a JDBC repository, consider annotating your entities with one of these annotations: org.springframework.data.relational.core.mapping.Table.
2026-01-30 18:49:14,586 INFO  [main] [NO-ID] o.s.d.r.c.RepositoryConfigurationExtensionSupport - Spring Data JDBC - Could not safely identify store assignment for repository candidate interface com.app.oopsly.api.repository.QuestionRepository; If you want this repository to be a JDBC repository, consider annotating your entities with one of these annotations: org.springframework.data.relational.core.mapping.Table.
2026-01-30 18:49:14,724 INFO  [main] [NO-ID] o.s.d.r.c.RepositoryConfigurationExtensionSupport - Spring Data JDBC - Could not safely identify store assignment for repository candidate interface com.app.oopsly.api.repository.ShelfRepository; If you want this repository to be a JDBC repository, consider annotating your entities with one of these annotations: org.springframework.data.relational.core.mapping.Table.
2026-01-30 18:49:14,726 INFO  [main] [NO-ID] o.s.d.r.c.RepositoryConfigurationExtensionSupport - Spring Data JDBC - Could not safely identify store assignment for repository candidate interface com.app.oopsly.api.repository.SubjectRepository; If you want this repository to be a JDBC repository, consider annotating your entities with one of these annotations: org.springframework.data.relational.core.mapping.Table.
2026-01-30 18:49:14,727 INFO  [main] [NO-ID] o.s.d.r.c.RepositoryConfigurationExtensionSupport - Spring Data JDBC - Could not safely identify store assignment for repository candidate interface com.app.oopsly.api.repository.TestSuiteRepository; If you want this repository to be a JDBC repository, consider annotating your entities with one of these annotations: org.springframework.data.relational.core.mapping.Table.
2026-01-30 18:49:14,760 INFO  [main] [NO-ID] o.s.d.r.c.RepositoryConfigurationDelegate - Finished Spring Data repository scanning in 216 ms. Found 2 JDBC repository interfaces.
2026-01-30 18:49:14,784 INFO  [main] [NO-ID] o.s.d.r.c.RepositoryConfigurationDelegate - Multiple Spring Data modules found, entering strict repository configuration mode
2026-01-30 18:49:14,787 INFO  [main] [NO-ID] o.s.d.r.c.RepositoryConfigurationDelegate - Bootstrapping Spring Data JPA repositories in DEFAULT mode.
2026-01-30 18:49:14,817 INFO  [main] [NO-ID] o.s.b.f.s.DefaultListableBeanFactory - Overriding bean definition for bean 'settingRepository' with a different definition: replacing [Root bean: class=org.springframework.data.jdbc.repository.support.JdbcRepositoryFactoryBean; scope=; abstract=false; lazyInit=false; autowireMode=0; dependencyCheck=0; autowireCandidate=true; primary=false; fallback=false; factoryBeanName=null; factoryMethodName=null; initMethodNames=null; destroyMethodNames=null; defined in com.app.oopsly.api.repository.SettingRepository defined in @EnableJdbcRepositories declared on JdbcRepositoriesRegistrar.EnableJdbcRepositoriesConfiguration] with [Root bean: class=org.springframework.data.jpa.repository.support.JpaRepositoryFactoryBean; scope=; abstract=false; lazyInit=false; autowireMode=0; dependencyCheck=0; autowireCandidate=true; primary=false; fallback=false; factoryBeanName=null; factoryMethodName=null; initMethodNames=null; destroyMethodNames=null; defined in com.app.oopsly.api.repository.SettingRepository defined in @EnableJpaRepositories declared on JpaRepositoriesRegistrar.EnableJpaRepositoriesConfiguration]
2026-01-30 18:49:14,826 INFO  [main] [NO-ID] o.s.b.f.s.DefaultListableBeanFactory - Overriding bean definition for bean 'userRepository' with a different definition: replacing [Root bean: class=org.springframework.data.jdbc.repository.support.JdbcRepositoryFactoryBean; scope=; abstract=false; lazyInit=false; autowireMode=0; dependencyCheck=0; autowireCandidate=true; primary=false; fallback=false; factoryBeanName=null; factoryMethodName=null; initMethodNames=null; destroyMethodNames=null; defined in com.app.oopsly.api.repository.UserRepository defined in @EnableJdbcRepositories declared on JdbcRepositoriesRegistrar.EnableJdbcRepositoriesConfiguration] with [Root bean: class=org.springframework.data.jpa.repository.support.JpaRepositoryFactoryBean; scope=; abstract=false; lazyInit=false; autowireMode=0; dependencyCheck=0; autowireCandidate=true; primary=false; fallback=false; factoryBeanName=null; factoryMethodName=null; initMethodNames=null; destroyMethodNames=null; defined in com.app.oopsly.api.repository.UserRepository defined in @EnableJpaRepositories declared on JpaRepositoriesRegistrar.EnableJpaRepositoriesConfiguration]
2026-01-30 18:49:14,827 INFO  [main] [NO-ID] o.s.d.r.c.RepositoryConfigurationDelegate - Finished Spring Data repository scanning in 30 ms. Found 7 JPA repository interfaces.
2026-01-30 18:49:14,846 INFO  [main] [NO-ID] o.s.d.r.c.RepositoryConfigurationDelegate - Multiple Spring Data modules found, entering strict repository configuration mode
2026-01-30 18:49:14,848 INFO  [main] [NO-ID] o.s.d.r.c.RepositoryConfigurationDelegate - Bootstrapping Spring Data Redis repositories in DEFAULT mode.
2026-01-30 18:49:14,871 INFO  [main] [NO-ID] o.s.d.r.c.RepositoryConfigurationExtensionSupport - Spring Data Redis - Could not safely identify store assignment for repository candidate interface com.app.oopsly.api.repository.CardRepository; If you want this repository to be a Redis repository, consider annotating your entities with one of these annotations: org.springframework.data.redis.core.RedisHash (preferred), or consider extending one of the following types with your repository: org.springframework.data.keyvalue.repository.KeyValueRepository
2026-01-30 18:49:14,871 INFO  [main] [NO-ID] o.s.d.r.c.RepositoryConfigurationExtensionSupport - Spring Data Redis - Could not safely identify store assignment for repository candidate interface com.app.oopsly.api.repository.QuestionRepository; If you want this repository to be a Redis repository, consider annotating your entities with one of these annotations: org.springframework.data.redis.core.RedisHash (preferred), or consider extending one of the following types with your repository: org.springframework.data.keyvalue.repository.KeyValueRepository
2026-01-30 18:49:14,872 INFO  [main] [NO-ID] o.s.d.r.c.RepositoryConfigurationExtensionSupport - Spring Data Redis - Could not safely identify store assignment for repository candidate interface com.app.oopsly.api.repository.SettingRepository; If you want this repository to be a Redis repository, consider annotating your entities with one of these annotations: org.springframework.data.redis.core.RedisHash (preferred), or consider extending one of the following types with your repository: org.springframework.data.keyvalue.repository.KeyValueRepository
2026-01-30 18:49:14,872 INFO  [main] [NO-ID] o.s.d.r.c.RepositoryConfigurationExtensionSupport - Spring Data Redis - Could not safely identify store assignment for repository candidate interface com.app.oopsly.api.repository.ShelfRepository; If you want this repository to be a Redis repository, consider annotating your entities with one of these annotations: org.springframework.data.redis.core.RedisHash (preferred), or consider extending one of the following types with your repository: org.springframework.data.keyvalue.repository.KeyValueRepository
2026-01-30 18:49:14,873 INFO  [main] [NO-ID] o.s.d.r.c.RepositoryConfigurationExtensionSupport - Spring Data Redis - Could not safely identify store assignment for repository candidate interface com.app.oopsly.api.repository.SubjectRepository; If you want this repository to be a Redis repository, consider annotating your entities with one of these annotations: org.springframework.data.redis.core.RedisHash (preferred), or consider extending one of the following types with your repository: org.springframework.data.keyvalue.repository.KeyValueRepository
2026-01-30 18:49:14,873 INFO  [main] [NO-ID] o.s.d.r.c.RepositoryConfigurationExtensionSupport - Spring Data Redis - Could not safely identify store assignment for repository candidate interface com.app.oopsly.api.repository.TestSuiteRepository; If you want this repository to be a Redis repository, consider annotating your entities with one of these annotations: org.springframework.data.redis.core.RedisHash (preferred), or consider extending one of the following types with your repository: org.springframework.data.keyvalue.repository.KeyValueRepository
2026-01-30 18:49:14,874 INFO  [main] [NO-ID] o.s.d.r.c.RepositoryConfigurationExtensionSupport - Spring Data Redis - Could not safely identify store assignment for repository candidate interface com.app.oopsly.api.repository.UserRepository; If you want this repository to be a Redis repository, consider annotating your entities with one of these annotations: org.springframework.data.redis.core.RedisHash (preferred), or consider extending one of the following types with your repository: org.springframework.data.keyvalue.repository.KeyValueRepository
2026-01-30 18:49:14,874 INFO  [main] [NO-ID] o.s.d.r.c.RepositoryConfigurationDelegate - Finished Spring Data repository scanning in 11 ms. Found 0 Redis repository interfaces.
2026-01-30 18:49:16,256 INFO  [main] [NO-ID] o.s.b.w.e.tomcat.TomcatWebServer - Tomcat initialized with port 9009 (http)
2026-01-30 18:49:16,271 INFO  [main] [NO-ID] o.a.coyote.http11.Http11NioProtocol - Initializing ProtocolHandler ["http-nio-9009"]
2026-01-30 18:49:16,273 INFO  [main] [NO-ID] o.a.catalina.core.StandardService - Starting service [Tomcat]
2026-01-30 18:49:16,274 INFO  [main] [NO-ID] o.a.catalina.core.StandardEngine - Starting Servlet engine: [Apache Tomcat/10.1.49]
2026-01-30 18:49:16,335 INFO  [main] [NO-ID] o.a.c.c.C.[.[.[/api/v1/oopsly] - Initializing Spring embedded WebApplicationContext
2026-01-30 18:49:16,336 INFO  [main] [NO-ID] o.s.b.w.s.c.ServletWebServerApplicationContext - Root WebApplicationContext: initialization completed in 4072 ms
2026-01-30 18:49:17,624 INFO  [main] [NO-ID] o.s.o.j.p.SpringPersistenceUnitInfo - No LoadTimeWeaver setup: ignoring JPA class transformer
2026-01-30 18:49:17,664 INFO  [main] [NO-ID] com.zaxxer.hikari.HikariDataSource - HikariPool-1 - Starting...
2026-01-30 18:49:17,856 INFO  [main] [NO-ID] com.zaxxer.hikari.pool.HikariPool - HikariPool-1 - Added connection org.postgresql.jdbc.PgConnection@7164e54
2026-01-30 18:49:17,858 INFO  [main] [NO-ID] com.zaxxer.hikari.HikariDataSource - HikariPool-1 - Start completed.
2026-01-30 18:49:19,923 INFO  [main] [NO-ID] o.s.o.j.LocalContainerEntityManagerFactoryBean - Initialized JPA EntityManagerFactory for persistence unit 'default'
2026-01-30 18:49:20,507 INFO  [main] [NO-ID] o.s.d.j.r.query.QueryEnhancerFactory - Hibernate is in classpath; If applicable, HQL parser will be used.
2026-01-30 18:49:23,216 WARN  [main] [NO-ID] o.s.b.a.o.j.JpaBaseConfiguration$JpaWebConfiguration - spring.jpa.open-in-view is enabled by default. Therefore, database queries may be performed during view rendering. Explicitly configure spring.jpa.open-in-view to disable this warning
2026-01-30 18:49:24,273 INFO  [main] [NO-ID] o.s.b.a.e.web.EndpointLinksResolver - Exposing 1 endpoint beneath base path '/actuator'
2026-01-30 18:49:24,362 WARN  [main] [NO-ID] o.s.b.a.s.s.UserDetailsServiceAutoConfiguration - 

Using generated security password: 2cbd83a5-4a8f-4269-b782-84d9a9746a0a

This generated password is for development use only. Your security configuration must be updated before running your application in production.

2026-01-30 18:49:24,376 INFO  [main] [NO-ID] o.s.s.c.a.a.c.InitializeUserDetailsBeanManagerConfigurer$InitializeUserDetailsManagerConfigurer - Global AuthenticationManager configured with UserDetailsService bean with name inMemoryUserDetailsManager
2026-01-30 18:49:24,465 WARN  [main] [NO-ID] o.s.s.c.a.w.c.AuthorizeHttpRequestsConfigurer$AuthorizationManagerRequestMatcherRegistry - One of the patterns in [/otp/**, /actuator/health, **/refresh-token, /swagger-ui/**, /api-docs/**] is missing a leading slash. This is discouraged; please include the leading slash in all your request matcher patterns. In future versions of Spring Security, leaving out the leading slash will result in an exception.
2026-01-30 18:49:26,437 INFO  [main] [NO-ID] o.a.coyote.http11.Http11NioProtocol - Starting ProtocolHandler ["http-nio-9009"]
2026-01-30 18:49:26,449 INFO  [main] [NO-ID] o.s.b.w.e.tomcat.TomcatWebServer - Tomcat started on port 9009 (http) with context path '/api/v1/oopsly'
2026-01-30 18:49:26,474 INFO  [main] [NO-ID] com.app.oopsly.api.ApiApplication - Started ApiApplication in 14.889 seconds (process running for 16.196)
2026-01-30 18:50:07,515 INFO  [SpringApplicationShutdownHook] [NO-ID] o.s.b.w.e.tomcat.GracefulShutdown - Commencing graceful shutdown. Waiting for active requests to complete
2026-01-30 18:50:07,518 INFO  [tomcat-shutdown] [NO-ID] o.s.b.w.e.tomcat.GracefulShutdown - Graceful shutdown complete
2026-01-30 18:50:07,544 INFO  [SpringApplicationShutdownHook] [NO-ID] o.s.o.j.LocalContainerEntityManagerFactoryBean - Closing JPA EntityManagerFactory for persistence unit 'default'
2026-01-30 18:50:07,547 INFO  [SpringApplicationShutdownHook] [NO-ID] com.zaxxer.hikari.HikariDataSource - HikariPool-1 - Shutdown initiated...
2026-01-30 18:50:07,550 INFO  [SpringApplicationShutdownHook] [NO-ID] com.zaxxer.hikari.HikariDataSource - HikariPool-1 - Shutdown completed.
2026-01-30 18:50:30,051 INFO  [main] [NO-ID] com.app.oopsly.api.ApiApplication - Starting ApiApplication using Java 21.0.5 with PID 235265 (/home/hal/dev/osmosis/api/build/classes/java/main started by hal in /home/hal/dev/osmosis/api)
2026-01-30 18:50:30,054 INFO  [main] [NO-ID] com.app.oopsly.api.ApiApplication - No active profile set, falling back to 1 default profile: "default"
2026-01-30 18:50:33,245 INFO  [main] [NO-ID] o.s.d.r.c.RepositoryConfigurationDelegate - Multiple Spring Data modules found, entering strict repository configuration mode
2026-01-30 18:50:33,247 INFO  [main] [NO-ID] o.s.d.r.c.RepositoryConfigurationDelegate - Bootstrapping Spring Data JDBC repositories in DEFAULT mode.
2026-01-30 18:50:33,321 INFO  [main] [NO-ID] o.s.d.r.c.RepositoryConfigurationExtensionSupport - Spring Data JDBC - Could not safely identify store assignment for repository candidate interface com.app.oopsly.api.repository.CardRepository; If you want this repository to be a JDBC repository, consider annotating your entities with one of these annotations: org.springframework.data.relational.core.mapping.Table.
2026-01-30 18:50:33,323 INFO  [main] [NO-ID] o.s.d.r.c.RepositoryConfigurationExtensionSupport - Spring Data JDBC - Could not safely identify store assignment for repository candidate interface com.app.oopsly.api.repository.QuestionRepository; If you want this repository to be a JDBC repository, consider annotating your entities with one of these annotations: org.springframework.data.relational.core.mapping.Table.
2026-01-30 18:50:33,528 INFO  [main] [NO-ID] o.s.d.r.c.RepositoryConfigurationExtensionSupport - Spring Data JDBC - Could not safely identify store assignment for repository candidate interface com.app.oopsly.api.repository.ShelfRepository; If you want this repository to be a JDBC repository, consider annotating your entities with one of these annotations: org.springframework.data.relational.core.mapping.Table.
2026-01-30 18:50:33,531 INFO  [main] [NO-ID] o.s.d.r.c.RepositoryConfigurationExtensionSupport - Spring Data JDBC - Could not safely identify store assignment for repository candidate interface com.app.oopsly.api.repository.SubjectRepository; If you want this repository to be a JDBC repository, consider annotating your entities with one of these annotations: org.springframework.data.relational.core.mapping.Table.
2026-01-30 18:50:33,533 INFO  [main] [NO-ID] o.s.d.r.c.RepositoryConfigurationExtensionSupport - Spring Data JDBC - Could not safely identify store assignment for repository candidate interface com.app.oopsly.api.repository.TestSuiteRepository; If you want this repository to be a JDBC repository, consider annotating your entities with one of these annotations: org.springframework.data.relational.core.mapping.Table.
2026-01-30 18:50:33,570 INFO  [main] [NO-ID] o.s.d.r.c.RepositoryConfigurationDelegate - Finished Spring Data repository scanning in 313 ms. Found 2 JDBC repository interfaces.
2026-01-30 18:50:33,592 INFO  [main] [NO-ID] o.s.d.r.c.RepositoryConfigurationDelegate - Multiple Spring Data modules found, entering strict repository configuration mode
2026-01-30 18:50:33,595 INFO  [main] [NO-ID] o.s.d.r.c.RepositoryConfigurationDelegate - Bootstrapping Spring Data JPA repositories in DEFAULT mode.
2026-01-30 18:50:34,281 INFO  [main] [NO-ID] o.s.b.f.s.DefaultListableBeanFactory - Overriding bean definition for bean 'userRepository' with a different definition: replacing [Root bean: class=org.springframework.data.jdbc.repository.support.JdbcRepositoryFactoryBean; scope=; abstract=false; lazyInit=false; autowireMode=0; dependencyCheck=0; autowireCandidate=true; primary=false; fallback=false; factoryBeanName=null; factoryMethodName=null; initMethodNames=null; destroyMethodNames=null; defined in com.app.oopsly.api.repository.UserRepository defined in @EnableJdbcRepositories declared on JdbcRepositoriesRegistrar.EnableJdbcRepositoriesConfiguration] with [Root bean: class=org.springframework.data.jpa.repository.support.JpaRepositoryFactoryBean; scope=; abstract=false; lazyInit=false; autowireMode=0; dependencyCheck=0; autowireCandidate=true; primary=false; fallback=false; factoryBeanName=null; factoryMethodName=null; initMethodNames=null; destroyMethodNames=null; defined in com.app.oopsly.api.repository.UserRepository defined in @EnableJpaRepositories declared on JpaRepositoriesRegistrar.EnableJpaRepositoriesConfiguration]
2026-01-30 18:50:34,289 INFO  [main] [NO-ID] o.s.b.f.s.DefaultListableBeanFactory - Overriding bean definition for bean 'settingRepository' with a different definition: replacing [Root bean: class=org.springframework.data.jdbc.repository.support.JdbcRepositoryFactoryBean; scope=; abstract=false; lazyInit=false; autowireMode=0; dependencyCheck=0; autowireCandidate=true; primary=false; fallback=false; factoryBeanName=null; factoryMethodName=null; initMethodNames=null; destroyMethodNames=null; defined in com.app.oopsly.api.repository.SettingRepository defined in @EnableJdbcRepositories declared on JdbcRepositoriesRegistrar.EnableJdbcRepositoriesConfiguration] with [Root bean: class=org.springframework.data.jpa.repository.support.JpaRepositoryFactoryBean; scope=; abstract=false; lazyInit=false; autowireMode=0; dependencyCheck=0; autowireCandidate=true; primary=false; fallback=false; factoryBeanName=null; factoryMethodName=null; initMethodNames=null; destroyMethodNames=null; defined in com.app.oopsly.api.repository.SettingRepository defined in @EnableJpaRepositories declared on JpaRepositoriesRegistrar.EnableJpaRepositoriesConfiguration]
2026-01-30 18:50:34,294 INFO  [main] [NO-ID] o.s.d.r.c.RepositoryConfigurationDelegate - Finished Spring Data repository scanning in 52 ms. Found 7 JPA repository interfaces.
2026-01-30 18:50:34,322 INFO  [main] [NO-ID] o.s.d.r.c.RepositoryConfigurationDelegate - Multiple Spring Data modules found, entering strict repository configuration mode
2026-01-30 18:50:34,325 INFO  [main] [NO-ID] o.s.d.r.c.RepositoryConfigurationDelegate - Bootstrapping Spring Data Redis repositories in DEFAULT mode.
2026-01-30 18:50:34,359 INFO  [main] [NO-ID] o.s.d.r.c.RepositoryConfigurationExtensionSupport - Spring Data Redis - Could not safely identify store assignment for repository candidate interface com.app.oopsly.api.repository.CardRepository; If you want this repository to be a Redis repository, consider annotating your entities with one of these annotations: org.springframework.data.redis.core.RedisHash (preferred), or consider extending one of the following types with your repository: org.springframework.data.keyvalue.repository.KeyValueRepository
2026-01-30 18:50:34,361 INFO  [main] [NO-ID] o.s.d.r.c.RepositoryConfigurationExtensionSupport - Spring Data Redis - Could not safely identify store assignment for repository candidate interface com.app.oopsly.api.repository.QuestionRepository; If you want this repository to be a Redis repository, consider annotating your entities with one of these annotations: org.springframework.data.redis.core.RedisHash (preferred), or consider extending one of the following types with your repository: org.springframework.data.keyvalue.repository.KeyValueRepository
2026-01-30 18:50:34,361 INFO  [main] [NO-ID] o.s.d.r.c.RepositoryConfigurationExtensionSupport - Spring Data Redis - Could not safely identify store assignment for repository candidate interface com.app.oopsly.api.repository.SettingRepository; If you want this repository to be a Redis repository, consider annotating your entities with one of these annotations: org.springframework.data.redis.core.RedisHash (preferred), or consider extending one of the following types with your repository: org.springframework.data.keyvalue.repository.KeyValueRepository
2026-01-30 18:50:34,365 INFO  [main] [NO-ID] o.s.d.r.c.RepositoryConfigurationExtensionSupport - Spring Data Redis - Could not safely identify store assignment for repository candidate interface com.app.oopsly.api.repository.ShelfRepository; If you want this repository to be a Redis repository, consider annotating your entities with one of these annotations: org.springframework.data.redis.core.RedisHash (preferred), or consider extending one of the following types with your repository: org.springframework.data.keyvalue.repository.KeyValueRepository
2026-01-30 18:50:34,365 INFO  [main] [NO-ID] o.s.d.r.c.RepositoryConfigurationExtensionSupport - Spring Data Redis - Could not safely identify store assignment for repository candidate interface com.app.oopsly.api.repository.SubjectRepository; If you want this repository to be a Redis repository, consider annotating your entities with one of these annotations: org.springframework.data.redis.core.RedisHash (preferred), or consider extending one of the following types with your repository: org.springframework.data.keyvalue.repository.KeyValueRepository
2026-01-30 18:50:34,366 INFO  [main] [NO-ID] o.s.d.r.c.RepositoryConfigurationExtensionSupport - Spring Data Redis - Could not safely identify store assignment for repository candidate interface com.app.oopsly.api.repository.TestSuiteRepository; If you want this repository to be a Redis repository, consider annotating your entities with one of these annotations: org.springframework.data.redis.core.RedisHash (preferred), or consider extending one of the following types with your repository: org.springframework.data.keyvalue.repository.KeyValueRepository
2026-01-30 18:50:34,366 INFO  [main] [NO-ID] o.s.d.r.c.RepositoryConfigurationExtensionSupport - Spring Data Redis - Could not safely identify store assignment for repository candidate interface com.app.oopsly.api.repository.UserRepository; If you want this repository to be a Redis repository, consider annotating your entities with one of these annotations: org.springframework.data.redis.core.RedisHash (preferred), or consider extending one of the following types with your repository: org.springframework.data.keyvalue.repository.KeyValueRepository
2026-01-30 18:50:34,367 INFO  [main] [NO-ID] o.s.d.r.c.RepositoryConfigurationDelegate - Finished Spring Data repository scanning in 24 ms. Found 0 Redis repository interfaces.
2026-01-30 18:50:36,475 INFO  [main] [NO-ID] o.s.b.w.e.tomcat.TomcatWebServer - Tomcat initialized with port 9009 (http)
2026-01-30 18:50:36,493 INFO  [main] [NO-ID] o.a.coyote.http11.Http11NioProtocol - Initializing ProtocolHandler ["http-nio-9009"]
2026-01-30 18:50:36,495 INFO  [main] [NO-ID] o.a.catalina.core.StandardService - Starting service [Tomcat]
2026-01-30 18:50:36,496 INFO  [main] [NO-ID] o.a.catalina.core.StandardEngine - Starting Servlet engine: [Apache Tomcat/10.1.49]
2026-01-30 18:50:36,598 INFO  [main] [NO-ID] o.a.c.c.C.[.[.[/api/v1/oopsly] - Initializing Spring embedded WebApplicationContext
2026-01-30 18:50:36,599 INFO  [main] [NO-ID] o.s.b.w.s.c.ServletWebServerApplicationContext - Root WebApplicationContext: initialization completed in 6418 ms
2026-01-30 18:50:37,860 INFO  [main] [NO-ID] o.s.o.j.p.SpringPersistenceUnitInfo - No LoadTimeWeaver setup: ignoring JPA class transformer
2026-01-30 18:50:37,903 INFO  [main] [NO-ID] com.zaxxer.hikari.HikariDataSource - HikariPool-1 - Starting...
2026-01-30 18:50:38,152 INFO  [main] [NO-ID] com.zaxxer.hikari.pool.HikariPool - HikariPool-1 - Added connection org.postgresql.jdbc.PgConnection@7a41f4a7
2026-01-30 18:50:38,155 INFO  [main] [NO-ID] com.zaxxer.hikari.HikariDataSource - HikariPool-1 - Start completed.
2026-01-30 18:50:40,003 INFO  [main] [NO-ID] o.s.o.j.LocalContainerEntityManagerFactoryBean - Initialized JPA EntityManagerFactory for persistence unit 'default'
2026-01-30 18:50:40,498 INFO  [main] [NO-ID] o.s.d.j.r.query.QueryEnhancerFactory - Hibernate is in classpath; If applicable, HQL parser will be used.
2026-01-30 18:50:42,823 WARN  [main] [NO-ID] o.s.b.a.o.j.JpaBaseConfiguration$JpaWebConfiguration - spring.jpa.open-in-view is enabled by default. Therefore, database queries may be performed during view rendering. Explicitly configure spring.jpa.open-in-view to disable this warning
2026-01-30 18:50:44,199 INFO  [main] [NO-ID] o.s.b.a.e.web.EndpointLinksResolver - Exposing 1 endpoint beneath base path '/actuator'
2026-01-30 18:50:44,311 WARN  [main] [NO-ID] o.s.b.a.s.s.UserDetailsServiceAutoConfiguration - 

Using generated security password: dd753358-df01-4305-9998-f3cd4b7258b1

This generated password is for development use only. Your security configuration must be updated before running your application in production.

2026-01-30 18:50:44,331 INFO  [main] [NO-ID] o.s.s.c.a.a.c.InitializeUserDetailsBeanManagerConfigurer$InitializeUserDetailsManagerConfigurer - Global AuthenticationManager configured with UserDetailsService bean with name inMemoryUserDetailsManager
2026-01-30 18:50:44,435 WARN  [main] [NO-ID] o.s.s.c.a.w.c.AuthorizeHttpRequestsConfigurer$AuthorizationManagerRequestMatcherRegistry - One of the patterns in [/otp/**, /actuator/health, **/refresh-token, /swagger-ui/**, /api-docs/**] is missing a leading slash. This is discouraged; please include the leading slash in all your request matcher patterns. In future versions of Spring Security, leaving out the leading slash will result in an exception.
2026-01-30 18:50:46,572 INFO  [main] [NO-ID] o.a.coyote.http11.Http11NioProtocol - Starting ProtocolHandler ["http-nio-9009"]
2026-01-30 18:50:46,584 INFO  [main] [NO-ID] o.s.b.w.e.tomcat.TomcatWebServer - Tomcat started on port 9009 (http) with context path '/api/v1/oopsly'
2026-01-30 18:50:46,606 INFO  [main] [NO-ID] com.app.oopsly.api.ApiApplication - Started ApiApplication in 17.405 seconds (process running for 18.433)
2026-01-30 18:51:09,271 INFO  [SpringApplicationShutdownHook] [NO-ID] o.s.b.w.e.tomcat.GracefulShutdown - Commencing graceful shutdown. Waiting for active requests to complete
2026-01-30 18:51:09,277 INFO  [tomcat-shutdown] [NO-ID] o.s.b.w.e.tomcat.GracefulShutdown - Graceful shutdown complete
2026-01-30 18:51:09,338 INFO  [SpringApplicationShutdownHook] [NO-ID] o.s.o.j.LocalContainerEntityManagerFactoryBean - Closing JPA EntityManagerFactory for persistence unit 'default'
2026-01-30 18:51:09,343 INFO  [SpringApplicationShutdownHook] [NO-ID] com.zaxxer.hikari.HikariDataSource - HikariPool-1 - Shutdown initiated...
2026-01-30 18:51:09,352 INFO  [SpringApplicationShutdownHook] [NO-ID] com.zaxxer.hikari.HikariDataSource - HikariPool-1 - Shutdown completed.
2026-01-30 18:51:21,753 INFO  [main] [NO-ID] com.app.oopsly.api.ApiApplication - Starting ApiApplication using Java 21.0.5 with PID 246219 (/home/hal/dev/osmosis/api/build/classes/java/main started by hal in /home/hal/dev/osmosis/api)
2026-01-30 18:51:21,756 INFO  [main] [NO-ID] com.app.oopsly.api.ApiApplication - No active profile set, falling back to 1 default profile: "default"
2026-01-30 18:51:24,094 INFO  [main] [NO-ID] o.s.d.r.c.RepositoryConfigurationDelegate - Multiple Spring Data modules found, entering strict repository configuration mode
2026-01-30 18:51:24,097 INFO  [main] [NO-ID] o.s.d.r.c.RepositoryConfigurationDelegate - Bootstrapping Spring Data JDBC repositories in DEFAULT mode.
2026-01-30 18:51:24,163 INFO  [main] [NO-ID] o.s.d.r.c.RepositoryConfigurationExtensionSupport - Spring Data JDBC - Could not safely identify store assignment for repository candidate interface com.app.oopsly.api.repository.CardRepository; If you want this repository to be a JDBC repository, consider annotating your entities with one of these annotations: org.springframework.data.relational.core.mapping.Table.
2026-01-30 18:51:24,165 INFO  [main] [NO-ID] o.s.d.r.c.RepositoryConfigurationExtensionSupport - Spring Data JDBC - Could not safely identify store assignment for repository candidate interface com.app.oopsly.api.repository.QuestionRepository; If you want this repository to be a JDBC repository, consider annotating your entities with one of these annotations: org.springframework.data.relational.core.mapping.Table.
2026-01-30 18:51:24,292 INFO  [main] [NO-ID] o.s.d.r.c.RepositoryConfigurationExtensionSupport - Spring Data JDBC - Could not safely identify store assignment for repository candidate interface com.app.oopsly.api.repository.ShelfRepository; If you want this repository to be a JDBC repository, consider annotating your entities with one of these annotations: org.springframework.data.relational.core.mapping.Table.
2026-01-30 18:51:24,295 INFO  [main] [NO-ID] o.s.d.r.c.RepositoryConfigurationExtensionSupport - Spring Data JDBC - Could not safely identify store assignment for repository candidate interface com.app.oopsly.api.repository.SubjectRepository; If you want this repository to be a JDBC repository, consider annotating your entities with one of these annotations: org.springframework.data.relational.core.mapping.Table.
2026-01-30 18:51:24,298 INFO  [main] [NO-ID] o.s.d.r.c.RepositoryConfigurationExtensionSupport - Spring Data JDBC - Could not safely identify store assignment for repository candidate interface com.app.oopsly.api.repository.TestSuiteRepository; If you want this repository to be a JDBC repository, consider annotating your entities with one of these annotations: org.springframework.data.relational.core.mapping.Table.
2026-01-30 18:51:24,339 INFO  [main] [NO-ID] o.s.d.r.c.RepositoryConfigurationDelegate - Finished Spring Data repository scanning in 231 ms. Found 2 JDBC repository interfaces.
2026-01-30 18:51:24,360 INFO  [main] [NO-ID] o.s.d.r.c.RepositoryConfigurationDelegate - Multiple Spring Data modules found, entering strict repository configuration mode
2026-01-30 18:51:24,361 INFO  [main] [NO-ID] o.s.d.r.c.RepositoryConfigurationDelegate - Bootstrapping Spring Data JPA repositories in DEFAULT mode.
2026-01-30 18:51:24,395 INFO  [main] [NO-ID] o.s.b.f.s.DefaultListableBeanFactory - Overriding bean definition for bean 'userRepository' with a different definition: replacing [Root bean: class=org.springframework.data.jdbc.repository.support.JdbcRepositoryFactoryBean; scope=; abstract=false; lazyInit=false; autowireMode=0; dependencyCheck=0; autowireCandidate=true; primary=false; fallback=false; factoryBeanName=null; factoryMethodName=null; initMethodNames=null; destroyMethodNames=null; defined in com.app.oopsly.api.repository.UserRepository defined in @EnableJdbcRepositories declared on JdbcRepositoriesRegistrar.EnableJdbcRepositoriesConfiguration] with [Root bean: class=org.springframework.data.jpa.repository.support.JpaRepositoryFactoryBean; scope=; abstract=false; lazyInit=false; autowireMode=0; dependencyCheck=0; autowireCandidate=true; primary=false; fallback=false; factoryBeanName=null; factoryMethodName=null; initMethodNames=null; destroyMethodNames=null; defined in com.app.oopsly.api.repository.UserRepository defined in @EnableJpaRepositories declared on JpaRepositoriesRegistrar.EnableJpaRepositoriesConfiguration]
2026-01-30 18:51:24,407 INFO  [main] [NO-ID] o.s.b.f.s.DefaultListableBeanFactory - Overriding bean definition for bean 'settingRepository' with a different definition: replacing [Root bean: class=org.springframework.data.jdbc.repository.support.JdbcRepositoryFactoryBean; scope=; abstract=false; lazyInit=false; autowireMode=0; dependencyCheck=0; autowireCandidate=true; primary=false; fallback=false; factoryBeanName=null; factoryMethodName=null; initMethodNames=null; destroyMethodNames=null; defined in com.app.oopsly.api.repository.SettingRepository defined in @EnableJdbcRepositories declared on JdbcRepositoriesRegistrar.EnableJdbcRepositoriesConfiguration] with [Root bean: class=org.springframework.data.jpa.repository.support.JpaRepositoryFactoryBean; scope=; abstract=false; lazyInit=false; autowireMode=0; dependencyCheck=0; autowireCandidate=true; primary=false; fallback=false; factoryBeanName=null; factoryMethodName=null; initMethodNames=null; destroyMethodNames=null; defined in com.app.oopsly.api.repository.SettingRepository defined in @EnableJpaRepositories declared on JpaRepositoriesRegistrar.EnableJpaRepositoriesConfiguration]
2026-01-30 18:51:24,414 INFO  [main] [NO-ID] o.s.d.r.c.RepositoryConfigurationDelegate - Finished Spring Data repository scanning in 46 ms. Found 7 JPA repository interfaces.
2026-01-30 18:51:24,434 INFO  [main] [NO-ID] o.s.d.r.c.RepositoryConfigurationDelegate - Multiple Spring Data modules found, entering strict repository configuration mode
2026-01-30 18:51:24,436 INFO  [main] [NO-ID] o.s.d.r.c.RepositoryConfigurationDelegate - Bootstrapping Spring Data Redis repositories in DEFAULT mode.
2026-01-30 18:51:24,467 INFO  [main] [NO-ID] o.s.d.r.c.RepositoryConfigurationExtensionSupport - Spring Data Redis - Could not safely identify store assignment for repository candidate interface com.app.oopsly.api.repository.CardRepository; If you want this repository to be a Redis repository, consider annotating your entities with one of these annotations: org.springframework.data.redis.core.RedisHash (preferred), or consider extending one of the following types with your repository: org.springframework.data.keyvalue.repository.KeyValueRepository
2026-01-30 18:51:24,469 INFO  [main] [NO-ID] o.s.d.r.c.RepositoryConfigurationExtensionSupport - Spring Data Redis - Could not safely identify store assignment for repository candidate interface com.app.oopsly.api.repository.QuestionRepository; If you want this repository to be a Redis repository, consider annotating your entities with one of these annotations: org.springframework.data.redis.core.RedisHash (preferred), or consider extending one of the following types with your repository: org.springframework.data.keyvalue.repository.KeyValueRepository
2026-01-30 18:51:24,470 INFO  [main] [NO-ID] o.s.d.r.c.RepositoryConfigurationExtensionSupport - Spring Data Redis - Could not safely identify store assignment for repository candidate interface com.app.oopsly.api.repository.SettingRepository; If you want this repository to be a Redis repository, consider annotating your entities with one of these annotations: org.springframework.data.redis.core.RedisHash (preferred), or consider extending one of the following types with your repository: org.springframework.data.keyvalue.repository.KeyValueRepository
2026-01-30 18:51:24,471 INFO  [main] [NO-ID] o.s.d.r.c.RepositoryConfigurationExtensionSupport - Spring Data Redis - Could not safely identify store assignment for repository candidate interface com.app.oopsly.api.repository.ShelfRepository; If you want this repository to be a Redis repository, consider annotating your entities with one of these annotations: org.springframework.data.redis.core.RedisHash (preferred), or consider extending one of the following types with your repository: org.springframework.data.keyvalue.repository.KeyValueRepository
2026-01-30 18:51:24,472 INFO  [main] [NO-ID] o.s.d.r.c.RepositoryConfigurationExtensionSupport - Spring Data Redis - Could not safely identify store assignment for repository candidate interface com.app.oopsly.api.repository.SubjectRepository; If you want this repository to be a Redis repository, consider annotating your entities with one of these annotations: org.springframework.data.redis.core.RedisHash (preferred), or consider extending one of the following types with your repository: org.springframework.data.keyvalue.repository.KeyValueRepository
2026-01-30 18:51:24,473 INFO  [main] [NO-ID] o.s.d.r.c.RepositoryConfigurationExtensionSupport - Spring Data Redis - Could not safely identify store assignment for repository candidate interface com.app.oopsly.api.repository.TestSuiteRepository; If you want this repository to be a Redis repository, consider annotating your entities with one of these annotations: org.springframework.data.redis.core.RedisHash (preferred), or consider extending one of the following types with your repository: org.springframework.data.keyvalue.repository.KeyValueRepository
2026-01-30 18:51:24,473 INFO  [main] [NO-ID] o.s.d.r.c.RepositoryConfigurationExtensionSupport - Spring Data Redis - Could not safely identify store assignment for repository candidate interface com.app.oopsly.api.repository.UserRepository; If you want this repository to be a Redis repository, consider annotating your entities with one of these annotations: org.springframework.data.redis.core.RedisHash (preferred), or consider extending one of the following types with your repository: org.springframework.data.keyvalue.repository.KeyValueRepository
2026-01-30 18:51:24,474 INFO  [main] [NO-ID] o.s.d.r.c.RepositoryConfigurationDelegate - Finished Spring Data repository scanning in 20 ms. Found 0 Redis repository interfaces.
2026-01-30 18:51:25,933 INFO  [main] [NO-ID] o.s.b.w.e.tomcat.TomcatWebServer - Tomcat initialized with port 9009 (http)
2026-01-30 18:51:25,946 INFO  [main] [NO-ID] o.a.coyote.http11.Http11NioProtocol - Initializing ProtocolHandler ["http-nio-9009"]
2026-01-30 18:51:25,948 INFO  [main] [NO-ID] o.a.catalina.core.StandardService - Starting service [Tomcat]
2026-01-30 18:51:25,948 INFO  [main] [NO-ID] o.a.catalina.core.StandardEngine - Starting Servlet engine: [Apache Tomcat/10.1.49]
2026-01-30 18:51:26,006 INFO  [main] [NO-ID] o.a.c.c.C.[.[.[/api/v1/oopsly] - Initializing Spring embedded WebApplicationContext
2026-01-30 18:51:26,006 INFO  [main] [NO-ID] o.s.b.w.s.c.ServletWebServerApplicationContext - Root WebApplicationContext: initialization completed in 4168 ms
2026-01-30 18:51:27,076 INFO  [main] [NO-ID] o.s.o.j.p.SpringPersistenceUnitInfo - No LoadTimeWeaver setup: ignoring JPA class transformer
2026-01-30 18:51:27,109 INFO  [main] [NO-ID] com.zaxxer.hikari.HikariDataSource - HikariPool-1 - Starting...
2026-01-30 18:51:27,321 INFO  [main] [NO-ID] com.zaxxer.hikari.pool.HikariPool - HikariPool-1 - Added connection org.postgresql.jdbc.PgConnection@77f95e19
2026-01-30 18:51:27,324 INFO  [main] [NO-ID] com.zaxxer.hikari.HikariDataSource - HikariPool-1 - Start completed.
2026-01-30 18:51:29,022 INFO  [main] [NO-ID] o.s.o.j.LocalContainerEntityManagerFactoryBean - Initialized JPA EntityManagerFactory for persistence unit 'default'
2026-01-30 18:51:29,501 INFO  [main] [NO-ID] o.s.d.j.r.query.QueryEnhancerFactory - Hibernate is in classpath; If applicable, HQL parser will be used.
2026-01-30 18:51:31,785 WARN  [main] [NO-ID] o.s.b.a.o.j.JpaBaseConfiguration$JpaWebConfiguration - spring.jpa.open-in-view is enabled by default. Therefore, database queries may be performed during view rendering. Explicitly configure spring.jpa.open-in-view to disable this warning
2026-01-30 18:51:32,824 INFO  [main] [NO-ID] o.s.b.a.e.web.EndpointLinksResolver - Exposing 1 endpoint beneath base path '/actuator'
2026-01-30 18:51:32,899 WARN  [main] [NO-ID] o.s.b.a.s.s.UserDetailsServiceAutoConfiguration - 

Using generated security password: 4e8a8505-a11d-49f3-affd-6079658b9e56

This generated password is for development use only. Your security configuration must be updated before running your application in production.

2026-01-30 18:51:32,913 INFO  [main] [NO-ID] o.s.s.c.a.a.c.InitializeUserDetailsBeanManagerConfigurer$InitializeUserDetailsManagerConfigurer - Global AuthenticationManager configured with UserDetailsService bean with name inMemoryUserDetailsManager
2026-01-30 18:51:33,004 WARN  [main] [NO-ID] o.s.s.c.a.w.c.AuthorizeHttpRequestsConfigurer$AuthorizationManagerRequestMatcherRegistry - One of the patterns in [/otp/**, /actuator/health, **/refresh-token, /swagger-ui/**, /api-docs/**] is missing a leading slash. This is discouraged; please include the leading slash in all your request matcher patterns. In future versions of Spring Security, leaving out the leading slash will result in an exception.
2026-01-30 18:51:34,893 INFO  [main] [NO-ID] o.a.coyote.http11.Http11NioProtocol - Starting ProtocolHandler ["http-nio-9009"]
2026-01-30 18:51:34,912 INFO  [main] [NO-ID] o.s.b.w.e.tomcat.TomcatWebServer - Tomcat started on port 9009 (http) with context path '/api/v1/oopsly'
2026-01-30 18:51:34,930 INFO  [main] [NO-ID] com.app.oopsly.api.ApiApplication - Started ApiApplication in 13.776 seconds (process running for 14.817)
2026-01-30 18:51:55,463 INFO  [tomcat-handler-0] [NO-ID] o.a.c.c.C.[.[.[/api/v1/oopsly] - Initializing Spring DispatcherServlet 'dispatcherServlet'
2026-01-30 18:51:55,464 INFO  [tomcat-handler-0] [NO-ID] o.s.web.servlet.DispatcherServlet - Initializing Servlet 'dispatcherServlet'
2026-01-30 18:51:55,469 INFO  [tomcat-handler-0] [NO-ID] o.s.web.servlet.DispatcherServlet - Completed initialization in 5 ms
2026-01-30 18:51:55,518 INFO  [tomcat-handler-0] [NO-ID] c.a.o.a.c.JwtAuthenticationFilter - Filtering request: /api/v1/oopsly/otp
2026-01-30 18:51:55,518 WARN  [tomcat-handler-0] [NO-ID] c.a.o.a.c.JwtAuthenticationFilter - Authorization header not present
2026-01-30 18:51:55,564 INFO  [tomcat-handler-0] [NO-ID] c.a.oopsly.api.config.LoggingConfig - Request: OPTIONS /api/v1/oopsly/otp | Status: 200 | 90 ms
2026-01-30 18:51:55,570 INFO  [tomcat-handler-1] [NO-ID] c.a.o.a.c.JwtAuthenticationFilter - Filtering request: /api/v1/oopsly/otp
2026-01-30 18:51:55,571 WARN  [tomcat-handler-1] [NO-ID] c.a.o.a.c.JwtAuthenticationFilter - Authorization header not present
2026-01-30 18:51:55,669 INFO  [tomcat-handler-1] [NO-ID] c.a.o.a.service.impl.OTPServiceImpl - Sending OTP email to h******************m
2026-01-30 18:51:56,170 INFO  [tomcat-handler-1] [NO-ID] c.a.o.a.service.impl.OTPServiceImpl - OTP process completed for h******************m
2026-01-30 18:51:56,249 INFO  [tomcat-handler-1] [NO-ID] c.a.oopsly.api.config.LoggingConfig - Request: POST /api/v1/oopsly/otp | Status: 200 | 680 ms
2026-01-30 18:52:00,262 INFO  [ForkJoinPool.commonPool-worker-1] [NO-ID] c.a.o.a.service.impl.OTPServiceImpl - Async: OTP email sent successfully to h******************m
2026-01-30 18:53:02,847 INFO  [SpringApplicationShutdownHook] [NO-ID] o.s.b.w.e.tomcat.GracefulShutdown - Commencing graceful shutdown. Waiting for active requests to complete
2026-01-30 18:53:02,850 INFO  [tomcat-shutdown] [NO-ID] o.s.b.w.e.tomcat.GracefulShutdown - Graceful shutdown complete
2026-01-30 18:53:02,874 INFO  [SpringApplicationShutdownHook] [NO-ID] o.s.o.j.LocalContainerEntityManagerFactoryBean - Closing JPA EntityManagerFactory for persistence unit 'default'
2026-01-30 18:53:02,877 INFO  [SpringApplicationShutdownHook] [NO-ID] com.zaxxer.hikari.HikariDataSource - HikariPool-1 - Shutdown initiated...
2026-01-30 18:53:02,883 INFO  [SpringApplicationShutdownHook] [NO-ID] com.zaxxer.hikari.HikariDataSource - HikariPool-1 - Shutdown completed.
2026-01-30 18:53:16,742 INFO  [main] [NO-ID] com.app.oopsly.api.ApiApplication - Starting ApiApplication using Java 21.0.5 with PID 270427 (/home/hal/dev/osmosis/api/build/classes/java/main started by hal in /home/hal/dev/osmosis/api)
2026-01-30 18:53:16,745 INFO  [main] [NO-ID] com.app.oopsly.api.ApiApplication - No active profile set, falling back to 1 default profile: "default"
2026-01-30 18:53:20,062 INFO  [main] [NO-ID] o.s.d.r.c.RepositoryConfigurationDelegate - Multiple Spring Data modules found, entering strict repository configuration mode
2026-01-30 18:53:20,066 INFO  [main] [NO-ID] o.s.d.r.c.RepositoryConfigurationDelegate - Bootstrapping Spring Data JDBC repositories in DEFAULT mode.
2026-01-30 18:53:20,161 INFO  [main] [NO-ID] o.s.d.r.c.RepositoryConfigurationExtensionSupport - Spring Data JDBC - Could not safely identify store assignment for repository candidate interface com.app.oopsly.api.repository.CardRepository; If you want this repository to be a JDBC repository, consider annotating your entities with one of these annotations: org.springframework.data.relational.core.mapping.Table.
2026-01-30 18:53:20,165 INFO  [main] [NO-ID] o.s.d.r.c.RepositoryConfigurationExtensionSupport - Spring Data JDBC - Could not safely identify store assignment for repository candidate interface com.app.oopsly.api.repository.QuestionRepository; If you want this repository to be a JDBC repository, consider annotating your entities with one of these annotations: org.springframework.data.relational.core.mapping.Table.
2026-01-30 18:53:20,346 INFO  [main] [NO-ID] o.s.d.r.c.RepositoryConfigurationExtensionSupport - Spring Data JDBC - Could not safely identify store assignment for repository candidate interface com.app.oopsly.api.repository.ShelfRepository; If you want this repository to be a JDBC repository, consider annotating your entities with one of these annotations: org.springframework.data.relational.core.mapping.Table.
2026-01-30 18:53:20,348 INFO  [main] [NO-ID] o.s.d.r.c.RepositoryConfigurationExtensionSupport - Spring Data JDBC - Could not safely identify store assignment for repository candidate interface com.app.oopsly.api.repository.SubjectRepository; If you want this repository to be a JDBC repository, consider annotating your entities with one of these annotations: org.springframework.data.relational.core.mapping.Table.
2026-01-30 18:53:20,350 INFO  [main] [NO-ID] o.s.d.r.c.RepositoryConfigurationExtensionSupport - Spring Data JDBC - Could not safely identify store assignment for repository candidate interface com.app.oopsly.api.repository.TestSuiteRepository; If you want this repository to be a JDBC repository, consider annotating your entities with one of these annotations: org.springframework.data.relational.core.mapping.Table.
2026-01-30 18:53:20,389 INFO  [main] [NO-ID] o.s.d.r.c.RepositoryConfigurationDelegate - Finished Spring Data repository scanning in 310 ms. Found 2 JDBC repository interfaces.
2026-01-30 18:53:20,409 INFO  [main] [NO-ID] o.s.d.r.c.RepositoryConfigurationDelegate - Multiple Spring Data modules found, entering strict repository configuration mode
2026-01-30 18:53:20,410 INFO  [main] [NO-ID] o.s.d.r.c.RepositoryConfigurationDelegate - Bootstrapping Spring Data JPA repositories in DEFAULT mode.
2026-01-30 18:53:20,454 INFO  [main] [NO-ID] o.s.b.f.s.DefaultListableBeanFactory - Overriding bean definition for bean 'settingRepository' with a different definition: replacing [Root bean: class=org.springframework.data.jdbc.repository.support.JdbcRepositoryFactoryBean; scope=; abstract=false; lazyInit=false; autowireMode=0; dependencyCheck=0; autowireCandidate=true; primary=false; fallback=false; factoryBeanName=null; factoryMethodName=null; initMethodNames=null; destroyMethodNames=null; defined in com.app.oopsly.api.repository.SettingRepository defined in @EnableJdbcRepositories declared on JdbcRepositoriesRegistrar.EnableJdbcRepositoriesConfiguration] with [Root bean: class=org.springframework.data.jpa.repository.support.JpaRepositoryFactoryBean; scope=; abstract=false; lazyInit=false; autowireMode=0; dependencyCheck=0; autowireCandidate=true; primary=false; fallback=false; factoryBeanName=null; factoryMethodName=null; initMethodNames=null; destroyMethodNames=null; defined in com.app.oopsly.api.repository.SettingRepository defined in @EnableJpaRepositories declared on JpaRepositoriesRegistrar.EnableJpaRepositoriesConfiguration]
2026-01-30 18:53:20,468 INFO  [main] [NO-ID] o.s.b.f.s.DefaultListableBeanFactory - Overriding bean definition for bean 'userRepository' with a different definition: replacing [Root bean: class=org.springframework.data.jdbc.repository.support.JdbcRepositoryFactoryBean; scope=; abstract=false; lazyInit=false; autowireMode=0; dependencyCheck=0; autowireCandidate=true; primary=false; fallback=false; factoryBeanName=null; factoryMethodName=null; initMethodNames=null; destroyMethodNames=null; defined in com.app.oopsly.api.repository.UserRepository defined in @EnableJdbcRepositories declared on JdbcRepositoriesRegistrar.EnableJdbcRepositoriesConfiguration] with [Root bean: class=org.springframework.data.jpa.repository.support.JpaRepositoryFactoryBean; scope=; abstract=false; lazyInit=false; autowireMode=0; dependencyCheck=0; autowireCandidate=true; primary=false; fallback=false; factoryBeanName=null; factoryMethodName=null; initMethodNames=null; destroyMethodNames=null; defined in com.app.oopsly.api.repository.UserRepository defined in @EnableJpaRepositories declared on JpaRepositoriesRegistrar.EnableJpaRepositoriesConfiguration]
2026-01-30 18:53:20,469 INFO  [main] [NO-ID] o.s.d.r.c.RepositoryConfigurationDelegate - Finished Spring Data repository scanning in 49 ms. Found 7 JPA repository interfaces.
2026-01-30 18:53:20,493 INFO  [main] [NO-ID] o.s.d.r.c.RepositoryConfigurationDelegate - Multiple Spring Data modules found, entering strict repository configuration mode
2026-01-30 18:53:20,495 INFO  [main] [NO-ID] o.s.d.r.c.RepositoryConfigurationDelegate - Bootstrapping Spring Data Redis repositories in DEFAULT mode.
2026-01-30 18:53:20,522 INFO  [main] [NO-ID] o.s.d.r.c.RepositoryConfigurationExtensionSupport - Spring Data Redis - Could not safely identify store assignment for repository candidate interface com.app.oopsly.api.repository.CardRepository; If you want this repository to be a Redis repository, consider annotating your entities with one of these annotations: org.springframework.data.redis.core.RedisHash (preferred), or consider extending one of the following types with your repository: org.springframework.data.keyvalue.repository.KeyValueRepository
2026-01-30 18:53:20,523 INFO  [main] [NO-ID] o.s.d.r.c.RepositoryConfigurationExtensionSupport - Spring Data Redis - Could not safely identify store assignment for repository candidate interface com.app.oopsly.api.repository.QuestionRepository; If you want this repository to be a Redis repository, consider annotating your entities with one of these annotations: org.springframework.data.redis.core.RedisHash (preferred), or consider extending one of the following types with your repository: org.springframework.data.keyvalue.repository.KeyValueRepository
2026-01-30 18:53:20,524 INFO  [main] [NO-ID] o.s.d.r.c.RepositoryConfigurationExtensionSupport - Spring Data Redis - Could not safely identify store assignment for repository candidate interface com.app.oopsly.api.repository.SettingRepository; If you want this repository to be a Redis repository, consider annotating your entities with one of these annotations: org.springframework.data.redis.core.RedisHash (preferred), or consider extending one of the following types with your repository: org.springframework.data.keyvalue.repository.KeyValueRepository
2026-01-30 18:53:20,525 INFO  [main] [NO-ID] o.s.d.r.c.RepositoryConfigurationExtensionSupport - Spring Data Redis - Could not safely identify store assignment for repository candidate interface com.app.oopsly.api.repository.ShelfRepository; If you want this repository to be a Redis repository, consider annotating your entities with one of these annotations: org.springframework.data.redis.core.RedisHash (preferred), or consider extending one of the following types with your repository: org.springframework.data.keyvalue.repository.KeyValueRepository
2026-01-30 18:53:20,526 INFO  [main] [NO-ID] o.s.d.r.c.RepositoryConfigurationExtensionSupport - Spring Data Redis - Could not safely identify store assignment for repository candidate interface com.app.oopsly.api.repository.SubjectRepository; If you want this repository to be a Redis repository, consider annotating your entities with one of these annotations: org.springframework.data.redis.core.RedisHash (preferred), or consider extending one of the following types with your repository: org.springframework.data.keyvalue.repository.KeyValueRepository
2026-01-30 18:53:20,527 INFO  [main] [NO-ID] o.s.d.r.c.RepositoryConfigurationExtensionSupport - Spring Data Redis - Could not safely identify store assignment for repository candidate interface com.app.oopsly.api.repository.TestSuiteRepository; If you want this repository to be a Redis repository, consider annotating your entities with one of these annotations: org.springframework.data.redis.core.RedisHash (preferred), or consider extending one of the following types with your repository: org.springframework.data.keyvalue.repository.KeyValueRepository
2026-01-30 18:53:20,527 INFO  [main] [NO-ID] o.s.d.r.c.RepositoryConfigurationExtensionSupport - Spring Data Redis - Could not safely identify store assignment for repository candidate interface com.app.oopsly.api.repository.UserRepository; If you want this repository to be a Redis repository, consider annotating your entities with one of these annotations: org.springframework.data.redis.core.RedisHash (preferred), or consider extending one of the following types with your repository: org.springframework.data.keyvalue.repository.KeyValueRepository
2026-01-30 18:53:20,528 INFO  [main] [NO-ID] o.s.d.r.c.RepositoryConfigurationDelegate - Finished Spring Data repository scanning in 18 ms. Found 0 Redis repository interfaces.
2026-01-30 18:53:22,133 INFO  [main] [NO-ID] o.s.b.w.e.tomcat.TomcatWebServer - Tomcat initialized with port 9009 (http)
2026-01-30 18:53:22,148 INFO  [main] [NO-ID] o.a.coyote.http11.Http11NioProtocol - Initializing ProtocolHandler ["http-nio-9009"]
2026-01-30 18:53:22,150 INFO  [main] [NO-ID] o.a.catalina.core.StandardService - Starting service [Tomcat]
2026-01-30 18:53:22,150 INFO  [main] [NO-ID] o.a.catalina.core.StandardEngine - Starting Servlet engine: [Apache Tomcat/10.1.49]
2026-01-30 18:53:22,213 INFO  [main] [NO-ID] o.a.c.c.C.[.[.[/api/v1/oopsly] - Initializing Spring embedded WebApplicationContext
2026-01-30 18:53:22,214 INFO  [main] [NO-ID] o.s.b.w.s.c.ServletWebServerApplicationContext - Root WebApplicationContext: initialization completed in 5409 ms
2026-01-30 18:53:23,376 INFO  [main] [NO-ID] o.s.o.j.p.SpringPersistenceUnitInfo - No LoadTimeWeaver setup: ignoring JPA class transformer
2026-01-30 18:53:23,404 INFO  [main] [NO-ID] com.zaxxer.hikari.HikariDataSource - HikariPool-1 - Starting...
2026-01-30 18:53:23,580 INFO  [main] [NO-ID] com.zaxxer.hikari.pool.HikariPool - HikariPool-1 - Added connection org.postgresql.jdbc.PgConnection@77f95e19
2026-01-30 18:53:23,584 INFO  [main] [NO-ID] com.zaxxer.hikari.HikariDataSource - HikariPool-1 - Start completed.
2026-01-30 18:53:25,292 INFO  [main] [NO-ID] o.s.o.j.LocalContainerEntityManagerFactoryBean - Initialized JPA EntityManagerFactory for persistence unit 'default'
2026-01-30 18:53:25,740 INFO  [main] [NO-ID] o.s.d.j.r.query.QueryEnhancerFactory - Hibernate is in classpath; If applicable, HQL parser will be used.
2026-01-30 18:53:27,799 WARN  [main] [NO-ID] o.s.b.a.o.j.JpaBaseConfiguration$JpaWebConfiguration - spring.jpa.open-in-view is enabled by default. Therefore, database queries may be performed during view rendering. Explicitly configure spring.jpa.open-in-view to disable this warning
2026-01-30 18:53:28,873 INFO  [main] [NO-ID] o.s.b.a.e.web.EndpointLinksResolver - Exposing 1 endpoint beneath base path '/actuator'
2026-01-30 18:53:28,951 WARN  [main] [NO-ID] o.s.b.a.s.s.UserDetailsServiceAutoConfiguration - 

Using generated security password: 5cdf86ac-7f5f-49d9-a6f7-f8a8b8b32a8d

This generated password is for development use only. Your security configuration must be updated before running your application in production.

2026-01-30 18:53:28,966 INFO  [main] [NO-ID] o.s.s.c.a.a.c.InitializeUserDetailsBeanManagerConfigurer$InitializeUserDetailsManagerConfigurer - Global AuthenticationManager configured with UserDetailsService bean with name inMemoryUserDetailsManager
2026-01-30 18:53:29,055 WARN  [main] [NO-ID] o.s.s.c.a.w.c.AuthorizeHttpRequestsConfigurer$AuthorizationManagerRequestMatcherRegistry - One of the patterns in [/otp/**, /actuator/health, **/refresh-token, /swagger-ui/**, /api-docs/**] is missing a leading slash. This is discouraged; please include the leading slash in all your request matcher patterns. In future versions of Spring Security, leaving out the leading slash will result in an exception.
2026-01-30 18:53:30,973 INFO  [main] [NO-ID] o.a.coyote.http11.Http11NioProtocol - Starting ProtocolHandler ["http-nio-9009"]
2026-01-30 18:53:30,988 INFO  [main] [NO-ID] o.s.b.w.e.tomcat.TomcatWebServer - Tomcat started on port 9009 (http) with context path '/api/v1/oopsly'
2026-01-30 18:53:31,010 INFO  [main] [NO-ID] com.app.oopsly.api.ApiApplication - Started ApiApplication in 14.755 seconds (process running for 14.908)
2026-01-30 18:54:10,930 INFO  [tomcat-handler-0] [NO-ID] o.a.c.c.C.[.[.[/api/v1/oopsly] - Initializing Spring DispatcherServlet 'dispatcherServlet'
2026-01-30 18:54:10,931 INFO  [tomcat-handler-0] [NO-ID] o.s.web.servlet.DispatcherServlet - Initializing Servlet 'dispatcherServlet'
2026-01-30 18:54:10,936 INFO  [tomcat-handler-0] [NO-ID] o.s.web.servlet.DispatcherServlet - Completed initialization in 5 ms
2026-01-30 18:54:10,988 INFO  [tomcat-handler-0] [f7848862-2787-485b-ad7e-833b033a3384] c.a.o.a.c.JwtAuthenticationFilter - Filtering request: /api/v1/oopsly/otp
2026-01-30 18:54:10,989 WARN  [tomcat-handler-0] [f7848862-2787-485b-ad7e-833b033a3384] c.a.o.a.c.JwtAuthenticationFilter - Authorization header not present
2026-01-30 18:54:11,141 INFO  [tomcat-handler-0] [f7848862-2787-485b-ad7e-833b033a3384] c.a.o.a.service.impl.OTPServiceImpl - Sending OTP email to h******************m
2026-01-30 18:54:11,808 INFO  [tomcat-handler-0] [f7848862-2787-485b-ad7e-833b033a3384] c.a.o.a.service.impl.OTPServiceImpl - OTP process completed for h******************m
2026-01-30 18:54:11,906 INFO  [tomcat-handler-0] [f7848862-2787-485b-ad7e-833b033a3384] c.a.oopsly.api.config.LoggingConfig - Request: POST /api/v1/oopsly/otp | Status: 200 | 965 ms
2026-01-30 18:54:15,694 INFO  [ForkJoinPool.commonPool-worker-1] [NO-ID] c.a.o.a.service.impl.OTPServiceImpl - Async: OTP email sent successfully to h******************m
2026-01-30 18:55:16,174 INFO  [SpringApplicationShutdownHook] [NO-ID] o.s.b.w.e.tomcat.GracefulShutdown - Commencing graceful shutdown. Waiting for active requests to complete
2026-01-30 18:55:16,177 INFO  [tomcat-shutdown] [NO-ID] o.s.b.w.e.tomcat.GracefulShutdown - Graceful shutdown complete
2026-01-30 18:55:16,198 INFO  [SpringApplicationShutdownHook] [NO-ID] o.s.o.j.LocalContainerEntityManagerFactoryBean - Closing JPA EntityManagerFactory for persistence unit 'default'
2026-01-30 18:55:16,202 INFO  [SpringApplicationShutdownHook] [NO-ID] com.zaxxer.hikari.HikariDataSource - HikariPool-1 - Shutdown initiated...
2026-01-30 18:55:16,205 INFO  [SpringApplicationShutdownHook] [NO-ID] com.zaxxer.hikari.HikariDataSource - HikariPool-1 - Shutdown completed.
2026-01-30 18:55:30,317 INFO  [main] [NO-ID] com.app.oopsly.api.ApiApplication - Starting ApiApplication using Java 21.0.5 with PID 295201 (/home/hal/dev/osmosis/api/build/classes/java/main started by hal in /home/hal/dev/osmosis/api)
2026-01-30 18:55:30,321 INFO  [main] [NO-ID] com.app.oopsly.api.ApiApplication - No active profile set, falling back to 1 default profile: "default"
2026-01-30 18:55:33,260 INFO  [main] [NO-ID] o.s.d.r.c.RepositoryConfigurationDelegate - Multiple Spring Data modules found, entering strict repository configuration mode
2026-01-30 18:55:33,262 INFO  [main] [NO-ID] o.s.d.r.c.RepositoryConfigurationDelegate - Bootstrapping Spring Data JDBC repositories in DEFAULT mode.
2026-01-30 18:55:33,331 INFO  [main] [NO-ID] o.s.d.r.c.RepositoryConfigurationExtensionSupport - Spring Data JDBC - Could not safely identify store assignment for repository candidate interface com.app.oopsly.api.repository.CardRepository; If you want this repository to be a JDBC repository, consider annotating your entities with one of these annotations: org.springframework.data.relational.core.mapping.Table.
2026-01-30 18:55:33,332 INFO  [main] [NO-ID] o.s.d.r.c.RepositoryConfigurationExtensionSupport - Spring Data JDBC - Could not safely identify store assignment for repository candidate interface com.app.oopsly.api.repository.QuestionRepository; If you want this repository to be a JDBC repository, consider annotating your entities with one of these annotations: org.springframework.data.relational.core.mapping.Table.
2026-01-30 18:55:33,444 INFO  [main] [NO-ID] o.s.d.r.c.RepositoryConfigurationExtensionSupport - Spring Data JDBC - Could not safely identify store assignment for repository candidate interface com.app.oopsly.api.repository.ShelfRepository; If you want this repository to be a JDBC repository, consider annotating your entities with one of these annotations: org.springframework.data.relational.core.mapping.Table.
2026-01-30 18:55:33,446 INFO  [main] [NO-ID] o.s.d.r.c.RepositoryConfigurationExtensionSupport - Spring Data JDBC - Could not safely identify store assignment for repository candidate interface com.app.oopsly.api.repository.SubjectRepository; If you want this repository to be a JDBC repository, consider annotating your entities with one of these annotations: org.springframework.data.relational.core.mapping.Table.
2026-01-30 18:55:33,447 INFO  [main] [NO-ID] o.s.d.r.c.RepositoryConfigurationExtensionSupport - Spring Data JDBC - Could not safely identify store assignment for repository candidate interface com.app.oopsly.api.repository.TestSuiteRepository; If you want this repository to be a JDBC repository, consider annotating your entities with one of these annotations: org.springframework.data.relational.core.mapping.Table.
2026-01-30 18:55:33,517 INFO  [main] [NO-ID] o.s.d.r.c.RepositoryConfigurationDelegate - Finished Spring Data repository scanning in 230 ms. Found 2 JDBC repository interfaces.
2026-01-30 18:55:33,549 INFO  [main] [NO-ID] o.s.d.r.c.RepositoryConfigurationDelegate - Multiple Spring Data modules found, entering strict repository configuration mode
2026-01-30 18:55:33,551 INFO  [main] [NO-ID] o.s.d.r.c.RepositoryConfigurationDelegate - Bootstrapping Spring Data JPA repositories in DEFAULT mode.
2026-01-30 18:55:33,615 INFO  [main] [NO-ID] o.s.b.f.s.DefaultListableBeanFactory - Overriding bean definition for bean 'settingRepository' with a different definition: replacing [Root bean: class=org.springframework.data.jdbc.repository.support.JdbcRepositoryFactoryBean; scope=; abstract=false; lazyInit=false; autowireMode=0; dependencyCheck=0; autowireCandidate=true; primary=false; fallback=false; factoryBeanName=null; factoryMethodName=null; initMethodNames=null; destroyMethodNames=null; defined in com.app.oopsly.api.repository.SettingRepository defined in @EnableJdbcRepositories declared on JdbcRepositoriesRegistrar.EnableJdbcRepositoriesConfiguration] with [Root bean: class=org.springframework.data.jpa.repository.support.JpaRepositoryFactoryBean; scope=; abstract=false; lazyInit=false; autowireMode=0; dependencyCheck=0; autowireCandidate=true; primary=false; fallback=false; factoryBeanName=null; factoryMethodName=null; initMethodNames=null; destroyMethodNames=null; defined in com.app.oopsly.api.repository.SettingRepository defined in @EnableJpaRepositories declared on JpaRepositoriesRegistrar.EnableJpaRepositoriesConfiguration]
2026-01-30 18:55:33,626 INFO  [main] [NO-ID] o.s.b.f.s.DefaultListableBeanFactory - Overriding bean definition for bean 'userRepository' with a different definition: replacing [Root bean: class=org.springframework.data.jdbc.repository.support.JdbcRepositoryFactoryBean; scope=; abstract=false; lazyInit=false; autowireMode=0; dependencyCheck=0; autowireCandidate=true; primary=false; fallback=false; factoryBeanName=null; factoryMethodName=null; initMethodNames=null; destroyMethodNames=null; defined in com.app.oopsly.api.repository.UserRepository defined in @EnableJdbcRepositories declared on JdbcRepositoriesRegistrar.EnableJdbcRepositoriesConfiguration] with [Root bean: class=org.springframework.data.jpa.repository.support.JpaRepositoryFactoryBean; scope=; abstract=false; lazyInit=false; autowireMode=0; dependencyCheck=0; autowireCandidate=true; primary=false; fallback=false; factoryBeanName=null; factoryMethodName=null; initMethodNames=null; destroyMethodNames=null; defined in com.app.oopsly.api.repository.UserRepository defined in @EnableJpaRepositories declared on JpaRepositoriesRegistrar.EnableJpaRepositoriesConfiguration]
2026-01-30 18:55:33,627 INFO  [main] [NO-ID] o.s.d.r.c.RepositoryConfigurationDelegate - Finished Spring Data repository scanning in 63 ms. Found 7 JPA repository interfaces.
2026-01-30 18:55:33,642 INFO  [main] [NO-ID] o.s.d.r.c.RepositoryConfigurationDelegate - Multiple Spring Data modules found, entering strict repository configuration mode
2026-01-30 18:55:33,644 INFO  [main] [NO-ID] o.s.d.r.c.RepositoryConfigurationDelegate - Bootstrapping Spring Data Redis repositories in DEFAULT mode.
2026-01-30 18:55:33,663 INFO  [main] [NO-ID] o.s.d.r.c.RepositoryConfigurationExtensionSupport - Spring Data Redis - Could not safely identify store assignment for repository candidate interface com.app.oopsly.api.repository.CardRepository; If you want this repository to be a Redis repository, consider annotating your entities with one of these annotations: org.springframework.data.redis.core.RedisHash (preferred), or consider extending one of the following types with your repository: org.springframework.data.keyvalue.repository.KeyValueRepository
2026-01-30 18:55:33,663 INFO  [main] [NO-ID] o.s.d.r.c.RepositoryConfigurationExtensionSupport - Spring Data Redis - Could not safely identify store assignment for repository candidate interface com.app.oopsly.api.repository.QuestionRepository; If you want this repository to be a Redis repository, consider annotating your entities with one of these annotations: org.springframework.data.redis.core.RedisHash (preferred), or consider extending one of the following types with your repository: org.springframework.data.keyvalue.repository.KeyValueRepository
2026-01-30 18:55:33,664 INFO  [main] [NO-ID] o.s.d.r.c.RepositoryConfigurationExtensionSupport - Spring Data Redis - Could not safely identify store assignment for repository candidate interface com.app.oopsly.api.repository.SettingRepository; If you want this repository to be a Redis repository, consider annotating your entities with one of these annotations: org.springframework.data.redis.core.RedisHash (preferred), or consider extending one of the following types with your repository: org.springframework.data.keyvalue.repository.KeyValueRepository
2026-01-30 18:55:33,665 INFO  [main] [NO-ID] o.s.d.r.c.RepositoryConfigurationExtensionSupport - Spring Data Redis - Could not safely identify store assignment for repository candidate interface com.app.oopsly.api.repository.ShelfRepository; If you want this repository to be a Redis repository, consider annotating your entities with one of these annotations: org.springframework.data.redis.core.RedisHash (preferred), or consider extending one of the following types with your repository: org.springframework.data.keyvalue.repository.KeyValueRepository
2026-01-30 18:55:33,665 INFO  [main] [NO-ID] o.s.d.r.c.RepositoryConfigurationExtensionSupport - Spring Data Redis - Could not safely identify store assignment for repository candidate interface com.app.oopsly.api.repository.SubjectRepository; If you want this repository to be a Redis repository, consider annotating your entities with one of these annotations: org.springframework.data.redis.core.RedisHash (preferred), or consider extending one of the following types with your repository: org.springframework.data.keyvalue.repository.KeyValueRepository
2026-01-30 18:55:33,666 INFO  [main] [NO-ID] o.s.d.r.c.RepositoryConfigurationExtensionSupport - Spring Data Redis - Could not safely identify store assignment for repository candidate interface com.app.oopsly.api.repository.TestSuiteRepository; If you want this repository to be a Redis repository, consider annotating your entities with one of these annotations: org.springframework.data.redis.core.RedisHash (preferred), or consider extending one of the following types with your repository: org.springframework.data.keyvalue.repository.KeyValueRepository
2026-01-30 18:55:33,666 INFO  [main] [NO-ID] o.s.d.r.c.RepositoryConfigurationExtensionSupport - Spring Data Redis - Could not safely identify store assignment for repository candidate interface com.app.oopsly.api.repository.UserRepository; If you want this repository to be a Redis repository, consider annotating your entities with one of these annotations: org.springframework.data.redis.core.RedisHash (preferred), or consider extending one of the following types with your repository: org.springframework.data.keyvalue.repository.KeyValueRepository
2026-01-30 18:55:33,667 INFO  [main] [NO-ID] o.s.d.r.c.RepositoryConfigurationDelegate - Finished Spring Data repository scanning in 9 ms. Found 0 Redis repository interfaces.
2026-01-30 18:55:35,608 INFO  [main] [NO-ID] o.s.b.w.e.tomcat.TomcatWebServer - Tomcat initialized with port 9009 (http)
2026-01-30 18:55:35,643 INFO  [main] [NO-ID] o.a.coyote.http11.Http11NioProtocol - Initializing ProtocolHandler ["http-nio-9009"]
2026-01-30 18:55:35,646 INFO  [main] [NO-ID] o.a.catalina.core.StandardService - Starting service [Tomcat]
2026-01-30 18:55:35,646 INFO  [main] [NO-ID] o.a.catalina.core.StandardEngine - Starting Servlet engine: [Apache Tomcat/10.1.49]
2026-01-30 18:55:35,742 INFO  [main] [NO-ID] o.a.c.c.C.[.[.[/api/v1/oopsly] - Initializing Spring embedded WebApplicationContext
2026-01-30 18:55:35,743 INFO  [main] [NO-ID] o.s.b.w.s.c.ServletWebServerApplicationContext - Root WebApplicationContext: initialization completed in 5307 ms
2026-01-30 18:55:37,315 INFO  [main] [NO-ID] o.s.o.j.p.SpringPersistenceUnitInfo - No LoadTimeWeaver setup: ignoring JPA class transformer
2026-01-30 18:55:37,401 INFO  [main] [NO-ID] com.zaxxer.hikari.HikariDataSource - HikariPool-1 - Starting...
2026-01-30 18:55:37,699 INFO  [main] [NO-ID] com.zaxxer.hikari.pool.HikariPool - HikariPool-1 - Added connection org.postgresql.jdbc.PgConnection@25639668
2026-01-30 18:55:37,702 INFO  [main] [NO-ID] com.zaxxer.hikari.HikariDataSource - HikariPool-1 - Start completed.
2026-01-30 18:55:40,986 INFO  [main] [NO-ID] o.s.o.j.LocalContainerEntityManagerFactoryBean - Initialized JPA EntityManagerFactory for persistence unit 'default'
2026-01-30 18:55:41,845 INFO  [main] [NO-ID] o.s.d.j.r.query.QueryEnhancerFactory - Hibernate is in classpath; If applicable, HQL parser will be used.
2026-01-30 18:55:46,279 WARN  [main] [NO-ID] o.s.b.a.o.j.JpaBaseConfiguration$JpaWebConfiguration - spring.jpa.open-in-view is enabled by default. Therefore, database queries may be performed during view rendering. Explicitly configure spring.jpa.open-in-view to disable this warning
2026-01-30 18:55:47,743 INFO  [main] [NO-ID] o.s.b.a.e.web.EndpointLinksResolver - Exposing 1 endpoint beneath base path '/actuator'
2026-01-30 18:55:47,864 WARN  [main] [NO-ID] o.s.b.a.s.s.UserDetailsServiceAutoConfiguration - 

Using generated security password: b92dbbcd-4297-4559-a3d6-a02628aff020

This generated password is for development use only. Your security configuration must be updated before running your application in production.

2026-01-30 18:55:47,888 INFO  [main] [NO-ID] o.s.s.c.a.a.c.InitializeUserDetailsBeanManagerConfigurer$InitializeUserDetailsManagerConfigurer - Global AuthenticationManager configured with UserDetailsService bean with name inMemoryUserDetailsManager
2026-01-30 18:55:48,016 WARN  [main] [NO-ID] o.s.s.c.a.w.c.AuthorizeHttpRequestsConfigurer$AuthorizationManagerRequestMatcherRegistry - One of the patterns in [/otp/**, /actuator/health, **/refresh-token, /swagger-ui/**, /api-docs/**] is missing a leading slash. This is discouraged; please include the leading slash in all your request matcher patterns. In future versions of Spring Security, leaving out the leading slash will result in an exception.
2026-01-30 18:55:51,308 INFO  [main] [NO-ID] o.a.coyote.http11.Http11NioProtocol - Starting ProtocolHandler ["http-nio-9009"]
2026-01-30 18:55:51,344 INFO  [main] [NO-ID] o.s.b.w.e.tomcat.TomcatWebServer - Tomcat started on port 9009 (http) with context path '/api/v1/oopsly'
2026-01-30 18:55:51,399 INFO  [main] [NO-ID] com.app.oopsly.api.ApiApplication - Started ApiApplication in 22.056 seconds (process running for 23.524)
2026-01-30 18:56:16,064 INFO  [tomcat-handler-0] [NO-ID] o.a.c.c.C.[.[.[/api/v1/oopsly] - Initializing Spring DispatcherServlet 'dispatcherServlet'
2026-01-30 18:56:16,065 INFO  [tomcat-handler-0] [NO-ID] o.s.web.servlet.DispatcherServlet - Initializing Servlet 'dispatcherServlet'
2026-01-30 18:56:16,069 INFO  [tomcat-handler-0] [NO-ID] o.s.web.servlet.DispatcherServlet - Completed initialization in 4 ms
2026-01-30 18:59:40,438 WARN  [HikariPool-1:housekeeper] [NO-ID] com.zaxxer.hikari.pool.HikariPool - HikariPool-1 - Thread starvation or clock leap detected (housekeeper delta=3m27s50ms397µs134ns).
2026-01-30 18:59:40,524 INFO  [tomcat-handler-0] [NO-ID] c.a.o.a.c.JwtAuthenticationFilter - Filtering request: /api/v1/oopsly/otp/validate
2026-01-30 18:59:40,524 WARN  [tomcat-handler-0] [NO-ID] c.a.o.a.c.JwtAuthenticationFilter - Authorization header not present
2026-01-30 18:59:40,602 INFO  [tomcat-handler-0] [NO-ID] c.a.oopsly.api.config.LoggingConfig - Request: OPTIONS /api/v1/oopsly/otp/validate | Status: 200 | 160 ms
2026-01-30 18:59:50,834 INFO  [tomcat-handler-1] [54f5d141-1ba4-410b-9e05-2fdcabd791c5] c.a.o.a.c.JwtAuthenticationFilter - Filtering request: /api/v1/oopsly/otp/validate
2026-01-30 18:59:50,834 WARN  [tomcat-handler-1] [54f5d141-1ba4-410b-9e05-2fdcabd791c5] c.a.o.a.c.JwtAuthenticationFilter - Authorization header not present
2026-01-30 18:59:51,150 INFO  [tomcat-handler-1] [54f5d141-1ba4-410b-9e05-2fdcabd791c5] c.a.o.a.service.impl.OTPServiceImpl - Checking OTP for hao.e4work
2026-01-30 18:59:51,925 INFO  [tomcat-handler-1] [54f5d141-1ba4-410b-9e05-2fdcabd791c5] c.a.oopsly.api.config.LoggingConfig - Request: POST /api/v1/oopsly/otp/validate | Status: 404 | 1092 ms
2026-01-30 19:01:30,694 INFO  [tomcat-handler-3] [19428d02-129b-4579-9c18-b0800bba498a] c.a.o.a.c.JwtAuthenticationFilter - Filtering request: /api/v1/oopsly/otp/validate
2026-01-30 19:01:30,695 WARN  [tomcat-handler-3] [19428d02-129b-4579-9c18-b0800bba498a] c.a.o.a.c.JwtAuthenticationFilter - Authorization header not present
2026-01-30 19:01:30,699 INFO  [tomcat-handler-3] [19428d02-129b-4579-9c18-b0800bba498a] c.a.o.a.service.impl.OTPServiceImpl - Checking OTP for hao.e4work
2026-01-30 19:01:30,706 INFO  [tomcat-handler-3] [19428d02-129b-4579-9c18-b0800bba498a] c.a.oopsly.api.config.LoggingConfig - Request: POST /api/v1/oopsly/otp/validate | Status: 404 | 15 ms
2026-01-30 19:08:24,315 INFO  [SpringApplicationShutdownHook] [NO-ID] o.s.b.w.e.tomcat.GracefulShutdown - Commencing graceful shutdown. Waiting for active requests to complete
2026-01-30 19:08:24,320 INFO  [tomcat-shutdown] [NO-ID] o.s.b.w.e.tomcat.GracefulShutdown - Graceful shutdown complete
2026-01-30 19:08:24,356 INFO  [SpringApplicationShutdownHook] [NO-ID] o.s.o.j.LocalContainerEntityManagerFactoryBean - Closing JPA EntityManagerFactory for persistence unit 'default'
2026-01-30 19:08:24,361 INFO  [SpringApplicationShutdownHook] [NO-ID] com.zaxxer.hikari.HikariDataSource - HikariPool-1 - Shutdown initiated...
2026-01-30 19:08:24,368 INFO  [SpringApplicationShutdownHook] [NO-ID] com.zaxxer.hikari.HikariDataSource - HikariPool-1 - Shutdown completed.
2026-01-30 19:08:38,735 INFO  [main] [NO-ID] com.app.oopsly.api.ApiApplication - Starting ApiApplication using Java 21.0.5 with PID 366260 (/home/hal/dev/osmosis/api/build/classes/java/main started by hal in /home/hal/dev/osmosis/api)
2026-01-30 19:08:38,738 INFO  [main] [NO-ID] com.app.oopsly.api.ApiApplication - No active profile set, falling back to 1 default profile: "default"
2026-01-30 19:08:40,755 INFO  [main] [NO-ID] o.s.d.r.c.RepositoryConfigurationDelegate - Multiple Spring Data modules found, entering strict repository configuration mode
2026-01-30 19:08:40,758 INFO  [main] [NO-ID] o.s.d.r.c.RepositoryConfigurationDelegate - Bootstrapping Spring Data JDBC repositories in DEFAULT mode.
2026-01-30 19:08:40,832 INFO  [main] [NO-ID] o.s.d.r.c.RepositoryConfigurationExtensionSupport - Spring Data JDBC - Could not safely identify store assignment for repository candidate interface com.app.oopsly.api.repository.CardRepository; If you want this repository to be a JDBC repository, consider annotating your entities with one of these annotations: org.springframework.data.relational.core.mapping.Table.
2026-01-30 19:08:40,833 INFO  [main] [NO-ID] o.s.d.r.c.RepositoryConfigurationExtensionSupport - Spring Data JDBC - Could not safely identify store assignment for repository candidate interface com.app.oopsly.api.repository.QuestionRepository; If you want this repository to be a JDBC repository, consider annotating your entities with one of these annotations: org.springframework.data.relational.core.mapping.Table.
2026-01-30 19:08:40,945 INFO  [main] [NO-ID] o.s.d.r.c.RepositoryConfigurationExtensionSupport - Spring Data JDBC - Could not safely identify store assignment for repository candidate interface com.app.oopsly.api.repository.ShelfRepository; If you want this repository to be a JDBC repository, consider annotating your entities with one of these annotations: org.springframework.data.relational.core.mapping.Table.
2026-01-30 19:08:40,947 INFO  [main] [NO-ID] o.s.d.r.c.RepositoryConfigurationExtensionSupport - Spring Data JDBC - Could not safely identify store assignment for repository candidate interface com.app.oopsly.api.repository.SubjectRepository; If you want this repository to be a JDBC repository, consider annotating your entities with one of these annotations: org.springframework.data.relational.core.mapping.Table.
2026-01-30 19:08:40,949 INFO  [main] [NO-ID] o.s.d.r.c.RepositoryConfigurationExtensionSupport - Spring Data JDBC - Could not safely identify store assignment for repository candidate interface com.app.oopsly.api.repository.TestSuiteRepository; If you want this repository to be a JDBC repository, consider annotating your entities with one of these annotations: org.springframework.data.relational.core.mapping.Table.
2026-01-30 19:08:40,998 INFO  [main] [NO-ID] o.s.d.r.c.RepositoryConfigurationDelegate - Finished Spring Data repository scanning in 228 ms. Found 2 JDBC repository interfaces.
2026-01-30 19:08:41,014 INFO  [main] [NO-ID] o.s.d.r.c.RepositoryConfigurationDelegate - Multiple Spring Data modules found, entering strict repository configuration mode
2026-01-30 19:08:41,015 INFO  [main] [NO-ID] o.s.d.r.c.RepositoryConfigurationDelegate - Bootstrapping Spring Data JPA repositories in DEFAULT mode.
2026-01-30 19:08:41,044 INFO  [main] [NO-ID] o.s.b.f.s.DefaultListableBeanFactory - Overriding bean definition for bean 'userRepository' with a different definition: replacing [Root bean: class=org.springframework.data.jdbc.repository.support.JdbcRepositoryFactoryBean; scope=; abstract=false; lazyInit=false; autowireMode=0; dependencyCheck=0; autowireCandidate=true; primary=false; fallback=false; factoryBeanName=null; factoryMethodName=null; initMethodNames=null; destroyMethodNames=null; defined in com.app.oopsly.api.repository.UserRepository defined in @EnableJdbcRepositories declared on JdbcRepositoriesRegistrar.EnableJdbcRepositoriesConfiguration] with [Root bean: class=org.springframework.data.jpa.repository.support.JpaRepositoryFactoryBean; scope=; abstract=false; lazyInit=false; autowireMode=0; dependencyCheck=0; autowireCandidate=true; primary=false; fallback=false; factoryBeanName=null; factoryMethodName=null; initMethodNames=null; destroyMethodNames=null; defined in com.app.oopsly.api.repository.UserRepository defined in @EnableJpaRepositories declared on JpaRepositoriesRegistrar.EnableJpaRepositoriesConfiguration]
2026-01-30 19:08:41,050 INFO  [main] [NO-ID] o.s.b.f.s.DefaultListableBeanFactory - Overriding bean definition for bean 'settingRepository' with a different definition: replacing [Root bean: class=org.springframework.data.jdbc.repository.support.JdbcRepositoryFactoryBean; scope=; abstract=false; lazyInit=false; autowireMode=0; dependencyCheck=0; autowireCandidate=true; primary=false; fallback=false; factoryBeanName=null; factoryMethodName=null; initMethodNames=null; destroyMethodNames=null; defined in com.app.oopsly.api.repository.SettingRepository defined in @EnableJdbcRepositories declared on JdbcRepositoriesRegistrar.EnableJdbcRepositoriesConfiguration] with [Root bean: class=org.springframework.data.jpa.repository.support.JpaRepositoryFactoryBean; scope=; abstract=false; lazyInit=false; autowireMode=0; dependencyCheck=0; autowireCandidate=true; primary=false; fallback=false; factoryBeanName=null; factoryMethodName=null; initMethodNames=null; destroyMethodNames=null; defined in com.app.oopsly.api.repository.SettingRepository defined in @EnableJpaRepositories declared on JpaRepositoriesRegistrar.EnableJpaRepositoriesConfiguration]
2026-01-30 19:08:41,052 INFO  [main] [NO-ID] o.s.d.r.c.RepositoryConfigurationDelegate - Finished Spring Data repository scanning in 29 ms. Found 7 JPA repository interfaces.
2026-01-30 19:08:41,068 INFO  [main] [NO-ID] o.s.d.r.c.RepositoryConfigurationDelegate - Multiple Spring Data modules found, entering strict repository configuration mode
2026-01-30 19:08:41,070 INFO  [main] [NO-ID] o.s.d.r.c.RepositoryConfigurationDelegate - Bootstrapping Spring Data Redis repositories in DEFAULT mode.
2026-01-30 19:08:41,106 INFO  [main] [NO-ID] o.s.d.r.c.RepositoryConfigurationExtensionSupport - Spring Data Redis - Could not safely identify store assignment for repository candidate interface com.app.oopsly.api.repository.CardRepository; If you want this repository to be a Redis repository, consider annotating your entities with one of these annotations: org.springframework.data.redis.core.RedisHash (preferred), or consider extending one of the following types with your repository: org.springframework.data.keyvalue.repository.KeyValueRepository
2026-01-30 19:08:41,107 INFO  [main] [NO-ID] o.s.d.r.c.RepositoryConfigurationExtensionSupport - Spring Data Redis - Could not safely identify store assignment for repository candidate interface com.app.oopsly.api.repository.QuestionRepository; If you want this repository to be a Redis repository, consider annotating your entities with one of these annotations: org.springframework.data.redis.core.RedisHash (preferred), or consider extending one of the following types with your repository: org.springframework.data.keyvalue.repository.KeyValueRepository
2026-01-30 19:08:41,107 INFO  [main] [NO-ID] o.s.d.r.c.RepositoryConfigurationExtensionSupport - Spring Data Redis - Could not safely identify store assignment for repository candidate interface com.app.oopsly.api.repository.SettingRepository; If you want this repository to be a Redis repository, consider annotating your entities with one of these annotations: org.springframework.data.redis.core.RedisHash (preferred), or consider extending one of the following types with your repository: org.springframework.data.keyvalue.repository.KeyValueRepository
2026-01-30 19:08:41,108 INFO  [main] [NO-ID] o.s.d.r.c.RepositoryConfigurationExtensionSupport - Spring Data Redis - Could not safely identify store assignment for repository candidate interface com.app.oopsly.api.repository.ShelfRepository; If you want this repository to be a Redis repository, consider annotating your entities with one of these annotations: org.springframework.data.redis.core.RedisHash (preferred), or consider extending one of the following types with your repository: org.springframework.data.keyvalue.repository.KeyValueRepository
2026-01-30 19:08:41,109 INFO  [main] [NO-ID] o.s.d.r.c.RepositoryConfigurationExtensionSupport - Spring Data Redis - Could not safely identify store assignment for repository candidate interface com.app.oopsly.api.repository.SubjectRepository; If you want this repository to be a Redis repository, consider annotating your entities with one of these annotations: org.springframework.data.redis.core.RedisHash (preferred), or consider extending one of the following types with your repository: org.springframework.data.keyvalue.repository.KeyValueRepository
2026-01-30 19:08:41,109 INFO  [main] [NO-ID] o.s.d.r.c.RepositoryConfigurationExtensionSupport - Spring Data Redis - Could not safely identify store assignment for repository candidate interface com.app.oopsly.api.repository.TestSuiteRepository; If you want this repository to be a Redis repository, consider annotating your entities with one of these annotations: org.springframework.data.redis.core.RedisHash (preferred), or consider extending one of the following types with your repository: org.springframework.data.keyvalue.repository.KeyValueRepository
2026-01-30 19:08:41,110 INFO  [main] [NO-ID] o.s.d.r.c.RepositoryConfigurationExtensionSupport - Spring Data Redis - Could not safely identify store assignment for repository candidate interface com.app.oopsly.api.repository.UserRepository; If you want this repository to be a Redis repository, consider annotating your entities with one of these annotations: org.springframework.data.redis.core.RedisHash (preferred), or consider extending one of the following types with your repository: org.springframework.data.keyvalue.repository.KeyValueRepository
2026-01-30 19:08:41,110 INFO  [main] [NO-ID] o.s.d.r.c.RepositoryConfigurationDelegate - Finished Spring Data repository scanning in 15 ms. Found 0 Redis repository interfaces.
2026-01-30 19:08:42,607 INFO  [main] [NO-ID] o.s.b.w.e.tomcat.TomcatWebServer - Tomcat initialized with port 9009 (http)
2026-01-30 19:08:42,626 INFO  [main] [NO-ID] o.a.coyote.http11.Http11NioProtocol - Initializing ProtocolHandler ["http-nio-9009"]
2026-01-30 19:08:42,628 INFO  [main] [NO-ID] o.a.catalina.core.StandardService - Starting service [Tomcat]
2026-01-30 19:08:42,630 INFO  [main] [NO-ID] o.a.catalina.core.StandardEngine - Starting Servlet engine: [Apache Tomcat/10.1.49]
2026-01-30 19:08:42,729 INFO  [main] [NO-ID] o.a.c.c.C.[.[.[/api/v1/oopsly] - Initializing Spring embedded WebApplicationContext
2026-01-30 19:08:42,730 INFO  [main] [NO-ID] o.s.b.w.s.c.ServletWebServerApplicationContext - Root WebApplicationContext: initialization completed in 3901 ms
2026-01-30 19:08:44,878 INFO  [main] [NO-ID] o.s.o.j.p.SpringPersistenceUnitInfo - No LoadTimeWeaver setup: ignoring JPA class transformer
2026-01-30 19:08:44,930 INFO  [main] [NO-ID] com.zaxxer.hikari.HikariDataSource - HikariPool-1 - Starting...
2026-01-30 19:08:45,208 INFO  [main] [NO-ID] com.zaxxer.hikari.pool.HikariPool - HikariPool-1 - Added connection org.postgresql.jdbc.PgConnection@77afdbc5
2026-01-30 19:08:45,212 INFO  [main] [NO-ID] com.zaxxer.hikari.HikariDataSource - HikariPool-1 - Start completed.
2026-01-30 19:08:47,384 INFO  [main] [NO-ID] o.s.o.j.LocalContainerEntityManagerFactoryBean - Initialized JPA EntityManagerFactory for persistence unit 'default'
2026-01-30 19:08:48,009 INFO  [main] [NO-ID] o.s.d.j.r.query.QueryEnhancerFactory - Hibernate is in classpath; If applicable, HQL parser will be used.
2026-01-30 19:08:50,320 WARN  [main] [NO-ID] o.s.b.a.o.j.JpaBaseConfiguration$JpaWebConfiguration - spring.jpa.open-in-view is enabled by default. Therefore, database queries may be performed during view rendering. Explicitly configure spring.jpa.open-in-view to disable this warning
2026-01-30 19:08:51,473 INFO  [main] [NO-ID] o.s.b.a.e.web.EndpointLinksResolver - Exposing 1 endpoint beneath base path '/actuator'
2026-01-30 19:08:51,549 WARN  [main] [NO-ID] o.s.b.a.s.s.UserDetailsServiceAutoConfiguration - 

Using generated security password: 1daa7a3e-03de-4c9e-843e-9ef87a315d08

This generated password is for development use only. Your security configuration must be updated before running your application in production.

2026-01-30 19:08:51,565 INFO  [main] [NO-ID] o.s.s.c.a.a.c.InitializeUserDetailsBeanManagerConfigurer$InitializeUserDetailsManagerConfigurer - Global AuthenticationManager configured with UserDetailsService bean with name inMemoryUserDetailsManager
2026-01-30 19:08:51,666 WARN  [main] [NO-ID] o.s.s.c.a.w.c.AuthorizeHttpRequestsConfigurer$AuthorizationManagerRequestMatcherRegistry - One of the patterns in [/otp/**, /actuator/health, **/refresh-token, /swagger-ui/**, /api-docs/**] is missing a leading slash. This is discouraged; please include the leading slash in all your request matcher patterns. In future versions of Spring Security, leaving out the leading slash will result in an exception.
2026-01-30 19:08:53,685 INFO  [main] [NO-ID] o.a.coyote.http11.Http11NioProtocol - Starting ProtocolHandler ["http-nio-9009"]
2026-01-30 19:08:53,707 INFO  [main] [NO-ID] o.s.b.w.e.tomcat.TomcatWebServer - Tomcat started on port 9009 (http) with context path '/api/v1/oopsly'
2026-01-30 19:08:53,728 INFO  [main] [NO-ID] com.app.oopsly.api.ApiApplication - Started ApiApplication in 15.863 seconds (process running for 16.913)
2026-01-30 19:09:57,813 INFO  [SpringApplicationShutdownHook] [NO-ID] o.s.b.w.e.tomcat.GracefulShutdown - Commencing graceful shutdown. Waiting for active requests to complete
2026-01-30 19:09:57,821 INFO  [tomcat-shutdown] [NO-ID] o.s.b.w.e.tomcat.GracefulShutdown - Graceful shutdown complete
2026-01-30 19:09:57,857 INFO  [SpringApplicationShutdownHook] [NO-ID] o.s.o.j.LocalContainerEntityManagerFactoryBean - Closing JPA EntityManagerFactory for persistence unit 'default'
2026-01-30 19:09:57,863 INFO  [SpringApplicationShutdownHook] [NO-ID] com.zaxxer.hikari.HikariDataSource - HikariPool-1 - Shutdown initiated...
2026-01-30 19:09:57,872 INFO  [SpringApplicationShutdownHook] [NO-ID] com.zaxxer.hikari.HikariDataSource - HikariPool-1 - Shutdown completed.
2026-01-30 19:11:39,834 [34mINFO [0;39m [[34mmain[0;39m] [33m[XID: NO-ID][0;39m [32mcom.app.oopsly.api.ApiApplication[0;39m - Starting ApiApplication using Java 21.0.5 with PID 395746 (/home/hal/dev/osmosis/api/build/classes/java/main started by hal in /home/hal/dev/osmosis/api)
2026-01-30 19:11:39,842 [34mINFO [0;39m [[34mmain[0;39m] [33m[XID: NO-ID][0;39m [32mcom.app.oopsly.api.ApiApplication[0;39m - No active profile set, falling back to 1 default profile: "default"
2026-01-30 19:11:44,541 [34mINFO [0;39m [[34mmain[0;39m] [33m[XID: NO-ID][0;39m [32mo.s.d.r.c.RepositoryConfigurationDelegate[0;39m - Multiple Spring Data modules found, entering strict repository configuration mode
2026-01-30 19:11:44,549 [34mINFO [0;39m [[34mmain[0;39m] [33m[XID: NO-ID][0;39m [32mo.s.d.r.c.RepositoryConfigurationDelegate[0;39m - Bootstrapping Spring Data JDBC repositories in DEFAULT mode.
2026-01-30 19:11:44,725 [34mINFO [0;39m [[34mmain[0;39m] [33m[XID: NO-ID][0;39m [32mo.s.d.r.c.RepositoryConfigurationExtensionSupport[0;39m - Spring Data JDBC - Could not safely identify store assignment for repository candidate interface com.app.oopsly.api.repository.CardRepository; If you want this repository to be a JDBC repository, consider annotating your entities with one of these annotations: org.springframework.data.relational.core.mapping.Table.
2026-01-30 19:11:44,728 [34mINFO [0;39m [[34mmain[0;39m] [33m[XID: NO-ID][0;39m [32mo.s.d.r.c.RepositoryConfigurationExtensionSupport[0;39m - Spring Data JDBC - Could not safely identify store assignment for repository candidate interface com.app.oopsly.api.repository.QuestionRepository; If you want this repository to be a JDBC repository, consider annotating your entities with one of these annotations: org.springframework.data.relational.core.mapping.Table.
2026-01-30 19:11:45,043 [34mINFO [0;39m [[34mmain[0;39m] [33m[XID: NO-ID][0;39m [32mo.s.d.r.c.RepositoryConfigurationExtensionSupport[0;39m - Spring Data JDBC - Could not safely identify store assignment for repository candidate interface com.app.oopsly.api.repository.ShelfRepository; If you want this repository to be a JDBC repository, consider annotating your entities with one of these annotations: org.springframework.data.relational.core.mapping.Table.
2026-01-30 19:11:45,046 [34mINFO [0;39m [[34mmain[0;39m] [33m[XID: NO-ID][0;39m [32mo.s.d.r.c.RepositoryConfigurationExtensionSupport[0;39m - Spring Data JDBC - Could not safely identify store assignment for repository candidate interface com.app.oopsly.api.repository.SubjectRepository; If you want this repository to be a JDBC repository, consider annotating your entities with one of these annotations: org.springframework.data.relational.core.mapping.Table.
2026-01-30 19:11:45,049 [34mINFO [0;39m [[34mmain[0;39m] [33m[XID: NO-ID][0;39m [32mo.s.d.r.c.RepositoryConfigurationExtensionSupport[0;39m - Spring Data JDBC - Could not safely identify store assignment for repository candidate interface com.app.oopsly.api.repository.TestSuiteRepository; If you want this repository to be a JDBC repository, consider annotating your entities with one of these annotations: org.springframework.data.relational.core.mapping.Table.
2026-01-30 19:11:45,128 [34mINFO [0;39m [[34mmain[0;39m] [33m[XID: NO-ID][0;39m [32mo.s.d.r.c.RepositoryConfigurationDelegate[0;39m - Finished Spring Data repository scanning in 556 ms. Found 2 JDBC repository interfaces.
2026-01-30 19:11:45,156 [34mINFO [0;39m [[34mmain[0;39m] [33m[XID: NO-ID][0;39m [32mo.s.d.r.c.RepositoryConfigurationDelegate[0;39m - Multiple Spring Data modules found, entering strict repository configuration mode
2026-01-30 19:11:45,159 [34mINFO [0;39m [[34mmain[0;39m] [33m[XID: NO-ID][0;39m [32mo.s.d.r.c.RepositoryConfigurationDelegate[0;39m - Bootstrapping Spring Data JPA repositories in DEFAULT mode.
2026-01-30 19:11:45,218 [34mINFO [0;39m [[34mmain[0;39m] [33m[XID: NO-ID][0;39m [32mo.s.b.f.s.DefaultListableBeanFactory[0;39m - Overriding bean definition for bean 'settingRepository' with a different definition: replacing [Root bean: class=org.springframework.data.jdbc.repository.support.JdbcRepositoryFactoryBean; scope=; abstract=false; lazyInit=false; autowireMode=0; dependencyCheck=0; autowireCandidate=true; primary=false; fallback=false; factoryBeanName=null; factoryMethodName=null; initMethodNames=null; destroyMethodNames=null; defined in com.app.oopsly.api.repository.SettingRepository defined in @EnableJdbcRepositories declared on JdbcRepositoriesRegistrar.EnableJdbcRepositoriesConfiguration] with [Root bean: class=org.springframework.data.jpa.repository.support.JpaRepositoryFactoryBean; scope=; abstract=false; lazyInit=false; autowireMode=0; dependencyCheck=0; autowireCandidate=true; primary=false; fallback=false; factoryBeanName=null; factoryMethodName=null; initMethodNames=null; destroyMethodNames=null; defined in com.app.oopsly.api.repository.SettingRepository defined in @EnableJpaRepositories declared on JpaRepositoriesRegistrar.EnableJpaRepositoriesConfiguration]
2026-01-30 19:11:45,228 [34mINFO [0;39m [[34mmain[0;39m] [33m[XID: NO-ID][0;39m [32mo.s.b.f.s.DefaultListableBeanFactory[0;39m - Overriding bean definition for bean 'userRepository' with a different definition: replacing [Root bean: class=org.springframework.data.jdbc.repository.support.JdbcRepositoryFactoryBean; scope=; abstract=false; lazyInit=false; autowireMode=0; dependencyCheck=0; autowireCandidate=true; primary=false; fallback=false; factoryBeanName=null; factoryMethodName=null; initMethodNames=null; destroyMethodNames=null; defined in com.app.oopsly.api.repository.UserRepository defined in @EnableJdbcRepositories declared on JdbcRepositoriesRegistrar.EnableJdbcRepositoriesConfiguration] with [Root bean: class=org.springframework.data.jpa.repository.support.JpaRepositoryFactoryBean; scope=; abstract=false; lazyInit=false; autowireMode=0; dependencyCheck=0; autowireCandidate=true; primary=false; fallback=false; factoryBeanName=null; factoryMethodName=null; initMethodNames=null; destroyMethodNames=null; defined in com.app.oopsly.api.repository.UserRepository defined in @EnableJpaRepositories declared on JpaRepositoriesRegistrar.EnableJpaRepositoriesConfiguration]
2026-01-30 19:11:45,238 [34mINFO [0;39m [[34mmain[0;39m] [33m[XID: NO-ID][0;39m [32mo.s.d.r.c.RepositoryConfigurationDelegate[0;39m - Finished Spring Data repository scanning in 64 ms. Found 7 JPA repository interfaces.
2026-01-30 19:11:45,312 [34mINFO [0;39m [[34mmain[0;39m] [33m[XID: NO-ID][0;39m [32mo.s.d.r.c.RepositoryConfigurationDelegate[0;39m - Multiple Spring Data modules found, entering strict repository configuration mode
2026-01-30 19:11:45,326 [34mINFO [0;39m [[34mmain[0;39m] [33m[XID: NO-ID][0;39m [32mo.s.d.r.c.RepositoryConfigurationDelegate[0;39m - Bootstrapping Spring Data Redis repositories in DEFAULT mode.
2026-01-30 19:11:45,588 [34mINFO [0;39m [[34mmain[0;39m] [33m[XID: NO-ID][0;39m [32mo.s.d.r.c.RepositoryConfigurationExtensionSupport[0;39m - Spring Data Redis - Could not safely identify store assignment for repository candidate interface com.app.oopsly.api.repository.CardRepository; If you want this repository to be a Redis repository, consider annotating your entities with one of these annotations: org.springframework.data.redis.core.RedisHash (preferred), or consider extending one of the following types with your repository: org.springframework.data.keyvalue.repository.KeyValueRepository
2026-01-30 19:11:45,590 [34mINFO [0;39m [[34mmain[0;39m] [33m[XID: NO-ID][0;39m [32mo.s.d.r.c.RepositoryConfigurationExtensionSupport[0;39m - Spring Data Redis - Could not safely identify store assignment for repository candidate interface com.app.oopsly.api.repository.QuestionRepository; If you want this repository to be a Redis repository, consider annotating your entities with one of these annotations: org.springframework.data.redis.core.RedisHash (preferred), or consider extending one of the following types with your repository: org.springframework.data.keyvalue.repository.KeyValueRepository
2026-01-30 19:11:45,590 [34mINFO [0;39m [[34mmain[0;39m] [33m[XID: NO-ID][0;39m [32mo.s.d.r.c.RepositoryConfigurationExtensionSupport[0;39m - Spring Data Redis - Could not safely identify store assignment for repository candidate interface com.app.oopsly.api.repository.SettingRepository; If you want this repository to be a Redis repository, consider annotating your entities with one of these annotations: org.springframework.data.redis.core.RedisHash (preferred), or consider extending one of the following types with your repository: org.springframework.data.keyvalue.repository.KeyValueRepository
2026-01-30 19:11:45,592 [34mINFO [0;39m [[34mmain[0;39m] [33m[XID: NO-ID][0;39m [32mo.s.d.r.c.RepositoryConfigurationExtensionSupport[0;39m - Spring Data Redis - Could not safely identify store assignment for repository candidate interface com.app.oopsly.api.repository.ShelfRepository; If you want this repository to be a Redis repository, consider annotating your entities with one of these annotations: org.springframework.data.redis.core.RedisHash (preferred), or consider extending one of the following types with your repository: org.springframework.data.keyvalue.repository.KeyValueRepository
2026-01-30 19:11:45,593 [34mINFO [0;39m [[34mmain[0;39m] [33m[XID: NO-ID][0;39m [32mo.s.d.r.c.RepositoryConfigurationExtensionSupport[0;39m - Spring Data Redis - Could not safely identify store assignment for repository candidate interface com.app.oopsly.api.repository.SubjectRepository; If you want this repository to be a Redis repository, consider annotating your entities with one of these annotations: org.springframework.data.redis.core.RedisHash (preferred), or consider extending one of the following types with your repository: org.springframework.data.keyvalue.repository.KeyValueRepository
2026-01-30 19:11:45,593 [34mINFO [0;39m [[34mmain[0;39m] [33m[XID: NO-ID][0;39m [32mo.s.d.r.c.RepositoryConfigurationExtensionSupport[0;39m - Spring Data Redis - Could not safely identify store assignment for repository candidate interface com.app.oopsly.api.repository.TestSuiteRepository; If you want this repository to be a Redis repository, consider annotating your entities with one of these annotations: org.springframework.data.redis.core.RedisHash (preferred), or consider extending one of the following types with your repository: org.springframework.data.keyvalue.repository.KeyValueRepository
2026-01-30 19:11:45,594 [34mINFO [0;39m [[34mmain[0;39m] [33m[XID: NO-ID][0;39m [32mo.s.d.r.c.RepositoryConfigurationExtensionSupport[0;39m - Spring Data Redis - Could not safely identify store assignment for repository candidate interface com.app.oopsly.api.repository.UserRepository; If you want this repository to be a Redis repository, consider annotating your entities with one of these annotations: org.springframework.data.redis.core.RedisHash (preferred), or consider extending one of the following types with your repository: org.springframework.data.keyvalue.repository.KeyValueRepository
2026-01-30 19:11:45,595 [34mINFO [0;39m [[34mmain[0;39m] [33m[XID: NO-ID][0;39m [32mo.s.d.r.c.RepositoryConfigurationDelegate[0;39m - Finished Spring Data repository scanning in 75 ms. Found 0 Redis repository interfaces.
2026-01-30 19:11:50,537 [34mINFO [0;39m [[34mmain[0;39m] [33m[XID: NO-ID][0;39m [32mo.s.b.w.e.tomcat.TomcatWebServer[0;39m - Tomcat initialized with port 9009 (http)
2026-01-30 19:11:50,627 [34mINFO [0;39m [[34mmain[0;39m] [33m[XID: NO-ID][0;39m [32mo.a.coyote.http11.Http11NioProtocol[0;39m - Initializing ProtocolHandler ["http-nio-9009"]
2026-01-30 19:11:50,632 [34mINFO [0;39m [[34mmain[0;39m] [33m[XID: NO-ID][0;39m [32mo.a.catalina.core.StandardService[0;39m - Starting service [Tomcat]
2026-01-30 19:11:50,633 [34mINFO [0;39m [[34mmain[0;39m] [33m[XID: NO-ID][0;39m [32mo.a.catalina.core.StandardEngine[0;39m - Starting Servlet engine: [Apache Tomcat/10.1.49]
2026-01-30 19:11:51,059 [34mINFO [0;39m [[34mmain[0;39m] [33m[XID: NO-ID][0;39m [32mo.a.c.c.C.[.[.[/api/v1/oopsly][0;39m - Initializing Spring embedded WebApplicationContext
2026-01-30 19:11:51,060 [34mINFO [0;39m [[34mmain[0;39m] [33m[XID: NO-ID][0;39m [32mo.s.b.w.s.c.ServletWebServerApplicationContext[0;39m - Root WebApplicationContext: initialization completed in 11063 ms
2026-01-30 19:11:54,597 [34mINFO [0;39m [[34mmain[0;39m] [33m[XID: NO-ID][0;39m [32mo.s.o.j.p.SpringPersistenceUnitInfo[0;39m - No LoadTimeWeaver setup: ignoring JPA class transformer
2026-01-30 19:11:54,796 [34mINFO [0;39m [[34mmain[0;39m] [33m[XID: NO-ID][0;39m [32mcom.zaxxer.hikari.HikariDataSource[0;39m - HikariPool-1 - Starting...
2026-01-30 19:11:55,386 [34mINFO [0;39m [[34mmain[0;39m] [33m[XID: NO-ID][0;39m [32mcom.zaxxer.hikari.pool.HikariPool[0;39m - HikariPool-1 - Added connection org.postgresql.jdbc.PgConnection@1a13b5c1
2026-01-30 19:11:55,391 [34mINFO [0;39m [[34mmain[0;39m] [33m[XID: NO-ID][0;39m [32mcom.zaxxer.hikari.HikariDataSource[0;39m - HikariPool-1 - Start completed.
2026-01-30 19:11:58,674 [34mINFO [0;39m [[34mmain[0;39m] [33m[XID: NO-ID][0;39m [32mo.s.o.j.LocalContainerEntityManagerFactoryBean[0;39m - Initialized JPA EntityManagerFactory for persistence unit 'default'
2026-01-30 19:11:59,810 [34mINFO [0;39m [[34mmain[0;39m] [33m[XID: NO-ID][0;39m [32mo.s.d.j.r.query.QueryEnhancerFactory[0;39m - Hibernate is in classpath; If applicable, HQL parser will be used.
2026-01-30 19:12:03,925 [31mWARN [0;39m [[34mmain[0;39m] [33m[XID: NO-ID][0;39m [32mo.s.b.a.o.j.JpaBaseConfiguration$JpaWebConfiguration[0;39m - spring.jpa.open-in-view is enabled by default. Therefore, database queries may be performed during view rendering. Explicitly configure spring.jpa.open-in-view to disable this warning
2026-01-30 19:12:05,463 [34mINFO [0;39m [[34mmain[0;39m] [33m[XID: NO-ID][0;39m [32mo.s.b.a.e.web.EndpointLinksResolver[0;39m - Exposing 1 endpoint beneath base path '/actuator'
2026-01-30 19:12:05,582 [31mWARN [0;39m [[34mmain[0;39m] [33m[XID: NO-ID][0;39m [32mo.s.b.a.s.s.UserDetailsServiceAutoConfiguration[0;39m - 

Using generated security password: 96163255-8709-420a-9c43-e1d0109673b3

This generated password is for development use only. Your security configuration must be updated before running your application in production.

2026-01-30 19:12:05,609 [34mINFO [0;39m [[34mmain[0;39m] [33m[XID: NO-ID][0;39m [32mo.s.s.c.a.a.c.InitializeUserDetailsBeanManagerConfigurer$InitializeUserDetailsManagerConfigurer[0;39m - Global AuthenticationManager configured with UserDetailsService bean with name inMemoryUserDetailsManager
2026-01-30 19:12:05,773 [31mWARN [0;39m [[34mmain[0;39m] [33m[XID: NO-ID][0;39m [32mo.s.s.c.a.w.c.AuthorizeHttpRequestsConfigurer$AuthorizationManagerRequestMatcherRegistry[0;39m - One of the patterns in [/otp/**, /actuator/health, **/refresh-token, /swagger-ui/**, /api-docs/**] is missing a leading slash. This is discouraged; please include the leading slash in all your request matcher patterns. In future versions of Spring Security, leaving out the leading slash will result in an exception.
2026-01-30 19:12:08,336 [34mINFO [0;39m [[34mmain[0;39m] [33m[XID: NO-ID][0;39m [32mo.a.coyote.http11.Http11NioProtocol[0;39m - Starting ProtocolHandler ["http-nio-9009"]
2026-01-30 19:12:08,358 [34mINFO [0;39m [[34mmain[0;39m] [33m[XID: NO-ID][0;39m [32mo.s.b.w.e.tomcat.TomcatWebServer[0;39m - Tomcat started on port 9009 (http) with context path '/api/v1/oopsly'
2026-01-30 19:12:08,386 [34mINFO [0;39m [[34mmain[0;39m] [33m[XID: NO-ID][0;39m [32mcom.app.oopsly.api.ApiApplication[0;39m - Started ApiApplication in 29.51 seconds (process running for 30.645)
2026-01-30 19:12:17,772 [34mINFO [0;39m [[34mtomcat-handler-0[0;39m] [33m[XID: NO-ID][0;39m [32mo.a.c.c.C.[.[.[/api/v1/oopsly][0;39m - Initializing Spring DispatcherServlet 'dispatcherServlet'
2026-01-30 19:12:17,772 [34mINFO [0;39m [[34mtomcat-handler-0[0;39m] [33m[XID: NO-ID][0;39m [32mo.s.web.servlet.DispatcherServlet[0;39m - Initializing Servlet 'dispatcherServlet'
2026-01-30 19:12:17,775 [34mINFO [0;39m [[34mtomcat-handler-0[0;39m] [33m[XID: NO-ID][0;39m [32mo.s.web.servlet.DispatcherServlet[0;39m - Completed initialization in 2 ms
2026-01-30 19:12:17,822 [34mINFO [0;39m [[34mtomcat-handler-0[0;39m] [33m[XID: NO-ID][0;39m [32mc.a.o.a.c.JwtAuthenticationFilter[0;39m - Filtering request: /api/v1/oopsly/otp/validate
2026-01-30 19:12:17,822 [31mWARN [0;39m [[34mtomcat-handler-0[0;39m] [33m[XID: NO-ID][0;39m [32mc.a.o.a.c.JwtAuthenticationFilter[0;39m - Authorization header not present
2026-01-30 19:12:17,831 [34mINFO [0;39m [[34mtomcat-handler-0[0;39m] [33m[XID: NO-ID][0;39m [32mc.a.oopsly.api.config.LoggingConfig[0;39m - --- Incoming Headers ---
2026-01-30 19:12:44,654 [31mWARN [0;39m [[34mHikariPool-1:housekeeper[0;39m] [33m[XID: NO-ID][0;39m [32mcom.zaxxer.hikari.pool.HikariPool[0;39m - HikariPool-1 - Thread starvation or clock leap detected (housekeeper delta=47s578ms23µs347ns).
2026-01-30 19:12:44,954 [34mINFO [0;39m [[34mtomcat-handler-0[0;39m] [33m[XID: a806b069-3d21-46e7-a965-40187460a172][0;39m [32mc.a.o.a.service.impl.OTPServiceImpl[0;39m - Checking OTP for hao.e4work
2026-01-30 19:12:45,544 [34mINFO [0;39m [[34mtomcat-handler-0[0;39m] [33m[XID: a806b069-3d21-46e7-a965-40187460a172][0;39m [32mc.a.oopsly.api.config.LoggingConfig[0;39m - Request: POST /api/v1/oopsly/otp/validate | Status: 404 | 887 ms
2026-01-30 19:13:20,667 [34mINFO [0;39m [[34mSpringApplicationShutdownHook[0;39m] [33m[XID: NO-ID][0;39m [32mo.s.b.w.e.tomcat.GracefulShutdown[0;39m - Commencing graceful shutdown. Waiting for active requests to complete
2026-01-30 19:13:20,670 [34mINFO [0;39m [[34mtomcat-shutdown[0;39m] [33m[XID: NO-ID][0;39m [32mo.s.b.w.e.tomcat.GracefulShutdown[0;39m - Graceful shutdown complete
2026-01-30 19:13:20,695 [34mINFO [0;39m [[34mSpringApplicationShutdownHook[0;39m] [33m[XID: NO-ID][0;39m [32mo.s.o.j.LocalContainerEntityManagerFactoryBean[0;39m - Closing JPA EntityManagerFactory for persistence unit 'default'
2026-01-30 19:13:20,698 [34mINFO [0;39m [[34mSpringApplicationShutdownHook[0;39m] [33m[XID: NO-ID][0;39m [32mcom.zaxxer.hikari.HikariDataSource[0;39m - HikariPool-1 - Shutdown initiated...
2026-01-30 19:13:20,702 [34mINFO [0;39m [[34mSpringApplicationShutdownHook[0;39m] [33m[XID: NO-ID][0;39m [32mcom.zaxxer.hikari.HikariDataSource[0;39m - HikariPool-1 - Shutdown completed.
2026-01-30 19:13:37,268 [34mINFO [0;39m [[34mmain[0;39m] [33m[XID:][0;39m [32mcom.app.oopsly.api.ApiApplication[0;39m - Starting ApiApplication using Java 21.0.5 with PID 410385 (/home/hal/dev/osmosis/api/build/classes/java/main started by hal in /home/hal/dev/osmosis/api)
2026-01-30 19:13:37,281 [34mINFO [0;39m [[34mmain[0;39m] [33m[XID:][0;39m [32mcom.app.oopsly.api.ApiApplication[0;39m - No active profile set, falling back to 1 default profile: "default"
2026-01-30 19:13:40,037 [34mINFO [0;39m [[34mmain[0;39m] [33m[XID:][0;39m [32mo.s.d.r.c.RepositoryConfigurationDelegate[0;39m - Multiple Spring Data modules found, entering strict repository configuration mode
2026-01-30 19:13:40,040 [34mINFO [0;39m [[34mmain[0;39m] [33m[XID:][0;39m [32mo.s.d.r.c.RepositoryConfigurationDelegate[0;39m - Bootstrapping Spring Data JDBC repositories in DEFAULT mode.
2026-01-30 19:13:40,128 [34mINFO [0;39m [[34mmain[0;39m] [33m[XID:][0;39m [32mo.s.d.r.c.RepositoryConfigurationExtensionSupport[0;39m - Spring Data JDBC - Could not safely identify store assignment for repository candidate interface com.app.oopsly.api.repository.CardRepository; If you want this repository to be a JDBC repository, consider annotating your entities with one of these annotations: org.springframework.data.relational.core.mapping.Table.
2026-01-30 19:13:40,131 [34mINFO [0;39m [[34mmain[0;39m] [33m[XID:][0;39m [32mo.s.d.r.c.RepositoryConfigurationExtensionSupport[0;39m - Spring Data JDBC - Could not safely identify store assignment for repository candidate interface com.app.oopsly.api.repository.QuestionRepository; If you want this repository to be a JDBC repository, consider annotating your entities with one of these annotations: org.springframework.data.relational.core.mapping.Table.
2026-01-30 19:13:40,288 [34mINFO [0;39m [[34mmain[0;39m] [33m[XID:][0;39m [32mo.s.d.r.c.RepositoryConfigurationExtensionSupport[0;39m - Spring Data JDBC - Could not safely identify store assignment for repository candidate interface com.app.oopsly.api.repository.ShelfRepository; If you want this repository to be a JDBC repository, consider annotating your entities with one of these annotations: org.springframework.data.relational.core.mapping.Table.
2026-01-30 19:13:40,291 [34mINFO [0;39m [[34mmain[0;39m] [33m[XID:][0;39m [32mo.s.d.r.c.RepositoryConfigurationExtensionSupport[0;39m - Spring Data JDBC - Could not safely identify store assignment for repository candidate interface com.app.oopsly.api.repository.SubjectRepository; If you want this repository to be a JDBC repository, consider annotating your entities with one of these annotations: org.springframework.data.relational.core.mapping.Table.
2026-01-30 19:13:40,293 [34mINFO [0;39m [[34mmain[0;39m] [33m[XID:][0;39m [32mo.s.d.r.c.RepositoryConfigurationExtensionSupport[0;39m - Spring Data JDBC - Could not safely identify store assignment for repository candidate interface com.app.oopsly.api.repository.TestSuiteRepository; If you want this repository to be a JDBC repository, consider annotating your entities with one of these annotations: org.springframework.data.relational.core.mapping.Table.
2026-01-30 19:13:40,334 [34mINFO [0;39m [[34mmain[0;39m] [33m[XID:][0;39m [32mo.s.d.r.c.RepositoryConfigurationDelegate[0;39m - Finished Spring Data repository scanning in 281 ms. Found 2 JDBC repository interfaces.
2026-01-30 19:13:40,356 [34mINFO [0;39m [[34mmain[0;39m] [33m[XID:][0;39m [32mo.s.d.r.c.RepositoryConfigurationDelegate[0;39m - Multiple Spring Data modules found, entering strict repository configuration mode
2026-01-30 19:13:40,358 [34mINFO [0;39m [[34mmain[0;39m] [33m[XID:][0;39m [32mo.s.d.r.c.RepositoryConfigurationDelegate[0;39m - Bootstrapping Spring Data JPA repositories in DEFAULT mode.
2026-01-30 19:13:40,397 [34mINFO [0;39m [[34mmain[0;39m] [33m[XID:][0;39m [32mo.s.b.f.s.DefaultListableBeanFactory[0;39m - Overriding bean definition for bean 'userRepository' with a different definition: replacing [Root bean: class=org.springframework.data.jdbc.repository.support.JdbcRepositoryFactoryBean; scope=; abstract=false; lazyInit=false; autowireMode=0; dependencyCheck=0; autowireCandidate=true; primary=false; fallback=false; factoryBeanName=null; factoryMethodName=null; initMethodNames=null; destroyMethodNames=null; defined in com.app.oopsly.api.repository.UserRepository defined in @EnableJdbcRepositories declared on JdbcRepositoriesRegistrar.EnableJdbcRepositoriesConfiguration] with [Root bean: class=org.springframework.data.jpa.repository.support.JpaRepositoryFactoryBean; scope=; abstract=false; lazyInit=false; autowireMode=0; dependencyCheck=0; autowireCandidate=true; primary=false; fallback=false; factoryBeanName=null; factoryMethodName=null; initMethodNames=null; destroyMethodNames=null; defined in com.app.oopsly.api.repository.UserRepository defined in @EnableJpaRepositories declared on JpaRepositoriesRegistrar.EnableJpaRepositoriesConfiguration]
2026-01-30 19:13:40,400 [34mINFO [0;39m [[34mmain[0;39m] [33m[XID:][0;39m [32mo.s.b.f.s.DefaultListableBeanFactory[0;39m - Overriding bean definition for bean 'settingRepository' with a different definition: replacing [Root bean: class=org.springframework.data.jdbc.repository.support.JdbcRepositoryFactoryBean; scope=; abstract=false; lazyInit=false; autowireMode=0; dependencyCheck=0; autowireCandidate=true; primary=false; fallback=false; factoryBeanName=null; factoryMethodName=null; initMethodNames=null; destroyMethodNames=null; defined in com.app.oopsly.api.repository.SettingRepository defined in @EnableJdbcRepositories declared on JdbcRepositoriesRegistrar.EnableJdbcRepositoriesConfiguration] with [Root bean: class=org.springframework.data.jpa.repository.support.JpaRepositoryFactoryBean; scope=; abstract=false; lazyInit=false; autowireMode=0; dependencyCheck=0; autowireCandidate=true; primary=false; fallback=false; factoryBeanName=null; factoryMethodName=null; initMethodNames=null; destroyMethodNames=null; defined in com.app.oopsly.api.repository.SettingRepository defined in @EnableJpaRepositories declared on JpaRepositoriesRegistrar.EnableJpaRepositoriesConfiguration]
2026-01-30 19:13:40,404 [34mINFO [0;39m [[34mmain[0;39m] [33m[XID:][0;39m [32mo.s.d.r.c.RepositoryConfigurationDelegate[0;39m - Finished Spring Data repository scanning in 37 ms. Found 7 JPA repository interfaces.
2026-01-30 19:13:40,423 [34mINFO [0;39m [[34mmain[0;39m] [33m[XID:][0;39m [32mo.s.d.r.c.RepositoryConfigurationDelegate[0;39m - Multiple Spring Data modules found, entering strict repository configuration mode
2026-01-30 19:13:40,426 [34mINFO [0;39m [[34mmain[0;39m] [33m[XID:][0;39m [32mo.s.d.r.c.RepositoryConfigurationDelegate[0;39m - Bootstrapping Spring Data Redis repositories in DEFAULT mode.
2026-01-30 19:13:40,469 [34mINFO [0;39m [[34mmain[0;39m] [33m[XID:][0;39m [32mo.s.d.r.c.RepositoryConfigurationExtensionSupport[0;39m - Spring Data Redis - Could not safely identify store assignment for repository candidate interface com.app.oopsly.api.repository.CardRepository; If you want this repository to be a Redis repository, consider annotating your entities with one of these annotations: org.springframework.data.redis.core.RedisHash (preferred), or consider extending one of the following types with your repository: org.springframework.data.keyvalue.repository.KeyValueRepository
2026-01-30 19:13:40,470 [34mINFO [0;39m [[34mmain[0;39m] [33m[XID:][0;39m [32mo.s.d.r.c.RepositoryConfigurationExtensionSupport[0;39m - Spring Data Redis - Could not safely identify store assignment for repository candidate interface com.app.oopsly.api.repository.QuestionRepository; If you want this repository to be a Redis repository, consider annotating your entities with one of these annotations: org.springframework.data.redis.core.RedisHash (preferred), or consider extending one of the following types with your repository: org.springframework.data.keyvalue.repository.KeyValueRepository
2026-01-30 19:13:40,471 [34mINFO [0;39m [[34mmain[0;39m] [33m[XID:][0;39m [32mo.s.d.r.c.RepositoryConfigurationExtensionSupport[0;39m - Spring Data Redis - Could not safely identify store assignment for repository candidate interface com.app.oopsly.api.repository.SettingRepository; If you want this repository to be a Redis repository, consider annotating your entities with one of these annotations: org.springframework.data.redis.core.RedisHash (preferred), or consider extending one of the following types with your repository: org.springframework.data.keyvalue.repository.KeyValueRepository
2026-01-30 19:13:40,471 [34mINFO [0;39m [[34mmain[0;39m] [33m[XID:][0;39m [32mo.s.d.r.c.RepositoryConfigurationExtensionSupport[0;39m - Spring Data Redis - Could not safely identify store assignment for repository candidate interface com.app.oopsly.api.repository.ShelfRepository; If you want this repository to be a Redis repository, consider annotating your entities with one of these annotations: org.springframework.data.redis.core.RedisHash (preferred), or consider extending one of the following types with your repository: org.springframework.data.keyvalue.repository.KeyValueRepository
2026-01-30 19:13:40,477 [34mINFO [0;39m [[34mmain[0;39m] [33m[XID:][0;39m [32mo.s.d.r.c.RepositoryConfigurationExtensionSupport[0;39m - Spring Data Redis - Could not safely identify store assignment for repository candidate interface com.app.oopsly.api.repository.SubjectRepository; If you want this repository to be a Redis repository, consider annotating your entities with one of these annotations: org.springframework.data.redis.core.RedisHash (preferred), or consider extending one of the following types with your repository: org.springframework.data.keyvalue.repository.KeyValueRepository
2026-01-30 19:13:40,477 [34mINFO [0;39m [[34mmain[0;39m] [33m[XID:][0;39m [32mo.s.d.r.c.RepositoryConfigurationExtensionSupport[0;39m - Spring Data Redis - Could not safely identify store assignment for repository candidate interface com.app.oopsly.api.repository.TestSuiteRepository; If you want this repository to be a Redis repository, consider annotating your entities with one of these annotations: org.springframework.data.redis.core.RedisHash (preferred), or consider extending one of the following types with your repository: org.springframework.data.keyvalue.repository.KeyValueRepository
2026-01-30 19:13:40,479 [34mINFO [0;39m [[34mmain[0;39m] [33m[XID:][0;39m [32mo.s.d.r.c.RepositoryConfigurationExtensionSupport[0;39m - Spring Data Redis - Could not safely identify store assignment for repository candidate interface com.app.oopsly.api.repository.UserRepository; If you want this repository to be a Redis repository, consider annotating your entities with one of these annotations: org.springframework.data.redis.core.RedisHash (preferred), or consider extending one of the following types with your repository: org.springframework.data.keyvalue.repository.KeyValueRepository
2026-01-30 19:13:40,480 [34mINFO [0;39m [[34mmain[0;39m] [33m[XID:][0;39m [32mo.s.d.r.c.RepositoryConfigurationDelegate[0;39m - Finished Spring Data repository scanning in 22 ms. Found 0 Redis repository interfaces.
2026-01-30 19:13:43,353 [34mINFO [0;39m [[34mmain[0;39m] [33m[XID:][0;39m [32mo.s.b.w.e.tomcat.TomcatWebServer[0;39m - Tomcat initialized with port 9009 (http)
2026-01-30 19:13:43,378 [34mINFO [0;39m [[34mmain[0;39m] [33m[XID:][0;39m [32mo.a.coyote.http11.Http11NioProtocol[0;39m - Initializing ProtocolHandler ["http-nio-9009"]
2026-01-30 19:13:43,382 [34mINFO [0;39m [[34mmain[0;39m] [33m[XID:][0;39m [32mo.a.catalina.core.StandardService[0;39m - Starting service [Tomcat]
2026-01-30 19:13:43,384 [34mINFO [0;39m [[34mmain[0;39m] [33m[XID:][0;39m [32mo.a.catalina.core.StandardEngine[0;39m - Starting Servlet engine: [Apache Tomcat/10.1.49]
2026-01-30 19:13:43,489 [34mINFO [0;39m [[34mmain[0;39m] [33m[XID:][0;39m [32mo.a.c.c.C.[.[.[/api/v1/oopsly][0;39m - Initializing Spring embedded WebApplicationContext
2026-01-30 19:13:43,490 [34mINFO [0;39m [[34mmain[0;39m] [33m[XID:][0;39m [32mo.s.b.w.s.c.ServletWebServerApplicationContext[0;39m - Root WebApplicationContext: initialization completed in 6081 ms
2026-01-30 19:13:45,184 [34mINFO [0;39m [[34mmain[0;39m] [33m[XID:][0;39m [32mo.s.o.j.p.SpringPersistenceUnitInfo[0;39m - No LoadTimeWeaver setup: ignoring JPA class transformer
2026-01-30 19:13:45,240 [34mINFO [0;39m [[34mmain[0;39m] [33m[XID:][0;39m [32mcom.zaxxer.hikari.HikariDataSource[0;39m - HikariPool-1 - Starting...
2026-01-30 19:13:45,600 [34mINFO [0;39m [[34mmain[0;39m] [33m[XID:][0;39m [32mcom.zaxxer.hikari.pool.HikariPool[0;39m - HikariPool-1 - Added connection org.postgresql.jdbc.PgConnection@1ab780fd
2026-01-30 19:13:45,603 [34mINFO [0;39m [[34mmain[0;39m] [33m[XID:][0;39m [32mcom.zaxxer.hikari.HikariDataSource[0;39m - HikariPool-1 - Start completed.
2026-01-30 19:13:48,670 [34mINFO [0;39m [[34mmain[0;39m] [33m[XID:][0;39m [32mo.s.o.j.LocalContainerEntityManagerFactoryBean[0;39m - Initialized JPA EntityManagerFactory for persistence unit 'default'
2026-01-30 19:13:49,372 [34mINFO [0;39m [[34mmain[0;39m] [33m[XID:][0;39m [32mo.s.d.j.r.query.QueryEnhancerFactory[0;39m - Hibernate is in classpath; If applicable, HQL parser will be used.
2026-01-30 19:13:53,313 [31mWARN [0;39m [[34mmain[0;39m] [33m[XID:][0;39m [32mo.s.b.a.o.j.JpaBaseConfiguration$JpaWebConfiguration[0;39m - spring.jpa.open-in-view is enabled by default. Therefore, database queries may be performed during view rendering. Explicitly configure spring.jpa.open-in-view to disable this warning
2026-01-30 19:13:55,011 [34mINFO [0;39m [[34mmain[0;39m] [33m[XID:][0;39m [32mo.s.b.a.e.web.EndpointLinksResolver[0;39m - Exposing 1 endpoint beneath base path '/actuator'
2026-01-30 19:13:55,172 [31mWARN [0;39m [[34mmain[0;39m] [33m[XID:][0;39m [32mo.s.b.a.s.s.UserDetailsServiceAutoConfiguration[0;39m - 

Using generated security password: 19c6576c-a45c-4078-9970-f9012eef8e25

This generated password is for development use only. Your security configuration must be updated before running your application in production.

2026-01-30 19:13:55,202 [34mINFO [0;39m [[34mmain[0;39m] [33m[XID:][0;39m [32mo.s.s.c.a.a.c.InitializeUserDetailsBeanManagerConfigurer$InitializeUserDetailsManagerConfigurer[0;39m - Global AuthenticationManager configured with UserDetailsService bean with name inMemoryUserDetailsManager
2026-01-30 19:13:55,361 [31mWARN [0;39m [[34mmain[0;39m] [33m[XID:][0;39m [32mo.s.s.c.a.w.c.AuthorizeHttpRequestsConfigurer$AuthorizationManagerRequestMatcherRegistry[0;39m - One of the patterns in [/otp/**, /actuator/health, **/refresh-token, /swagger-ui/**, /api-docs/**] is missing a leading slash. This is discouraged; please include the leading slash in all your request matcher patterns. In future versions of Spring Security, leaving out the leading slash will result in an exception.
2026-01-30 19:13:58,909 [34mINFO [0;39m [[34mmain[0;39m] [33m[XID:][0;39m [32mo.a.coyote.http11.Http11NioProtocol[0;39m - Starting ProtocolHandler ["http-nio-9009"]
2026-01-30 19:13:58,933 [34mINFO [0;39m [[34mmain[0;39m] [33m[XID:][0;39m [32mo.s.b.w.e.tomcat.TomcatWebServer[0;39m - Tomcat started on port 9009 (http) with context path '/api/v1/oopsly'
2026-01-30 19:13:58,965 [34mINFO [0;39m [[34mmain[0;39m] [33m[XID:][0;39m [32mcom.app.oopsly.api.ApiApplication[0;39m - Started ApiApplication in 23.028 seconds (process running for 25.175)
2026-01-30 19:16:44,836 [34mINFO [0;39m [[34mtomcat-handler-0[0;39m] [33m[XID:][0;39m [32mo.a.c.c.C.[.[.[/api/v1/oopsly][0;39m - Initializing Spring DispatcherServlet 'dispatcherServlet'
2026-01-30 19:16:44,837 [34mINFO [0;39m [[34mtomcat-handler-0[0;39m] [33m[XID:][0;39m [32mo.s.web.servlet.DispatcherServlet[0;39m - Initializing Servlet 'dispatcherServlet'
2026-01-30 19:16:44,840 [34mINFO [0;39m [[34mtomcat-handler-0[0;39m] [33m[XID:][0;39m [32mo.s.web.servlet.DispatcherServlet[0;39m - Completed initialization in 3 ms
2026-01-30 19:16:44,890 [34mINFO [0;39m [[34mtomcat-handler-0[0;39m] [33m[XID:][0;39m [32mc.a.o.a.c.JwtAuthenticationFilter[0;39m - Filtering request: /api/v1/oopsly/otp/validate
2026-01-30 19:16:44,890 [31mWARN [0;39m [[34mtomcat-handler-0[0;39m] [33m[XID:][0;39m [32mc.a.o.a.c.JwtAuthenticationFilter[0;39m - Authorization header not present
2026-01-30 19:16:44,902 [34mINFO [0;39m [[34mtomcat-handler-0[0;39m] [33m[XID:][0;39m [32mc.a.oopsly.api.config.LoggingConfig[0;39m - --- Incoming Headers ---
2026-01-30 19:17:02,213 [34mINFO [0;39m [[34mSpringApplicationShutdownHook[0;39m] [33m[XID:][0;39m [32mo.s.b.w.e.tomcat.GracefulShutdown[0;39m - Commencing graceful shutdown. Waiting for active requests to complete
2026-01-30 19:17:02,362 [34mINFO [0;39m [[34mtomcat-handler-0[0;39m] [33m[XID:130494b3-2b7f-4759-b5f5-49ad767ca168][0;39m [32mc.a.o.a.service.impl.OTPServiceImpl[0;39m - Checking OTP for hao.e4work
2026-01-30 19:17:02,713 [34mINFO [0;39m [[34mtomcat-handler-0[0;39m] [33m[XID:130494b3-2b7f-4759-b5f5-49ad767ca168][0;39m [32mc.a.oopsly.api.config.LoggingConfig[0;39m - Request: POST /api/v1/oopsly/otp/validate | Status: 404 | 506 ms
2026-01-30 19:17:02,717 [34mINFO [0;39m [[34mtomcat-shutdown[0;39m] [33m[XID:][0;39m [32mo.s.b.w.e.tomcat.GracefulShutdown[0;39m - Graceful shutdown complete
2026-01-30 19:17:02,739 [34mINFO [0;39m [[34mSpringApplicationShutdownHook[0;39m] [33m[XID:][0;39m [32mo.s.o.j.LocalContainerEntityManagerFactoryBean[0;39m - Closing JPA EntityManagerFactory for persistence unit 'default'
2026-01-30 19:17:02,742 [34mINFO [0;39m [[34mSpringApplicationShutdownHook[0;39m] [33m[XID:][0;39m [32mcom.zaxxer.hikari.HikariDataSource[0;39m - HikariPool-1 - Shutdown initiated...
2026-01-30 19:17:02,745 [34mINFO [0;39m [[34mSpringApplicationShutdownHook[0;39m] [33m[XID:][0;39m [32mcom.zaxxer.hikari.HikariDataSource[0;39m - HikariPool-1 - Shutdown completed.
2026-01-30 19:17:25,649 [34mINFO [0;39m [[34mmain[0;39m] [33m[XID:][0;39m [32mcom.app.oopsly.api.ApiApplication[0;39m - Starting ApiApplication using Java 21.0.5 with PID 433692 (/home/hal/dev/osmosis/api/build/classes/java/main started by hal in /home/hal/dev/osmosis/api)
2026-01-30 19:17:25,655 [34mINFO [0;39m [[34mmain[0;39m] [33m[XID:][0;39m [32mcom.app.oopsly.api.ApiApplication[0;39m - No active profile set, falling back to 1 default profile: "default"
2026-01-30 19:17:28,150 [34mINFO [0;39m [[34mmain[0;39m] [33m[XID:][0;39m [32mo.s.d.r.c.RepositoryConfigurationDelegate[0;39m - Multiple Spring Data modules found, entering strict repository configuration mode
2026-01-30 19:17:28,152 [34mINFO [0;39m [[34mmain[0;39m] [33m[XID:][0;39m [32mo.s.d.r.c.RepositoryConfigurationDelegate[0;39m - Bootstrapping Spring Data JDBC repositories in DEFAULT mode.
2026-01-30 19:17:28,233 [34mINFO [0;39m [[34mmain[0;39m] [33m[XID:][0;39m [32mo.s.d.r.c.RepositoryConfigurationExtensionSupport[0;39m - Spring Data JDBC - Could not safely identify store assignment for repository candidate interface com.app.oopsly.api.repository.CardRepository; If you want this repository to be a JDBC repository, consider annotating your entities with one of these annotations: org.springframework.data.relational.core.mapping.Table.
2026-01-30 19:17:28,237 [34mINFO [0;39m [[34mmain[0;39m] [33m[XID:][0;39m [32mo.s.d.r.c.RepositoryConfigurationExtensionSupport[0;39m - Spring Data JDBC - Could not safely identify store assignment for repository candidate interface com.app.oopsly.api.repository.QuestionRepository; If you want this repository to be a JDBC repository, consider annotating your entities with one of these annotations: org.springframework.data.relational.core.mapping.Table.
2026-01-30 19:17:28,359 [34mINFO [0;39m [[34mmain[0;39m] [33m[XID:][0;39m [32mo.s.d.r.c.RepositoryConfigurationExtensionSupport[0;39m - Spring Data JDBC - Could not safely identify store assignment for repository candidate interface com.app.oopsly.api.repository.ShelfRepository; If you want this repository to be a JDBC repository, consider annotating your entities with one of these annotations: org.springframework.data.relational.core.mapping.Table.
2026-01-30 19:17:28,361 [34mINFO [0;39m [[34mmain[0;39m] [33m[XID:][0;39m [32mo.s.d.r.c.RepositoryConfigurationExtensionSupport[0;39m - Spring Data JDBC - Could not safely identify store assignment for repository candidate interface com.app.oopsly.api.repository.SubjectRepository; If you want this repository to be a JDBC repository, consider annotating your entities with one of these annotations: org.springframework.data.relational.core.mapping.Table.
2026-01-30 19:17:28,363 [34mINFO [0;39m [[34mmain[0;39m] [33m[XID:][0;39m [32mo.s.d.r.c.RepositoryConfigurationExtensionSupport[0;39m - Spring Data JDBC - Could not safely identify store assignment for repository candidate interface com.app.oopsly.api.repository.TestSuiteRepository; If you want this repository to be a JDBC repository, consider annotating your entities with one of these annotations: org.springframework.data.relational.core.mapping.Table.
2026-01-30 19:17:28,414 [34mINFO [0;39m [[34mmain[0;39m] [33m[XID:][0;39m [32mo.s.d.r.c.RepositoryConfigurationDelegate[0;39m - Finished Spring Data repository scanning in 246 ms. Found 2 JDBC repository interfaces.
2026-01-30 19:17:28,430 [34mINFO [0;39m [[34mmain[0;39m] [33m[XID:][0;39m [32mo.s.d.r.c.RepositoryConfigurationDelegate[0;39m - Multiple Spring Data modules found, entering strict repository configuration mode
2026-01-30 19:17:28,431 [34mINFO [0;39m [[34mmain[0;39m] [33m[XID:][0;39m [32mo.s.d.r.c.RepositoryConfigurationDelegate[0;39m - Bootstrapping Spring Data JPA repositories in DEFAULT mode.
2026-01-30 19:17:28,467 [34mINFO [0;39m [[34mmain[0;39m] [33m[XID:][0;39m [32mo.s.b.f.s.DefaultListableBeanFactory[0;39m - Overriding bean definition for bean 'settingRepository' with a different definition: replacing [Root bean: class=org.springframework.data.jdbc.repository.support.JdbcRepositoryFactoryBean; scope=; abstract=false; lazyInit=false; autowireMode=0; dependencyCheck=0; autowireCandidate=true; primary=false; fallback=false; factoryBeanName=null; factoryMethodName=null; initMethodNames=null; destroyMethodNames=null; defined in com.app.oopsly.api.repository.SettingRepository defined in @EnableJdbcRepositories declared on JdbcRepositoriesRegistrar.EnableJdbcRepositoriesConfiguration] with [Root bean: class=org.springframework.data.jpa.repository.support.JpaRepositoryFactoryBean; scope=; abstract=false; lazyInit=false; autowireMode=0; dependencyCheck=0; autowireCandidate=true; primary=false; fallback=false; factoryBeanName=null; factoryMethodName=null; initMethodNames=null; destroyMethodNames=null; defined in com.app.oopsly.api.repository.SettingRepository defined in @EnableJpaRepositories declared on JpaRepositoriesRegistrar.EnableJpaRepositoriesConfiguration]
2026-01-30 19:17:28,476 [34mINFO [0;39m [[34mmain[0;39m] [33m[XID:][0;39m [32mo.s.b.f.s.DefaultListableBeanFactory[0;39m - Overriding bean definition for bean 'userRepository' with a different definition: replacing [Root bean: class=org.springframework.data.jdbc.repository.support.JdbcRepositoryFactoryBean; scope=; abstract=false; lazyInit=false; autowireMode=0; dependencyCheck=0; autowireCandidate=true; primary=false; fallback=false; factoryBeanName=null; factoryMethodName=null; initMethodNames=null; destroyMethodNames=null; defined in com.app.oopsly.api.repository.UserRepository defined in @EnableJdbcRepositories declared on JdbcRepositoriesRegistrar.EnableJdbcRepositoriesConfiguration] with [Root bean: class=org.springframework.data.jpa.repository.support.JpaRepositoryFactoryBean; scope=; abstract=false; lazyInit=false; autowireMode=0; dependencyCheck=0; autowireCandidate=true; primary=false; fallback=false; factoryBeanName=null; factoryMethodName=null; initMethodNames=null; destroyMethodNames=null; defined in com.app.oopsly.api.repository.UserRepository defined in @EnableJpaRepositories declared on JpaRepositoriesRegistrar.EnableJpaRepositoriesConfiguration]
2026-01-30 19:17:28,477 [34mINFO [0;39m [[34mmain[0;39m] [33m[XID:][0;39m [32mo.s.d.r.c.RepositoryConfigurationDelegate[0;39m - Finished Spring Data repository scanning in 32 ms. Found 7 JPA repository interfaces.
2026-01-30 19:17:28,494 [34mINFO [0;39m [[34mmain[0;39m] [33m[XID:][0;39m [32mo.s.d.r.c.RepositoryConfigurationDelegate[0;39m - Multiple Spring Data modules found, entering strict repository configuration mode
2026-01-30 19:17:28,496 [34mINFO [0;39m [[34mmain[0;39m] [33m[XID:][0;39m [32mo.s.d.r.c.RepositoryConfigurationDelegate[0;39m - Bootstrapping Spring Data Redis repositories in DEFAULT mode.
2026-01-30 19:17:28,514 [34mINFO [0;39m [[34mmain[0;39m] [33m[XID:][0;39m [32mo.s.d.r.c.RepositoryConfigurationExtensionSupport[0;39m - Spring Data Redis - Could not safely identify store assignment for repository candidate interface com.app.oopsly.api.repository.CardRepository; If you want this repository to be a Redis repository, consider annotating your entities with one of these annotations: org.springframework.data.redis.core.RedisHash (preferred), or consider extending one of the following types with your repository: org.springframework.data.keyvalue.repository.KeyValueRepository
2026-01-30 19:17:28,514 [34mINFO [0;39m [[34mmain[0;39m] [33m[XID:][0;39m [32mo.s.d.r.c.RepositoryConfigurationExtensionSupport[0;39m - Spring Data Redis - Could not safely identify store assignment for repository candidate interface com.app.oopsly.api.repository.QuestionRepository; If you want this repository to be a Redis repository, consider annotating your entities with one of these annotations: org.springframework.data.redis.core.RedisHash (preferred), or consider extending one of the following types with your repository: org.springframework.data.keyvalue.repository.KeyValueRepository
2026-01-30 19:17:28,515 [34mINFO [0;39m [[34mmain[0;39m] [33m[XID:][0;39m [32mo.s.d.r.c.RepositoryConfigurationExtensionSupport[0;39m - Spring Data Redis - Could not safely identify store assignment for repository candidate interface com.app.oopsly.api.repository.SettingRepository; If you want this repository to be a Redis repository, consider annotating your entities with one of these annotations: org.springframework.data.redis.core.RedisHash (preferred), or consider extending one of the following types with your repository: org.springframework.data.keyvalue.repository.KeyValueRepository
2026-01-30 19:17:28,516 [34mINFO [0;39m [[34mmain[0;39m] [33m[XID:][0;39m [32mo.s.d.r.c.RepositoryConfigurationExtensionSupport[0;39m - Spring Data Redis - Could not safely identify store assignment for repository candidate interface com.app.oopsly.api.repository.ShelfRepository; If you want this repository to be a Redis repository, consider annotating your entities with one of these annotations: org.springframework.data.redis.core.RedisHash (preferred), or consider extending one of the following types with your repository: org.springframework.data.keyvalue.repository.KeyValueRepository
2026-01-30 19:17:28,516 [34mINFO [0;39m [[34mmain[0;39m] [33m[XID:][0;39m [32mo.s.d.r.c.RepositoryConfigurationExtensionSupport[0;39m - Spring Data Redis - Could not safely identify store assignment for repository candidate interface com.app.oopsly.api.repository.SubjectRepository; If you want this repository to be a Redis repository, consider annotating your entities with one of these annotations: org.springframework.data.redis.core.RedisHash (preferred), or consider extending one of the following types with your repository: org.springframework.data.keyvalue.repository.KeyValueRepository
2026-01-30 19:17:28,516 [34mINFO [0;39m [[34mmain[0;39m] [33m[XID:][0;39m [32mo.s.d.r.c.RepositoryConfigurationExtensionSupport[0;39m - Spring Data Redis - Could not safely identify store assignment for repository candidate interface com.app.oopsly.api.repository.TestSuiteRepository; If you want this repository to be a Redis repository, consider annotating your entities with one of these annotations: org.springframework.data.redis.core.RedisHash (preferred), or consider extending one of the following types with your repository: org.springframework.data.keyvalue.repository.KeyValueRepository
2026-01-30 19:17:28,517 [34mINFO [0;39m [[34mmain[0;39m] [33m[XID:][0;39m [32mo.s.d.r.c.RepositoryConfigurationExtensionSupport[0;39m - Spring Data Redis - Could not safely identify store assignment for repository candidate interface com.app.oopsly.api.repository.UserRepository; If you want this repository to be a Redis repository, consider annotating your entities with one of these annotations: org.springframework.data.redis.core.RedisHash (preferred), or consider extending one of the following types with your repository: org.springframework.data.keyvalue.repository.KeyValueRepository
2026-01-30 19:17:28,518 [34mINFO [0;39m [[34mmain[0;39m] [33m[XID:][0;39m [32mo.s.d.r.c.RepositoryConfigurationDelegate[0;39m - Finished Spring Data repository scanning in 8 ms. Found 0 Redis repository interfaces.
2026-01-30 19:17:30,141 [34mINFO [0;39m [[34mmain[0;39m] [33m[XID:][0;39m [32mo.s.b.w.e.tomcat.TomcatWebServer[0;39m - Tomcat initialized with port 9009 (http)
2026-01-30 19:17:30,165 [34mINFO [0;39m [[34mmain[0;39m] [33m[XID:][0;39m [32mo.a.coyote.http11.Http11NioProtocol[0;39m - Initializing ProtocolHandler ["http-nio-9009"]
2026-01-30 19:17:30,168 [34mINFO [0;39m [[34mmain[0;39m] [33m[XID:][0;39m [32mo.a.catalina.core.StandardService[0;39m - Starting service [Tomcat]
2026-01-30 19:17:30,170 [34mINFO [0;39m [[34mmain[0;39m] [33m[XID:][0;39m [32mo.a.catalina.core.StandardEngine[0;39m - Starting Servlet engine: [Apache Tomcat/10.1.49]
2026-01-30 19:17:30,244 [34mINFO [0;39m [[34mmain[0;39m] [33m[XID:][0;39m [32mo.a.c.c.C.[.[.[/api/v1/oopsly][0;39m - Initializing Spring embedded WebApplicationContext
2026-01-30 19:17:30,245 [34mINFO [0;39m [[34mmain[0;39m] [33m[XID:][0;39m [32mo.s.b.w.s.c.ServletWebServerApplicationContext[0;39m - Root WebApplicationContext: initialization completed in 4475 ms
2026-01-30 19:17:31,620 [34mINFO [0;39m [[34mmain[0;39m] [33m[XID:][0;39m [32mo.s.o.j.p.SpringPersistenceUnitInfo[0;39m - No LoadTimeWeaver setup: ignoring JPA class transformer
2026-01-30 19:17:31,670 [34mINFO [0;39m [[34mmain[0;39m] [33m[XID:][0;39m [32mcom.zaxxer.hikari.HikariDataSource[0;39m - HikariPool-1 - Starting...
2026-01-30 19:17:31,930 [34mINFO [0;39m [[34mmain[0;39m] [33m[XID:][0;39m [32mcom.zaxxer.hikari.pool.HikariPool[0;39m - HikariPool-1 - Added connection org.postgresql.jdbc.PgConnection@137db13f
2026-01-30 19:17:31,933 [34mINFO [0;39m [[34mmain[0;39m] [33m[XID:][0;39m [32mcom.zaxxer.hikari.HikariDataSource[0;39m - HikariPool-1 - Start completed.
2026-01-30 19:17:34,868 [34mINFO [0;39m [[34mmain[0;39m] [33m[XID:][0;39m [32mo.s.o.j.LocalContainerEntityManagerFactoryBean[0;39m - Initialized JPA EntityManagerFactory for persistence unit 'default'
2026-01-30 19:17:35,453 [34mINFO [0;39m [[34mmain[0;39m] [33m[XID:][0;39m [32mo.s.d.j.r.query.QueryEnhancerFactory[0;39m - Hibernate is in classpath; If applicable, HQL parser will be used.
2026-01-30 19:17:37,736 [31mWARN [0;39m [[34mmain[0;39m] [33m[XID:][0;39m [32mo.s.b.a.o.j.JpaBaseConfiguration$JpaWebConfiguration[0;39m - spring.jpa.open-in-view is enabled by default. Therefore, database queries may be performed during view rendering. Explicitly configure spring.jpa.open-in-view to disable this warning
2026-01-30 19:17:38,958 [34mINFO [0;39m [[34mmain[0;39m] [33m[XID:][0;39m [32mo.s.b.a.e.web.EndpointLinksResolver[0;39m - Exposing 1 endpoint beneath base path '/actuator'
2026-01-30 19:17:39,056 [31mWARN [0;39m [[34mmain[0;39m] [33m[XID:][0;39m [32mo.s.b.a.s.s.UserDetailsServiceAutoConfiguration[0;39m - 

Using generated security password: 73156a9d-695f-4c5d-9bcb-0d9fc1306751

This generated password is for development use only. Your security configuration must be updated before running your application in production.

2026-01-30 19:17:39,072 [34mINFO [0;39m [[34mmain[0;39m] [33m[XID:][0;39m [32mo.s.s.c.a.a.c.InitializeUserDetailsBeanManagerConfigurer$InitializeUserDetailsManagerConfigurer[0;39m - Global AuthenticationManager configured with UserDetailsService bean with name inMemoryUserDetailsManager
2026-01-30 19:17:39,181 [31mWARN [0;39m [[34mmain[0;39m] [33m[XID:][0;39m [32mo.s.s.c.a.w.c.AuthorizeHttpRequestsConfigurer$AuthorizationManagerRequestMatcherRegistry[0;39m - One of the patterns in [/otp/**, /actuator/health, **/refresh-token, /swagger-ui/**, /api-docs/**] is missing a leading slash. This is discouraged; please include the leading slash in all your request matcher patterns. In future versions of Spring Security, leaving out the leading slash will result in an exception.
2026-01-30 19:17:41,651 [34mINFO [0;39m [[34mmain[0;39m] [33m[XID:][0;39m [32mo.a.coyote.http11.Http11NioProtocol[0;39m - Starting ProtocolHandler ["http-nio-9009"]
2026-01-30 19:17:41,667 [34mINFO [0;39m [[34mmain[0;39m] [33m[XID:][0;39m [32mo.s.b.w.e.tomcat.TomcatWebServer[0;39m - Tomcat started on port 9009 (http) with context path '/api/v1/oopsly'
2026-01-30 19:17:41,690 [34mINFO [0;39m [[34mmain[0;39m] [33m[XID:][0;39m [32mcom.app.oopsly.api.ApiApplication[0;39m - Started ApiApplication in 16.849 seconds (process running for 17.88)
2026-01-30 19:17:58,108 [34mINFO [0;39m [[34mtomcat-handler-0[0;39m] [33m[XID:][0;39m [32mo.a.c.c.C.[.[.[/api/v1/oopsly][0;39m - Initializing Spring DispatcherServlet 'dispatcherServlet'
2026-01-30 19:17:58,109 [34mINFO [0;39m [[34mtomcat-handler-0[0;39m] [33m[XID:][0;39m [32mo.s.web.servlet.DispatcherServlet[0;39m - Initializing Servlet 'dispatcherServlet'
2026-01-30 19:17:58,112 [34mINFO [0;39m [[34mtomcat-handler-0[0;39m] [33m[XID:][0;39m [32mo.s.web.servlet.DispatcherServlet[0;39m - Completed initialization in 2 ms
2026-01-30 19:17:58,190 [34mINFO [0;39m [[34mtomcat-handler-0[0;39m] [33m[XID:][0;39m [32mc.a.o.a.c.JwtAuthenticationFilter[0;39m - Filtering request: /api/v1/oopsly/otp/validate
2026-01-30 19:17:58,190 [31mWARN [0;39m [[34mtomcat-handler-0[0;39m] [33m[XID:][0;39m [32mc.a.o.a.c.JwtAuthenticationFilter[0;39m - Authorization header not present
2026-01-30 19:17:58,201 [34mINFO [0;39m [[34mtomcat-handler-0[0;39m] [33m[XID:][0;39m [32mc.a.oopsly.api.config.LoggingConfig[0;39m - --- Incoming Headers ---
2026-01-30 19:17:58,567 [34mINFO [0;39m [[34mtomcat-handler-0[0;39m] [33m[XID:Pwebnk6n8kmmri][0;39m [32mc.a.o.a.service.impl.OTPServiceImpl[0;39m - Checking OTP for hao.e4work
2026-01-30 19:17:59,449 [34mINFO [0;39m [[34mtomcat-handler-0[0;39m] [33m[XID:Pwebnk6n8kmmri][0;39m [32mc.a.oopsly.api.config.LoggingConfig[0;39m - Request: POST /api/v1/oopsly/otp/validate | Status: 404 | 1245 ms
2026-01-30 19:18:44,763 [34mINFO [0;39m [[34mtomcat-handler-1[0;39m] [33m[XID:][0;39m [32mc.a.o.a.c.JwtAuthenticationFilter[0;39m - Filtering request: /api/v1/oopsly/otp/validate
2026-01-30 19:18:44,763 [31mWARN [0;39m [[34mtomcat-handler-1[0;39m] [33m[XID:][0;39m [32mc.a.o.a.c.JwtAuthenticationFilter[0;39m - Authorization header not present
2026-01-30 19:18:44,764 [34mINFO [0;39m [[34mtomcat-handler-1[0;39m] [33m[XID:][0;39m [32mc.a.oopsly.api.config.LoggingConfig[0;39m - --- Incoming Headers ---
2026-01-30 19:18:44,766 [34mINFO [0;39m [[34mtomcat-handler-1[0;39m] [33m[XID:pwebyl05mh1g4ln][0;39m [32mc.a.o.a.service.impl.OTPServiceImpl[0;39m - Checking OTP for hao.e4work
2026-01-30 19:18:44,771 [34mINFO [0;39m [[34mtomcat-handler-1[0;39m] [33m[XID:pwebyl05mh1g4ln][0;39m [32mc.a.oopsly.api.config.LoggingConfig[0;39m - Request: POST /api/v1/oopsly/otp/validate | Status: 404 | 7 ms
2026-01-30 19:20:04,874 [34mINFO [0;39m [[34mSpringApplicationShutdownHook[0;39m] [33m[XID:][0;39m [32mo.s.b.w.e.tomcat.GracefulShutdown[0;39m - Commencing graceful shutdown. Waiting for active requests to complete
2026-01-30 19:20:04,879 [34mINFO [0;39m [[34mtomcat-shutdown[0;39m] [33m[XID:][0;39m [32mo.s.b.w.e.tomcat.GracefulShutdown[0;39m - Graceful shutdown complete
2026-01-30 19:20:04,925 [34mINFO [0;39m [[34mSpringApplicationShutdownHook[0;39m] [33m[XID:][0;39m [32mo.s.o.j.LocalContainerEntityManagerFactoryBean[0;39m - Closing JPA EntityManagerFactory for persistence unit 'default'
2026-01-30 19:20:04,930 [34mINFO [0;39m [[34mSpringApplicationShutdownHook[0;39m] [33m[XID:][0;39m [32mcom.zaxxer.hikari.HikariDataSource[0;39m - HikariPool-1 - Shutdown initiated...
2026-01-30 19:20:04,935 [34mINFO [0;39m [[34mSpringApplicationShutdownHook[0;39m] [33m[XID:][0;39m [32mcom.zaxxer.hikari.HikariDataSource[0;39m - HikariPool-1 - Shutdown completed.
2026-01-30 19:20:39,491 [34mINFO [0;39m [[34mmain[0;39m] [33m[XID:][0;39m [32mcom.app.oopsly.api.ApiApplication[0;39m - Starting ApiApplication using Java 21.0.5 with PID 466608 (/home/hal/dev/osmosis/api/build/classes/java/main started by hal in /home/hal/dev/osmosis/api)
2026-01-30 19:20:39,493 [34mINFO [0;39m [[34mmain[0;39m] [33m[XID:][0;39m [32mcom.app.oopsly.api.ApiApplication[0;39m - No active profile set, falling back to 1 default profile: "default"
2026-01-30 19:20:41,359 [34mINFO [0;39m [[34mmain[0;39m] [33m[XID:][0;39m [32mo.s.d.r.c.RepositoryConfigurationDelegate[0;39m - Multiple Spring Data modules found, entering strict repository configuration mode
2026-01-30 19:20:41,362 [34mINFO [0;39m [[34mmain[0;39m] [33m[XID:][0;39m [32mo.s.d.r.c.RepositoryConfigurationDelegate[0;39m - Bootstrapping Spring Data JDBC repositories in DEFAULT mode.
2026-01-30 19:20:41,430 [34mINFO [0;39m [[34mmain[0;39m] [33m[XID:][0;39m [32mo.s.d.r.c.RepositoryConfigurationExtensionSupport[0;39m - Spring Data JDBC - Could not safely identify store assignment for repository candidate interface com.app.oopsly.api.repository.CardRepository; If you want this repository to be a JDBC repository, consider annotating your entities with one of these annotations: org.springframework.data.relational.core.mapping.Table.
2026-01-30 19:20:41,433 [34mINFO [0;39m [[34mmain[0;39m] [33m[XID:][0;39m [32mo.s.d.r.c.RepositoryConfigurationExtensionSupport[0;39m - Spring Data JDBC - Could not safely identify store assignment for repository candidate interface com.app.oopsly.api.repository.QuestionRepository; If you want this repository to be a JDBC repository, consider annotating your entities with one of these annotations: org.springframework.data.relational.core.mapping.Table.
2026-01-30 19:20:41,538 [34mINFO [0;39m [[34mmain[0;39m] [33m[XID:][0;39m [32mo.s.d.r.c.RepositoryConfigurationExtensionSupport[0;39m - Spring Data JDBC - Could not safely identify store assignment for repository candidate interface com.app.oopsly.api.repository.ShelfRepository; If you want this repository to be a JDBC repository, consider annotating your entities with one of these annotations: org.springframework.data.relational.core.mapping.Table.
2026-01-30 19:20:41,540 [34mINFO [0;39m [[34mmain[0;39m] [33m[XID:][0;39m [32mo.s.d.r.c.RepositoryConfigurationExtensionSupport[0;39m - Spring Data JDBC - Could not safely identify store assignment for repository candidate interface com.app.oopsly.api.repository.SubjectRepository; If you want this repository to be a JDBC repository, consider annotating your entities with one of these annotations: org.springframework.data.relational.core.mapping.Table.
2026-01-30 19:20:41,541 [34mINFO [0;39m [[34mmain[0;39m] [33m[XID:][0;39m [32mo.s.d.r.c.RepositoryConfigurationExtensionSupport[0;39m - Spring Data JDBC - Could not safely identify store assignment for repository candidate interface com.app.oopsly.api.repository.TestSuiteRepository; If you want this repository to be a JDBC repository, consider annotating your entities with one of these annotations: org.springframework.data.relational.core.mapping.Table.
2026-01-30 19:20:41,579 [34mINFO [0;39m [[34mmain[0;39m] [33m[XID:][0;39m [32mo.s.d.r.c.RepositoryConfigurationDelegate[0;39m - Finished Spring Data repository scanning in 208 ms. Found 2 JDBC repository interfaces.
2026-01-30 19:20:41,596 [34mINFO [0;39m [[34mmain[0;39m] [33m[XID:][0;39m [32mo.s.d.r.c.RepositoryConfigurationDelegate[0;39m - Multiple Spring Data modules found, entering strict repository configuration mode
2026-01-30 19:20:41,598 [34mINFO [0;39m [[34mmain[0;39m] [33m[XID:][0;39m [32mo.s.d.r.c.RepositoryConfigurationDelegate[0;39m - Bootstrapping Spring Data JPA repositories in DEFAULT mode.
2026-01-30 19:20:41,647 [34mINFO [0;39m [[34mmain[0;39m] [33m[XID:][0;39m [32mo.s.b.f.s.DefaultListableBeanFactory[0;39m - Overriding bean definition for bean 'settingRepository' with a different definition: replacing [Root bean: class=org.springframework.data.jdbc.repository.support.JdbcRepositoryFactoryBean; scope=; abstract=false; lazyInit=false; autowireMode=0; dependencyCheck=0; autowireCandidate=true; primary=false; fallback=false; factoryBeanName=null; factoryMethodName=null; initMethodNames=null; destroyMethodNames=null; defined in com.app.oopsly.api.repository.SettingRepository defined in @EnableJdbcRepositories declared on JdbcRepositoriesRegistrar.EnableJdbcRepositoriesConfiguration] with [Root bean: class=org.springframework.data.jpa.repository.support.JpaRepositoryFactoryBean; scope=; abstract=false; lazyInit=false; autowireMode=0; dependencyCheck=0; autowireCandidate=true; primary=false; fallback=false; factoryBeanName=null; factoryMethodName=null; initMethodNames=null; destroyMethodNames=null; defined in com.app.oopsly.api.repository.SettingRepository defined in @EnableJpaRepositories declared on JpaRepositoriesRegistrar.EnableJpaRepositoriesConfiguration]
2026-01-30 19:20:41,652 [34mINFO [0;39m [[34mmain[0;39m] [33m[XID:][0;39m [32mo.s.b.f.s.DefaultListableBeanFactory[0;39m - Overriding bean definition for bean 'userRepository' with a different definition: replacing [Root bean: class=org.springframework.data.jdbc.repository.support.JdbcRepositoryFactoryBean; scope=; abstract=false; lazyInit=false; autowireMode=0; dependencyCheck=0; autowireCandidate=true; primary=false; fallback=false; factoryBeanName=null; factoryMethodName=null; initMethodNames=null; destroyMethodNames=null; defined in com.app.oopsly.api.repository.UserRepository defined in @EnableJdbcRepositories declared on JdbcRepositoriesRegistrar.EnableJdbcRepositoriesConfiguration] with [Root bean: class=org.springframework.data.jpa.repository.support.JpaRepositoryFactoryBean; scope=; abstract=false; lazyInit=false; autowireMode=0; dependencyCheck=0; autowireCandidate=true; primary=false; fallback=false; factoryBeanName=null; factoryMethodName=null; initMethodNames=null; destroyMethodNames=null; defined in com.app.oopsly.api.repository.UserRepository defined in @EnableJpaRepositories declared on JpaRepositoriesRegistrar.EnableJpaRepositoriesConfiguration]
2026-01-30 19:20:41,652 [34mINFO [0;39m [[34mmain[0;39m] [33m[XID:][0;39m [32mo.s.d.r.c.RepositoryConfigurationDelegate[0;39m - Finished Spring Data repository scanning in 38 ms. Found 7 JPA repository interfaces.
2026-01-30 19:20:41,669 [34mINFO [0;39m [[34mmain[0;39m] [33m[XID:][0;39m [32mo.s.d.r.c.RepositoryConfigurationDelegate[0;39m - Multiple Spring Data modules found, entering strict repository configuration mode
2026-01-30 19:20:41,670 [34mINFO [0;39m [[34mmain[0;39m] [33m[XID:][0;39m [32mo.s.d.r.c.RepositoryConfigurationDelegate[0;39m - Bootstrapping Spring Data Redis repositories in DEFAULT mode.
2026-01-30 19:20:41,694 [34mINFO [0;39m [[34mmain[0;39m] [33m[XID:][0;39m [32mo.s.d.r.c.RepositoryConfigurationExtensionSupport[0;39m - Spring Data Redis - Could not safely identify store assignment for repository candidate interface com.app.oopsly.api.repository.CardRepository; If you want this repository to be a Redis repository, consider annotating your entities with one of these annotations: org.springframework.data.redis.core.RedisHash (preferred), or consider extending one of the following types with your repository: org.springframework.data.keyvalue.repository.KeyValueRepository
2026-01-30 19:20:41,694 [34mINFO [0;39m [[34mmain[0;39m] [33m[XID:][0;39m [32mo.s.d.r.c.RepositoryConfigurationExtensionSupport[0;39m - Spring Data Redis - Could not safely identify store assignment for repository candidate interface com.app.oopsly.api.repository.QuestionRepository; If you want this repository to be a Redis repository, consider annotating your entities with one of these annotations: org.springframework.data.redis.core.RedisHash (preferred), or consider extending one of the following types with your repository: org.springframework.data.keyvalue.repository.KeyValueRepository
2026-01-30 19:20:41,695 [34mINFO [0;39m [[34mmain[0;39m] [33m[XID:][0;39m [32mo.s.d.r.c.RepositoryConfigurationExtensionSupport[0;39m - Spring Data Redis - Could not safely identify store assignment for repository candidate interface com.app.oopsly.api.repository.SettingRepository; If you want this repository to be a Redis repository, consider annotating your entities with one of these annotations: org.springframework.data.redis.core.RedisHash (preferred), or consider extending one of the following types with your repository: org.springframework.data.keyvalue.repository.KeyValueRepository
2026-01-30 19:20:41,696 [34mINFO [0;39m [[34mmain[0;39m] [33m[XID:][0;39m [32mo.s.d.r.c.RepositoryConfigurationExtensionSupport[0;39m - Spring Data Redis - Could not safely identify store assignment for repository candidate interface com.app.oopsly.api.repository.ShelfRepository; If you want this repository to be a Redis repository, consider annotating your entities with one of these annotations: org.springframework.data.redis.core.RedisHash (preferred), or consider extending one of the following types with your repository: org.springframework.data.keyvalue.repository.KeyValueRepository
2026-01-30 19:20:41,696 [34mINFO [0;39m [[34mmain[0;39m] [33m[XID:][0;39m [32mo.s.d.r.c.RepositoryConfigurationExtensionSupport[0;39m - Spring Data Redis - Could not safely identify store assignment for repository candidate interface com.app.oopsly.api.repository.SubjectRepository; If you want this repository to be a Redis repository, consider annotating your entities with one of these annotations: org.springframework.data.redis.core.RedisHash (preferred), or consider extending one of the following types with your repository: org.springframework.data.keyvalue.repository.KeyValueRepository
2026-01-30 19:20:41,697 [34mINFO [0;39m [[34mmain[0;39m] [33m[XID:][0;39m [32mo.s.d.r.c.RepositoryConfigurationExtensionSupport[0;39m - Spring Data Redis - Could not safely identify store assignment for repository candidate interface com.app.oopsly.api.repository.TestSuiteRepository; If you want this repository to be a Redis repository, consider annotating your entities with one of these annotations: org.springframework.data.redis.core.RedisHash (preferred), or consider extending one of the following types with your repository: org.springframework.data.keyvalue.repository.KeyValueRepository
2026-01-30 19:20:41,697 [34mINFO [0;39m [[34mmain[0;39m] [33m[XID:][0;39m [32mo.s.d.r.c.RepositoryConfigurationExtensionSupport[0;39m - Spring Data Redis - Could not safely identify store assignment for repository candidate interface com.app.oopsly.api.repository.UserRepository; If you want this repository to be a Redis repository, consider annotating your entities with one of these annotations: org.springframework.data.redis.core.RedisHash (preferred), or consider extending one of the following types with your repository: org.springframework.data.keyvalue.repository.KeyValueRepository
2026-01-30 19:20:41,698 [34mINFO [0;39m [[34mmain[0;39m] [33m[XID:][0;39m [32mo.s.d.r.c.RepositoryConfigurationDelegate[0;39m - Finished Spring Data repository scanning in 10 ms. Found 0 Redis repository interfaces.
2026-01-30 19:20:43,234 [34mINFO [0;39m [[34mmain[0;39m] [33m[XID:][0;39m [32mo.s.b.w.e.tomcat.TomcatWebServer[0;39m - Tomcat initialized with port 9009 (http)
2026-01-30 19:20:43,254 [34mINFO [0;39m [[34mmain[0;39m] [33m[XID:][0;39m [32mo.a.coyote.http11.Http11NioProtocol[0;39m - Initializing ProtocolHandler ["http-nio-9009"]
2026-01-30 19:20:43,257 [34mINFO [0;39m [[34mmain[0;39m] [33m[XID:][0;39m [32mo.a.catalina.core.StandardService[0;39m - Starting service [Tomcat]
2026-01-30 19:20:43,258 [34mINFO [0;39m [[34mmain[0;39m] [33m[XID:][0;39m [32mo.a.catalina.core.StandardEngine[0;39m - Starting Servlet engine: [Apache Tomcat/10.1.49]
2026-01-30 19:20:43,340 [34mINFO [0;39m [[34mmain[0;39m] [33m[XID:][0;39m [32mo.a.c.c.C.[.[.[/api/v1/oopsly][0;39m - Initializing Spring embedded WebApplicationContext
2026-01-30 19:20:43,341 [34mINFO [0;39m [[34mmain[0;39m] [33m[XID:][0;39m [32mo.s.b.w.s.c.ServletWebServerApplicationContext[0;39m - Root WebApplicationContext: initialization completed in 3756 ms
2026-01-30 19:20:44,733 [34mINFO [0;39m [[34mmain[0;39m] [33m[XID:][0;39m [32mo.s.o.j.p.SpringPersistenceUnitInfo[0;39m - No LoadTimeWeaver setup: ignoring JPA class transformer
2026-01-30 19:20:44,787 [34mINFO [0;39m [[34mmain[0;39m] [33m[XID:][0;39m [32mcom.zaxxer.hikari.HikariDataSource[0;39m - HikariPool-1 - Starting...
2026-01-30 19:20:45,024 [34mINFO [0;39m [[34mmain[0;39m] [33m[XID:][0;39m [32mcom.zaxxer.hikari.pool.HikariPool[0;39m - HikariPool-1 - Added connection org.postgresql.jdbc.PgConnection@71eead09
2026-01-30 19:20:45,027 [34mINFO [0;39m [[34mmain[0;39m] [33m[XID:][0;39m [32mcom.zaxxer.hikari.HikariDataSource[0;39m - HikariPool-1 - Start completed.
2026-01-30 19:20:47,625 [34mINFO [0;39m [[34mmain[0;39m] [33m[XID:][0;39m [32mo.s.o.j.LocalContainerEntityManagerFactoryBean[0;39m - Initialized JPA EntityManagerFactory for persistence unit 'default'
2026-01-30 19:20:48,341 [34mINFO [0;39m [[34mmain[0;39m] [33m[XID:][0;39m [32mo.s.d.j.r.query.QueryEnhancerFactory[0;39m - Hibernate is in classpath; If applicable, HQL parser will be used.
2026-01-30 19:20:52,102 [31mWARN [0;39m [[34mmain[0;39m] [33m[XID:][0;39m [32mo.s.b.a.o.j.JpaBaseConfiguration$JpaWebConfiguration[0;39m - spring.jpa.open-in-view is enabled by default. Therefore, database queries may be performed during view rendering. Explicitly configure spring.jpa.open-in-view to disable this warning
2026-01-30 19:20:53,519 [34mINFO [0;39m [[34mmain[0;39m] [33m[XID:][0;39m [32mo.s.b.a.e.web.EndpointLinksResolver[0;39m - Exposing 1 endpoint beneath base path '/actuator'
2026-01-30 19:20:53,617 [31mWARN [0;39m [[34mmain[0;39m] [33m[XID:][0;39m [32mo.s.b.a.s.s.UserDetailsServiceAutoConfiguration[0;39m - 

Using generated security password: 82c26ef7-a411-42fb-b546-8306a35378eb

This generated password is for development use only. Your security configuration must be updated before running your application in production.

2026-01-30 19:20:53,635 [34mINFO [0;39m [[34mmain[0;39m] [33m[XID:][0;39m [32mo.s.s.c.a.a.c.InitializeUserDetailsBeanManagerConfigurer$InitializeUserDetailsManagerConfigurer[0;39m - Global AuthenticationManager configured with UserDetailsService bean with name inMemoryUserDetailsManager
2026-01-30 19:20:53,751 [31mWARN [0;39m [[34mmain[0;39m] [33m[XID:][0;39m [32mo.s.s.c.a.w.c.AuthorizeHttpRequestsConfigurer$AuthorizationManagerRequestMatcherRegistry[0;39m - One of the patterns in [/otp/**, /actuator/health, **/refresh-token, /swagger-ui/**, /api-docs/**] is missing a leading slash. This is discouraged; please include the leading slash in all your request matcher patterns. In future versions of Spring Security, leaving out the leading slash will result in an exception.
2026-01-30 19:20:56,205 [34mINFO [0;39m [[34mmain[0;39m] [33m[XID:][0;39m [32mo.a.coyote.http11.Http11NioProtocol[0;39m - Starting ProtocolHandler ["http-nio-9009"]
2026-01-30 19:20:56,226 [34mINFO [0;39m [[34mmain[0;39m] [33m[XID:][0;39m [32mo.s.b.w.e.tomcat.TomcatWebServer[0;39m - Tomcat started on port 9009 (http) with context path '/api/v1/oopsly'
2026-01-30 19:20:56,251 [34mINFO [0;39m [[34mmain[0;39m] [33m[XID:][0;39m [32mcom.app.oopsly.api.ApiApplication[0;39m - Started ApiApplication in 17.743 seconds (process running for 18.471)
2026-01-30 19:22:49,954 [34mINFO [0;39m [[34mtomcat-handler-0[0;39m] [33m[XID:][0;39m [32mo.a.c.c.C.[.[.[/api/v1/oopsly][0;39m - Initializing Spring DispatcherServlet 'dispatcherServlet'
2026-01-30 19:22:49,955 [34mINFO [0;39m [[34mtomcat-handler-0[0;39m] [33m[XID:][0;39m [32mo.s.web.servlet.DispatcherServlet[0;39m - Initializing Servlet 'dispatcherServlet'
2026-01-30 19:22:49,960 [34mINFO [0;39m [[34mtomcat-handler-0[0;39m] [33m[XID:][0;39m [32mo.s.web.servlet.DispatcherServlet[0;39m - Completed initialization in 4 ms
2026-01-30 19:22:50,028 [34mINFO [0;39m [[34mtomcat-handler-0[0;39m] [33m[XID:][0;39m [32mc.a.o.a.c.JwtAuthenticationFilter[0;39m - Filtering request: /api/v1/oopsly/otp
2026-01-30 19:22:50,029 [31mWARN [0;39m [[34mtomcat-handler-0[0;39m] [33m[XID:][0;39m [32mc.a.o.a.c.JwtAuthenticationFilter[0;39m - Authorization header not present
2026-01-30 19:22:50,090 [34mINFO [0;39m [[34mtomcat-handler-0[0;39m] [33m[XID:ff0dca08-b329-46a9-992b-21ad37d6b8f0][0;39m [32mc.a.oopsly.api.config.LoggingConfig[0;39m - Request: OPTIONS /api/v1/oopsly/otp | Status: 200 | 49 ms
2026-01-30 19:22:50,096 [34mINFO [0;39m [[34mtomcat-handler-1[0;39m] [33m[XID:][0;39m [32mc.a.o.a.c.JwtAuthenticationFilter[0;39m - Filtering request: /api/v1/oopsly/otp
2026-01-30 19:22:50,097 [31mWARN [0;39m [[34mtomcat-handler-1[0;39m] [33m[XID:][0;39m [32mc.a.o.a.c.JwtAuthenticationFilter[0;39m - Authorization header not present
2026-01-30 19:22:50,198 [34mINFO [0;39m [[34mtomcat-handler-1[0;39m] [33m[XID:pwebn5b5x3oyjso][0;39m [32mc.a.o.a.service.impl.OTPServiceImpl[0;39m - Sending OTP email to h******************m
2026-01-30 19:22:50,782 [34mINFO [0;39m [[34mtomcat-handler-1[0;39m] [33m[XID:pwebn5b5x3oyjso][0;39m [32mc.a.o.a.service.impl.OTPServiceImpl[0;39m - OTP process completed for h******************m
2026-01-30 19:22:50,880 [34mINFO [0;39m [[34mtomcat-handler-1[0;39m] [33m[XID:pwebn5b5x3oyjso][0;39m [32mc.a.oopsly.api.config.LoggingConfig[0;39m - Request: POST /api/v1/oopsly/otp | Status: 200 | 782 ms
2026-01-30 19:22:55,272 [34mINFO [0;39m [[34mForkJoinPool.commonPool-worker-1[0;39m] [33m[XID:][0;39m [32mc.a.o.a.service.impl.OTPServiceImpl[0;39m - Async: OTP email sent successfully to h******************m
2026-01-30 19:23:16,094 [34mINFO [0;39m [[34mtomcat-handler-2[0;39m] [33m[XID:][0;39m [32mc.a.o.a.c.JwtAuthenticationFilter[0;39m - Filtering request: /api/v1/oopsly/otp/validate
2026-01-30 19:23:16,095 [31mWARN [0;39m [[34mtomcat-handler-2[0;39m] [33m[XID:][0;39m [32mc.a.o.a.c.JwtAuthenticationFilter[0;39m - Authorization header not present
2026-01-30 19:23:16,259 [34mINFO [0;39m [[34mtomcat-handler-2[0;39m] [33m[XID:pwebcqut7iftbyr][0;39m [32mc.a.o.a.service.impl.OTPServiceImpl[0;39m - Checking OTP for hao.e4work
2026-01-30 19:23:16,274 [34mINFO [0;39m [[34mtomcat-handler-2[0;39m] [33m[XID:pwebcqut7iftbyr][0;39m [32mc.a.o.a.service.impl.OTPServiceImpl[0;39m - Authentication successful for h******************m. Generating token..
2026-01-30 19:23:16,560 [34mINFO [0;39m [[34mtomcat-handler-2[0;39m] [33m[XID:pwebcqut7iftbyr][0;39m [32mc.a.o.a.service.impl.OTPServiceImpl[0;39m - Generating JWT token for h******************m
2026-01-30 19:23:16,725 [34mINFO [0;39m [[34mtomcat-handler-2[0;39m] [33m[XID:pwebcqut7iftbyr][0;39m [32mc.a.o.a.service.impl.OTPServiceImpl[0;39m - Saving refresh token into cache for user h******************m
2026-01-30 19:23:16,737 [34mINFO [0;39m [[34mtomcat-handler-2[0;39m] [33m[XID:pwebcqut7iftbyr][0;39m [32mc.a.oopsly.api.config.LoggingConfig[0;39m - Request: POST /api/v1/oopsly/otp/validate | Status: 200 | 641 ms
2026-01-30 19:23:16,873 [34mINFO [0;39m [[34mtomcat-handler-3[0;39m] [33m[XID:][0;39m [32mc.a.o.a.c.JwtAuthenticationFilter[0;39m - Filtering request: /api/v1/oopsly/shelves
2026-01-30 19:23:16,873 [31mWARN [0;39m [[34mtomcat-handler-3[0;39m] [33m[XID:][0;39m [32mc.a.o.a.c.JwtAuthenticationFilter[0;39m - Authorization header not present
2026-01-30 19:23:16,877 [34mINFO [0;39m [[34mtomcat-handler-3[0;39m] [33m[XID:7e3fc284-684e-428c-8681-5a48e11512c2][0;39m [32mc.a.oopsly.api.config.LoggingConfig[0;39m - Request: OPTIONS /api/v1/oopsly/shelves | Status: 200 | 2 ms
2026-01-30 19:23:16,888 [34mINFO [0;39m [[34mtomcat-handler-4[0;39m] [33m[XID:][0;39m [32mc.a.o.a.c.JwtAuthenticationFilter[0;39m - Filtering request: /api/v1/oopsly/shelves
2026-01-30 19:23:16,889 [34mINFO [0;39m [[34mtomcat-handler-4[0;39m] [33m[XID:][0;39m [32mc.a.o.a.c.JwtAuthenticationFilter[0;39m - Attempting to authenticate using jwt
2026-01-30 19:23:17,000 [34mINFO [0;39m [[34mtomcat-handler-4[0;39m] [33m[XID:][0;39m [32mc.a.o.a.c.JwtAuthenticationFilter[0;39m - User 7f000101-9bf3-1319-819b-f35c1d640000 authenticated with role USER
2026-01-30 19:23:17,180 [34mINFO [0;39m [[34mtomcat-handler-4[0;39m] [33m[XID:awebkge64k7nn3][0;39m [32mc.a.o.a.s.impl.ShelfServiceImpl[0;39m - Fetching shelves page 0 size 100 for user 7f000101-9bf3-1319-819b-f35c1d640000
2026-01-30 19:23:21,601 [34mINFO [0;39m [[34mtomcat-handler-4[0;39m] [33m[XID:awebkge64k7nn3][0;39m [32mc.a.oopsly.api.config.LoggingConfig[0;39m - Request: GET /api/v1/oopsly/shelves | Status: 200 | 4598 ms
2026-01-30 19:29:47,991 [34mINFO [0;39m [[34mtomcat-handler-7[0;39m] [33m[XID:][0;39m [32mc.a.o.a.c.JwtAuthenticationFilter[0;39m - Filtering request: /api/v1/oopsly/shelves/7f000101-9bf3-1319-819b-f35c54120001/subjects/7f000101-9bf3-1319-819b-f35c75e60002/cards
2026-01-30 19:29:47,991 [34mINFO [0;39m [[34mtomcat-handler-6[0;39m] [33m[XID:][0;39m [32mc.a.o.a.c.JwtAuthenticationFilter[0;39m - Filtering request: /api/v1/oopsly/shelves/7f000101-9bf3-1319-819b-f35c54120001/subjects/7f000101-9bf3-1319-819b-f35c75e60002
2026-01-30 19:29:47,993 [31mWARN [0;39m [[34mtomcat-handler-7[0;39m] [33m[XID:][0;39m [32mc.a.o.a.c.JwtAuthenticationFilter[0;39m - Authorization header not present
2026-01-30 19:29:47,993 [31mWARN [0;39m [[34mtomcat-handler-6[0;39m] [33m[XID:][0;39m [32mc.a.o.a.c.JwtAuthenticationFilter[0;39m - Authorization header not present
2026-01-30 19:29:47,999 [34mINFO [0;39m [[34mtomcat-handler-7[0;39m] [33m[XID:32b4bf76-018d-4866-889e-812122dffd88][0;39m [32mc.a.oopsly.api.config.LoggingConfig[0;39m - Request: OPTIONS /api/v1/oopsly/shelves/7f000101-9bf3-1319-819b-f35c54120001/subjects/7f000101-9bf3-1319-819b-f35c75e60002/cards | Status: 200 | 4 ms
2026-01-30 19:29:48,002 [34mINFO [0;39m [[34mtomcat-handler-6[0;39m] [33m[XID:3009917b-2e4f-4e7d-b762-bfa9387fb107][0;39m [32mc.a.oopsly.api.config.LoggingConfig[0;39m - Request: OPTIONS /api/v1/oopsly/shelves/7f000101-9bf3-1319-819b-f35c54120001/subjects/7f000101-9bf3-1319-819b-f35c75e60002 | Status: 200 | 7 ms
2026-01-30 19:29:48,010 [34mINFO [0;39m [[34mtomcat-handler-8[0;39m] [33m[XID:][0;39m [32mc.a.o.a.c.JwtAuthenticationFilter[0;39m - Filtering request: /api/v1/oopsly/shelves/7f000101-9bf3-1319-819b-f35c54120001/subjects/7f000101-9bf3-1319-819b-f35c75e60002/cards
2026-01-30 19:29:48,011 [34mINFO [0;39m [[34mtomcat-handler-8[0;39m] [33m[XID:][0;39m [32mc.a.o.a.c.JwtAuthenticationFilter[0;39m - Attempting to authenticate using jwt
2026-01-30 19:29:48,013 [34mINFO [0;39m [[34mtomcat-handler-9[0;39m] [33m[XID:][0;39m [32mc.a.o.a.c.JwtAuthenticationFilter[0;39m - Filtering request: /api/v1/oopsly/shelves/7f000101-9bf3-1319-819b-f35c54120001/subjects/7f000101-9bf3-1319-819b-f35c75e60002
2026-01-30 19:29:48,013 [34mINFO [0;39m [[34mtomcat-handler-9[0;39m] [33m[XID:][0;39m [32mc.a.o.a.c.JwtAuthenticationFilter[0;39m - Attempting to authenticate using jwt
2026-01-30 19:29:48,015 [34mINFO [0;39m [[34mtomcat-handler-9[0;39m] [33m[XID:][0;39m [32mc.a.o.a.c.JwtAuthenticationFilter[0;39m - User 7f000101-9bf3-1319-819b-f35c1d640000 authenticated with role USER
2026-01-30 19:29:48,016 [34mINFO [0;39m [[34mtomcat-handler-8[0;39m] [33m[XID:][0;39m [32mc.a.o.a.c.JwtAuthenticationFilter[0;39m - User 7f000101-9bf3-1319-819b-f35c1d640000 authenticated with role USER
2026-01-30 19:29:48,040 [34mINFO [0;39m [[34mtomcat-handler-9[0;39m] [33m[XID:aweb2vnk6i3oda2][0;39m [32mc.a.o.a.controller.SubjectController[0;39m - Getting subject: 7f000101-9bf3-1319-819b-f35c75e60002 from shelve: 7f000101-9bf3-1319-819b-f35c54120001
2026-01-30 19:29:48,046 [34mINFO [0;39m [[34mtomcat-handler-9[0;39m] [33m[XID:aweb2vnk6i3oda2][0;39m [32mc.a.o.a.s.impl.SubjectServiceImpl[0;39m - Getting subject: 7f000101-9bf3-1319-819b-f35c75e60002 from shelf: 7f000101-9bf3-1319-819b-f35c54120001
2026-01-30 19:29:48,060 [34mINFO [0;39m [[34mtomcat-handler-8[0;39m] [33m[XID:awebsacvnlpp56j][0;39m [32mc.a.o.api.controller.CardController[0;39m - Getting all cards for subject: 7f000101-9bf3-1319-819b-f35c75e60002 in shelve: 7f000101-9bf3-1319-819b-f35c54120001 with page: 0 and size: 1000
2026-01-30 19:29:48,062 [34mINFO [0;39m [[34mtomcat-handler-8[0;39m] [33m[XID:awebsacvnlpp56j][0;39m [32mc.a.o.a.service.impl.CardServiceImpl[0;39m - Getting all cards for subject: 7f000101-9bf3-1319-819b-f35c75e60002 in shelve: 7f000101-9bf3-1319-819b-f35c54120001 with page: 0 and size: 1000
2026-01-30 19:29:48,084 [34mINFO [0;39m [[34mtomcat-handler-9[0;39m] [33m[XID:aweb2vnk6i3oda2][0;39m [32mc.a.o.a.s.impl.SubjectServiceImpl[0;39m - Successfully retrieved subject: 7f000101-9bf3-1319-819b-f35c75e60002
2026-01-30 19:29:48,091 [34mINFO [0;39m [[34mtomcat-handler-9[0;39m] [33m[XID:aweb2vnk6i3oda2][0;39m [32mc.a.oopsly.api.config.LoggingConfig[0;39m - Request: GET /api/v1/oopsly/shelves/7f000101-9bf3-1319-819b-f35c54120001/subjects/7f000101-9bf3-1319-819b-f35c75e60002 | Status: 200 | 74 ms
2026-01-30 19:29:48,093 [34mINFO [0;39m [[34mtomcat-handler-8[0;39m] [33m[XID:awebsacvnlpp56j][0;39m [32mc.a.o.a.service.impl.CardServiceImpl[0;39m - Successfully retrieved 0 cards for subject: 7f000101-9bf3-1319-819b-f35c75e60002 (total: 0)
2026-01-30 19:29:48,097 [34mINFO [0;39m [[34mtomcat-handler-8[0;39m] [33m[XID:awebsacvnlpp56j][0;39m [32mc.a.oopsly.api.config.LoggingConfig[0;39m - Request: GET /api/v1/oopsly/shelves/7f000101-9bf3-1319-819b-f35c54120001/subjects/7f000101-9bf3-1319-819b-f35c75e60002/cards | Status: 200 | 79 ms
2026-01-30 19:31:38,480 [34mINFO [0;39m [[34mtomcat-handler-12[0;39m] [33m[XID:][0;39m [32mc.a.o.a.c.JwtAuthenticationFilter[0;39m - Filtering request: /api/v1/oopsly/otp
2026-01-30 19:31:38,481 [31mWARN [0;39m [[34mtomcat-handler-12[0;39m] [33m[XID:][0;39m [32mc.a.o.a.c.JwtAuthenticationFilter[0;39m - Authorization header not present
2026-01-30 19:31:38,484 [34mINFO [0;39m [[34mtomcat-handler-12[0;39m] [33m[XID:pwebmzu93olr05b][0;39m [32mc.a.o.a.service.impl.OTPServiceImpl[0;39m - Sending OTP email to h******************m
2026-01-30 19:31:38,493 [34mINFO [0;39m [[34mtomcat-handler-12[0;39m] [33m[XID:pwebmzu93olr05b][0;39m [32mc.a.o.a.service.impl.OTPServiceImpl[0;39m - OTP process completed for h******************m
2026-01-30 19:31:38,497 [34mINFO [0;39m [[34mtomcat-handler-12[0;39m] [33m[XID:pwebmzu93olr05b][0;39m [32mc.a.oopsly.api.config.LoggingConfig[0;39m - Request: POST /api/v1/oopsly/otp | Status: 200 | 15 ms
2026-01-30 19:31:42,983 [34mINFO [0;39m [[34mForkJoinPool.commonPool-worker-2[0;39m] [33m[XID:][0;39m [32mc.a.o.a.service.impl.OTPServiceImpl[0;39m - Async: OTP email sent successfully to h******************m
2026-01-30 19:32:01,487 [34mINFO [0;39m [[34mtomcat-handler-13[0;39m] [33m[XID:][0;39m [32mc.a.o.a.c.JwtAuthenticationFilter[0;39m - Filtering request: /api/v1/oopsly/otp/validate
2026-01-30 19:32:01,487 [31mWARN [0;39m [[34mtomcat-handler-13[0;39m] [33m[XID:][0;39m [32mc.a.o.a.c.JwtAuthenticationFilter[0;39m - Authorization header not present
2026-01-30 19:32:01,490 [34mINFO [0;39m [[34mtomcat-handler-13[0;39m] [33m[XID:07183728-6403-4039-bf97-de8d24df46e7][0;39m [32mc.a.oopsly.api.config.LoggingConfig[0;39m - Request: OPTIONS /api/v1/oopsly/otp/validate | Status: 200 | 1 ms
2026-01-30 19:32:01,495 [34mINFO [0;39m [[34mtomcat-handler-14[0;39m] [33m[XID:][0;39m [32mc.a.o.a.c.JwtAuthenticationFilter[0;39m - Filtering request: /api/v1/oopsly/otp/validate
2026-01-30 19:32:01,495 [31mWARN [0;39m [[34mtomcat-handler-14[0;39m] [33m[XID:][0;39m [32mc.a.o.a.c.JwtAuthenticationFilter[0;39m - Authorization header not present
2026-01-30 19:32:01,500 [34mINFO [0;39m [[34mtomcat-handler-14[0;39m] [33m[XID:pwebh3p6k4bqxch][0;39m [32mc.a.o.a.service.impl.OTPServiceImpl[0;39m - Checking OTP for hao.e4work
2026-01-30 19:32:01,508 [34mINFO [0;39m [[34mtomcat-handler-14[0;39m] [33m[XID:pwebh3p6k4bqxch][0;39m [32mc.a.o.a.service.impl.OTPServiceImpl[0;39m - Authentication successful for h******************m. Generating token..
2026-01-30 19:32:01,516 [34mINFO [0;39m [[34mtomcat-handler-14[0;39m] [33m[XID:pwebh3p6k4bqxch][0;39m [32mc.a.o.a.service.impl.OTPServiceImpl[0;39m - Generating JWT token for h******************m
2026-01-30 19:32:01,518 [34mINFO [0;39m [[34mtomcat-handler-14[0;39m] [33m[XID:pwebh3p6k4bqxch][0;39m [32mc.a.o.a.service.impl.OTPServiceImpl[0;39m - Saving refresh token into cache for user h******************m
2026-01-30 19:32:01,522 [34mINFO [0;39m [[34mtomcat-handler-14[0;39m] [33m[XID:pwebh3p6k4bqxch][0;39m [32mc.a.oopsly.api.config.LoggingConfig[0;39m - Request: POST /api/v1/oopsly/otp/validate | Status: 200 | 26 ms
2026-01-30 19:32:01,656 [34mINFO [0;39m [[34mtomcat-handler-15[0;39m] [33m[XID:][0;39m [32mc.a.o.a.c.JwtAuthenticationFilter[0;39m - Filtering request: /api/v1/oopsly/shelves
2026-01-30 19:32:01,656 [34mINFO [0;39m [[34mtomcat-handler-15[0;39m] [33m[XID:][0;39m [32mc.a.o.a.c.JwtAuthenticationFilter[0;39m - Attempting to authenticate using jwt
2026-01-30 19:32:01,667 [34mINFO [0;39m [[34mtomcat-handler-15[0;39m] [33m[XID:][0;39m [32mc.a.o.a.c.JwtAuthenticationFilter[0;39m - User 7f000101-9bf3-1319-819b-f35c1d640000 authenticated with role USER
2026-01-30 19:32:01,674 [34mINFO [0;39m [[34mtomcat-handler-15[0;39m] [33m[XID:aweb76e996vlep4][0;39m [32mc.a.o.a.s.impl.ShelfServiceImpl[0;39m - Fetching shelves page 0 size 100 for user 7f000101-9bf3-1319-819b-f35c1d640000
2026-01-30 19:32:01,704 [34mINFO [0;39m [[34mtomcat-handler-15[0;39m] [33m[XID:aweb76e996vlep4][0;39m [32mc.a.oopsly.api.config.LoggingConfig[0;39m - Request: GET /api/v1/oopsly/shelves | Status: 200 | 35 ms
2026-01-30 19:35:20,234 [34mINFO [0;39m [[34mtomcat-handler-18[0;39m] [33m[XID:][0;39m [32mc.a.o.a.c.JwtAuthenticationFilter[0;39m - Filtering request: /api/v1/oopsly/shelves/7f000101-9bf3-1319-819b-f35c54120001/subjects/7f000101-9bf3-1319-819b-f35c75e60002/cards
2026-01-30 19:35:20,234 [34mINFO [0;39m [[34mtomcat-handler-17[0;39m] [33m[XID:][0;39m [32mc.a.o.a.c.JwtAuthenticationFilter[0;39m - Filtering request: /api/v1/oopsly/shelves/7f000101-9bf3-1319-819b-f35c54120001/subjects/7f000101-9bf3-1319-819b-f35c75e60002
2026-01-30 19:35:20,236 [34mINFO [0;39m [[34mtomcat-handler-17[0;39m] [33m[XID:][0;39m [32mc.a.o.a.c.JwtAuthenticationFilter[0;39m - Attempting to authenticate using jwt
2026-01-30 19:35:20,236 [34mINFO [0;39m [[34mtomcat-handler-18[0;39m] [33m[XID:][0;39m [32mc.a.o.a.c.JwtAuthenticationFilter[0;39m - Attempting to authenticate using jwt
2026-01-30 19:35:20,239 [34mINFO [0;39m [[34mtomcat-handler-18[0;39m] [33m[XID:][0;39m [32mc.a.o.a.c.JwtAuthenticationFilter[0;39m - User 7f000101-9bf3-1319-819b-f35c1d640000 authenticated with role USER
2026-01-30 19:35:20,243 [34mINFO [0;39m [[34mtomcat-handler-17[0;39m] [33m[XID:][0;39m [32mc.a.o.a.c.JwtAuthenticationFilter[0;39m - User 7f000101-9bf3-1319-819b-f35c1d640000 authenticated with role USER
2026-01-30 19:35:20,245 [34mINFO [0;39m [[34mtomcat-handler-18[0;39m] [33m[XID:awebf77b03s8sg5][0;39m [32mc.a.o.api.controller.CardController[0;39m - Getting all cards for subject: 7f000101-9bf3-1319-819b-f35c75e60002 in shelve: 7f000101-9bf3-1319-819b-f35c54120001 with page: 0 and size: 1000
2026-01-30 19:35:20,247 [34mINFO [0;39m [[34mtomcat-handler-18[0;39m] [33m[XID:awebf77b03s8sg5][0;39m [32mc.a.o.a.service.impl.CardServiceImpl[0;39m - Getting all cards for subject: 7f000101-9bf3-1319-819b-f35c75e60002 in shelve: 7f000101-9bf3-1319-819b-f35c54120001 with page: 0 and size: 1000
2026-01-30 19:35:20,248 [34mINFO [0;39m [[34mtomcat-handler-17[0;39m] [33m[XID:awebww1koc0ymp][0;39m [32mc.a.o.a.controller.SubjectController[0;39m - Getting subject: 7f000101-9bf3-1319-819b-f35c75e60002 from shelve: 7f000101-9bf3-1319-819b-f35c54120001
2026-01-30 19:35:20,249 [34mINFO [0;39m [[34mtomcat-handler-17[0;39m] [33m[XID:awebww1koc0ymp][0;39m [32mc.a.o.a.s.impl.SubjectServiceImpl[0;39m - Getting subject: 7f000101-9bf3-1319-819b-f35c75e60002 from shelf: 7f000101-9bf3-1319-819b-f35c54120001
2026-01-30 19:35:20,259 [34mINFO [0;39m [[34mtomcat-handler-17[0;39m] [33m[XID:awebww1koc0ymp][0;39m [32mc.a.o.a.s.impl.SubjectServiceImpl[0;39m - Successfully retrieved subject: 7f000101-9bf3-1319-819b-f35c75e60002
2026-01-30 19:35:20,262 [34mINFO [0;39m [[34mtomcat-handler-18[0;39m] [33m[XID:awebf77b03s8sg5][0;39m [32mc.a.o.a.service.impl.CardServiceImpl[0;39m - Successfully retrieved 0 cards for subject: 7f000101-9bf3-1319-819b-f35c75e60002 (total: 0)
2026-01-30 19:35:20,263 [34mINFO [0;39m [[34mtomcat-handler-17[0;39m] [33m[XID:awebww1koc0ymp][0;39m [32mc.a.oopsly.api.config.LoggingConfig[0;39m - Request: GET /api/v1/oopsly/shelves/7f000101-9bf3-1319-819b-f35c54120001/subjects/7f000101-9bf3-1319-819b-f35c75e60002 | Status: 200 | 18 ms
2026-01-30 19:35:20,267 [34mINFO [0;39m [[34mtomcat-handler-18[0;39m] [33m[XID:awebf77b03s8sg5][0;39m [32mc.a.oopsly.api.config.LoggingConfig[0;39m - Request: GET /api/v1/oopsly/shelves/7f000101-9bf3-1319-819b-f35c54120001/subjects/7f000101-9bf3-1319-819b-f35c75e60002/cards | Status: 200 | 27 ms
2026-01-30 19:35:37,239 [34mINFO [0;39m [[34mtomcat-handler-19[0;39m] [33m[XID:][0;39m [32mc.a.o.a.c.JwtAuthenticationFilter[0;39m - Filtering request: /api/v1/oopsly/shelves/7f000101-9bf3-1319-819b-f35c54120001/subjects/7f000101-9bf3-1319-819b-f35c75e60002
2026-01-30 19:35:37,239 [34mINFO [0;39m [[34mtomcat-handler-19[0;39m] [33m[XID:][0;39m [32mc.a.o.a.c.JwtAuthenticationFilter[0;39m - Attempting to authenticate using jwt
2026-01-30 19:35:37,241 [34mINFO [0;39m [[34mtomcat-handler-19[0;39m] [33m[XID:][0;39m [32mc.a.o.a.c.JwtAuthenticationFilter[0;39m - User 7f000101-9bf3-1319-819b-f35c1d640000 authenticated with role USER
2026-01-30 19:35:37,245 [34mINFO [0;39m [[34mtomcat-handler-19[0;39m] [33m[XID:awebup97jxj7zee][0;39m [32mc.a.o.a.controller.SubjectController[0;39m - Getting subject: 7f000101-9bf3-1319-819b-f35c75e60002 from shelve: 7f000101-9bf3-1319-819b-f35c54120001
2026-01-30 19:35:37,246 [34mINFO [0;39m [[34mtomcat-handler-19[0;39m] [33m[XID:awebup97jxj7zee][0;39m [32mc.a.o.a.s.impl.SubjectServiceImpl[0;39m - Getting subject: 7f000101-9bf3-1319-819b-f35c75e60002 from shelf: 7f000101-9bf3-1319-819b-f35c54120001
2026-01-30 19:35:37,246 [34mINFO [0;39m [[34mtomcat-handler-20[0;39m] [33m[XID:][0;39m [32mc.a.o.a.c.JwtAuthenticationFilter[0;39m - Filtering request: /api/v1/oopsly/shelves/7f000101-9bf3-1319-819b-f35c54120001/subjects/7f000101-9bf3-1319-819b-f35c75e60002/cards
2026-01-30 19:35:37,246 [34mINFO [0;39m [[34mtomcat-handler-20[0;39m] [33m[XID:][0;39m [32mc.a.o.a.c.JwtAuthenticationFilter[0;39m - Attempting to authenticate using jwt
2026-01-30 19:35:37,248 [34mINFO [0;39m [[34mtomcat-handler-20[0;39m] [33m[XID:][0;39m [32mc.a.o.a.c.JwtAuthenticationFilter[0;39m - User 7f000101-9bf3-1319-819b-f35c1d640000 authenticated with role USER
2026-01-30 19:35:37,252 [34mINFO [0;39m [[34mtomcat-handler-20[0;39m] [33m[XID:awebtnzh6a7e0j][0;39m [32mc.a.o.api.controller.CardController[0;39m - Getting all cards for subject: 7f000101-9bf3-1319-819b-f35c75e60002 in shelve: 7f000101-9bf3-1319-819b-f35c54120001 with page: 0 and size: 1000
2026-01-30 19:35:37,253 [34mINFO [0;39m [[34mtomcat-handler-20[0;39m] [33m[XID:awebtnzh6a7e0j][0;39m [32mc.a.o.a.service.impl.CardServiceImpl[0;39m - Getting all cards for subject: 7f000101-9bf3-1319-819b-f35c75e60002 in shelve: 7f000101-9bf3-1319-819b-f35c54120001 with page: 0 and size: 1000
2026-01-30 19:35:37,269 [34mINFO [0;39m [[34mtomcat-handler-19[0;39m] [33m[XID:awebup97jxj7zee][0;39m [32mc.a.o.a.s.impl.SubjectServiceImpl[0;39m - Successfully retrieved subject: 7f000101-9bf3-1319-819b-f35c75e60002
2026-01-30 19:35:37,273 [34mINFO [0;39m [[34mtomcat-handler-19[0;39m] [33m[XID:awebup97jxj7zee][0;39m [32mc.a.oopsly.api.config.LoggingConfig[0;39m - Request: GET /api/v1/oopsly/shelves/7f000101-9bf3-1319-819b-f35c54120001/subjects/7f000101-9bf3-1319-819b-f35c75e60002 | Status: 200 | 30 ms
2026-01-30 19:35:37,285 [34mINFO [0;39m [[34mtomcat-handler-20[0;39m] [33m[XID:awebtnzh6a7e0j][0;39m [32mc.a.o.a.service.impl.CardServiceImpl[0;39m - Successfully retrieved 0 cards for subject: 7f000101-9bf3-1319-819b-f35c75e60002 (total: 0)
2026-01-30 19:35:37,291 [34mINFO [0;39m [[34mtomcat-handler-20[0;39m] [33m[XID:awebtnzh6a7e0j][0;39m [32mc.a.oopsly.api.config.LoggingConfig[0;39m - Request: GET /api/v1/oopsly/shelves/7f000101-9bf3-1319-819b-f35c54120001/subjects/7f000101-9bf3-1319-819b-f35c75e60002/cards | Status: 200 | 42 ms
2026-01-30 19:40:24,444 [34mINFO [0;39m [[34mtomcat-handler-23[0;39m] [33m[XID:][0;39m [32mc.a.o.a.c.JwtAuthenticationFilter[0;39m - Filtering request: /api/v1/oopsly/shelves/7f000101-9bf3-1319-819b-f35c54120001/subjects/7f000101-9bf3-1319-819b-f35c75e60002
2026-01-30 19:40:24,446 [34mINFO [0;39m [[34mtomcat-handler-23[0;39m] [33m[XID:][0;39m [32mc.a.o.a.c.JwtAuthenticationFilter[0;39m - Attempting to authenticate using jwt
2026-01-30 19:40:24,450 [34mINFO [0;39m [[34mtomcat-handler-23[0;39m] [33m[XID:][0;39m [32mc.a.o.a.c.JwtAuthenticationFilter[0;39m - User 7f000101-9bf3-1319-819b-f35c1d640000 authenticated with role USER
2026-01-30 19:40:24,451 [34mINFO [0;39m [[34mtomcat-handler-24[0;39m] [33m[XID:][0;39m [32mc.a.o.a.c.JwtAuthenticationFilter[0;39m - Filtering request: /api/v1/oopsly/shelves/7f000101-9bf3-1319-819b-f35c54120001/subjects/7f000101-9bf3-1319-819b-f35c75e60002/cards
2026-01-30 19:40:24,452 [34mINFO [0;39m [[34mtomcat-handler-24[0;39m] [33m[XID:][0;39m [32mc.a.o.a.c.JwtAuthenticationFilter[0;39m - Attempting to authenticate using jwt
2026-01-30 19:40:24,454 [34mINFO [0;39m [[34mtomcat-handler-24[0;39m] [33m[XID:][0;39m [32mc.a.o.a.c.JwtAuthenticationFilter[0;39m - User 7f000101-9bf3-1319-819b-f35c1d640000 authenticated with role USER
2026-01-30 19:40:24,460 [34mINFO [0;39m [[34mtomcat-handler-23[0;39m] [33m[XID:awebp2xebk2dazd][0;39m [32mc.a.o.a.controller.SubjectController[0;39m - Getting subject: 7f000101-9bf3-1319-819b-f35c75e60002 from shelve: 7f000101-9bf3-1319-819b-f35c54120001
2026-01-30 19:40:24,462 [34mINFO [0;39m [[34mtomcat-handler-23[0;39m] [33m[XID:awebp2xebk2dazd][0;39m [32mc.a.o.a.s.impl.SubjectServiceImpl[0;39m - Getting subject: 7f000101-9bf3-1319-819b-f35c75e60002 from shelf: 7f000101-9bf3-1319-819b-f35c54120001
2026-01-30 19:40:24,464 [34mINFO [0;39m [[34mtomcat-handler-24[0;39m] [33m[XID:awebxwp9x7luv9][0;39m [32mc.a.o.api.controller.CardController[0;39m - Getting all cards for subject: 7f000101-9bf3-1319-819b-f35c75e60002 in shelve: 7f000101-9bf3-1319-819b-f35c54120001 with page: 0 and size: 1000
2026-01-30 19:40:24,467 [34mINFO [0;39m [[34mtomcat-handler-24[0;39m] [33m[XID:awebxwp9x7luv9][0;39m [32mc.a.o.a.service.impl.CardServiceImpl[0;39m - Getting all cards for subject: 7f000101-9bf3-1319-819b-f35c75e60002 in shelve: 7f000101-9bf3-1319-819b-f35c54120001 with page: 0 and size: 1000
2026-01-30 19:40:24,482 [34mINFO [0;39m [[34mtomcat-handler-23[0;39m] [33m[XID:awebp2xebk2dazd][0;39m [32mc.a.o.a.s.impl.SubjectServiceImpl[0;39m - Successfully retrieved subject: 7f000101-9bf3-1319-819b-f35c75e60002
2026-01-30 19:40:24,485 [34mINFO [0;39m [[34mtomcat-handler-24[0;39m] [33m[XID:awebxwp9x7luv9][0;39m [32mc.a.o.a.service.impl.CardServiceImpl[0;39m - Successfully retrieved 0 cards for subject: 7f000101-9bf3-1319-819b-f35c75e60002 (total: 0)
2026-01-30 19:40:24,488 [34mINFO [0;39m [[34mtomcat-handler-23[0;39m] [33m[XID:awebp2xebk2dazd][0;39m [32mc.a.oopsly.api.config.LoggingConfig[0;39m - Request: GET /api/v1/oopsly/shelves/7f000101-9bf3-1319-819b-f35c54120001/subjects/7f000101-9bf3-1319-819b-f35c75e60002 | Status: 200 | 33 ms
2026-01-30 19:40:24,490 [34mINFO [0;39m [[34mtomcat-handler-24[0;39m] [33m[XID:awebxwp9x7luv9][0;39m [32mc.a.oopsly.api.config.LoggingConfig[0;39m - Request: GET /api/v1/oopsly/shelves/7f000101-9bf3-1319-819b-f35c54120001/subjects/7f000101-9bf3-1319-819b-f35c75e60002/cards | Status: 200 | 35 ms
2026-01-30 19:42:09,980 [34mINFO [0;39m [[34mtomcat-handler-27[0;39m] [33m[XID:][0;39m [32mc.a.o.a.c.JwtAuthenticationFilter[0;39m - Filtering request: /api/v1/oopsly/shelves
2026-01-30 19:42:09,981 [34mINFO [0;39m [[34mtomcat-handler-27[0;39m] [33m[XID:][0;39m [32mc.a.o.a.c.JwtAuthenticationFilter[0;39m - Attempting to authenticate using jwt
2026-01-30 19:42:09,984 [34mINFO [0;39m [[34mtomcat-handler-27[0;39m] [33m[XID:][0;39m [32mc.a.o.a.c.JwtAuthenticationFilter[0;39m - User 7f000101-9bf3-1319-819b-f35c1d640000 authenticated with role USER
2026-01-30 19:42:09,989 [34mINFO [0;39m [[34mtomcat-handler-27[0;39m] [33m[XID:aweb789lq9koqos][0;39m [32mc.a.o.a.s.impl.ShelfServiceImpl[0;39m - Fetching shelves page 0 size 100 for user 7f000101-9bf3-1319-819b-f35c1d640000
2026-01-30 19:42:10,011 [34mINFO [0;39m [[34mtomcat-handler-27[0;39m] [33m[XID:aweb789lq9koqos][0;39m [32mc.a.oopsly.api.config.LoggingConfig[0;39m - Request: GET /api/v1/oopsly/shelves | Status: 200 | 26 ms
2026-01-30 19:42:26,521 [34mINFO [0;39m [[34mtomcat-handler-28[0;39m] [33m[XID:][0;39m [32mc.a.o.a.c.JwtAuthenticationFilter[0;39m - Filtering request: /api/v1/oopsly/shelves
2026-01-30 19:42:26,521 [34mINFO [0;39m [[34mtomcat-handler-28[0;39m] [33m[XID:][0;39m [32mc.a.o.a.c.JwtAuthenticationFilter[0;39m - Attempting to authenticate using jwt
2026-01-30 19:42:26,522 [34mINFO [0;39m [[34mtomcat-handler-28[0;39m] [33m[XID:][0;39m [32mc.a.o.a.c.JwtAuthenticationFilter[0;39m - User 7f000101-9bf3-1319-819b-f35c1d640000 authenticated with role USER
2026-01-30 19:42:26,525 [34mINFO [0;39m [[34mtomcat-handler-28[0;39m] [33m[XID:aweb4drhfnoi1il][0;39m [32mc.a.o.a.s.impl.ShelfServiceImpl[0;39m - Fetching shelves page 0 size 100 for user 7f000101-9bf3-1319-819b-f35c1d640000
2026-01-30 19:42:26,544 [34mINFO [0;39m [[34mtomcat-handler-28[0;39m] [33m[XID:aweb4drhfnoi1il][0;39m [32mc.a.oopsly.api.config.LoggingConfig[0;39m - Request: GET /api/v1/oopsly/shelves | Status: 200 | 20 ms
2026-01-30 19:42:39,107 [34mINFO [0;39m [[34mtomcat-handler-29[0;39m] [33m[XID:][0;39m [32mc.a.o.a.c.JwtAuthenticationFilter[0;39m - Filtering request: /api/v1/oopsly/shelves
2026-01-30 19:42:39,108 [34mINFO [0;39m [[34mtomcat-handler-29[0;39m] [33m[XID:][0;39m [32mc.a.o.a.c.JwtAuthenticationFilter[0;39m - Attempting to authenticate using jwt
2026-01-30 19:42:39,110 [34mINFO [0;39m [[34mtomcat-handler-29[0;39m] [33m[XID:][0;39m [32mc.a.o.a.c.JwtAuthenticationFilter[0;39m - User 7f000101-9bf3-1319-819b-f35c1d640000 authenticated with role USER
2026-01-30 19:42:39,116 [34mINFO [0;39m [[34mtomcat-handler-29[0;39m] [33m[XID:aweb5aodrtu38oq][0;39m [32mc.a.o.a.s.impl.ShelfServiceImpl[0;39m - Fetching shelves page 0 size 100 for user 7f000101-9bf3-1319-819b-f35c1d640000
2026-01-30 19:42:39,138 [34mINFO [0;39m [[34mtomcat-handler-29[0;39m] [33m[XID:aweb5aodrtu38oq][0;39m [32mc.a.oopsly.api.config.LoggingConfig[0;39m - Request: GET /api/v1/oopsly/shelves | Status: 200 | 27 ms
2026-01-30 19:43:54,761 [34mINFO [0;39m [[34mtomcat-handler-31[0;39m] [33m[XID:][0;39m [32mc.a.o.a.c.JwtAuthenticationFilter[0;39m - Filtering request: /api/v1/oopsly/shelves/7f000101-9bf3-1319-819b-f35c54120001/subjects/7f000101-9bf3-1319-819b-f35c75e60002/cards
2026-01-30 19:43:54,762 [34mINFO [0;39m [[34mtomcat-handler-31[0;39m] [33m[XID:][0;39m [32mc.a.o.a.c.JwtAuthenticationFilter[0;39m - Attempting to authenticate using jwt
2026-01-30 19:43:54,770 [34mINFO [0;39m [[34mtomcat-handler-32[0;39m] [33m[XID:][0;39m [32mc.a.o.a.c.JwtAuthenticationFilter[0;39m - Filtering request: /api/v1/oopsly/shelves/7f000101-9bf3-1319-819b-f35c54120001/subjects/7f000101-9bf3-1319-819b-f35c75e60002
2026-01-30 19:43:54,771 [34mINFO [0;39m [[34mtomcat-handler-31[0;39m] [33m[XID:][0;39m [32mc.a.o.a.c.JwtAuthenticationFilter[0;39m - User 7f000101-9bf3-1319-819b-f35c1d640000 authenticated with role USER
2026-01-30 19:43:54,773 [34mINFO [0;39m [[34mtomcat-handler-32[0;39m] [33m[XID:][0;39m [32mc.a.o.a.c.JwtAuthenticationFilter[0;39m - Attempting to authenticate using jwt
2026-01-30 19:43:54,778 [34mINFO [0;39m [[34mtomcat-handler-32[0;39m] [33m[XID:][0;39m [32mc.a.o.a.c.JwtAuthenticationFilter[0;39m - User 7f000101-9bf3-1319-819b-f35c1d640000 authenticated with role USER
2026-01-30 19:43:54,779 [34mINFO [0;39m [[34mtomcat-handler-31[0;39m] [33m[XID:awebzz6zsxlsuh][0;39m [32mc.a.o.api.controller.CardController[0;39m - Getting all cards for subject: 7f000101-9bf3-1319-819b-f35c75e60002 in shelve: 7f000101-9bf3-1319-819b-f35c54120001 with page: 0 and size: 1000
2026-01-30 19:43:54,780 [34mINFO [0;39m [[34mtomcat-handler-31[0;39m] [33m[XID:awebzz6zsxlsuh][0;39m [32mc.a.o.a.service.impl.CardServiceImpl[0;39m - Getting all cards for subject: 7f000101-9bf3-1319-819b-f35c75e60002 in shelve: 7f000101-9bf3-1319-819b-f35c54120001 with page: 0 and size: 1000
2026-01-30 19:43:54,781 [34mINFO [0;39m [[34mtomcat-handler-32[0;39m] [33m[XID:awebzoz2u09an8i][0;39m [32mc.a.o.a.controller.SubjectController[0;39m - Getting subject: 7f000101-9bf3-1319-819b-f35c75e60002 from shelve: 7f000101-9bf3-1319-819b-f35c54120001
2026-01-30 19:43:54,781 [34mINFO [0;39m [[34mtomcat-handler-32[0;39m] [33m[XID:awebzoz2u09an8i][0;39m [32mc.a.o.a.s.impl.SubjectServiceImpl[0;39m - Getting subject: 7f000101-9bf3-1319-819b-f35c75e60002 from shelf: 7f000101-9bf3-1319-819b-f35c54120001
2026-01-30 19:43:54,798 [34mINFO [0;39m [[34mtomcat-handler-32[0;39m] [33m[XID:awebzoz2u09an8i][0;39m [32mc.a.o.a.s.impl.SubjectServiceImpl[0;39m - Successfully retrieved subject: 7f000101-9bf3-1319-819b-f35c75e60002
2026-01-30 19:43:54,798 [34mINFO [0;39m [[34mtomcat-handler-31[0;39m] [33m[XID:awebzz6zsxlsuh][0;39m [32mc.a.o.a.service.impl.CardServiceImpl[0;39m - Successfully retrieved 0 cards for subject: 7f000101-9bf3-1319-819b-f35c75e60002 (total: 0)
2026-01-30 19:43:54,801 [34mINFO [0;39m [[34mtomcat-handler-32[0;39m] [33m[XID:awebzoz2u09an8i][0;39m [32mc.a.oopsly.api.config.LoggingConfig[0;39m - Request: GET /api/v1/oopsly/shelves/7f000101-9bf3-1319-819b-f35c54120001/subjects/7f000101-9bf3-1319-819b-f35c75e60002 | Status: 200 | 22 ms
2026-01-30 19:43:54,801 [34mINFO [0;39m [[34mtomcat-handler-31[0;39m] [33m[XID:awebzz6zsxlsuh][0;39m [32mc.a.oopsly.api.config.LoggingConfig[0;39m - Request: GET /api/v1/oopsly/shelves/7f000101-9bf3-1319-819b-f35c54120001/subjects/7f000101-9bf3-1319-819b-f35c75e60002/cards | Status: 200 | 25 ms
2026-01-30 19:45:02,780 [34mINFO [0;39m [[34mtomcat-handler-35[0;39m] [33m[XID:][0;39m [32mc.a.o.a.c.JwtAuthenticationFilter[0;39m - Filtering request: /api/v1/oopsly/shelves/7f000101-9bf3-1319-819b-f35c54120001/subjects/7f000101-9bf3-1319-819b-f35c75e60002
2026-01-30 19:45:02,780 [34mINFO [0;39m [[34mtomcat-handler-36[0;39m] [33m[XID:][0;39m [32mc.a.o.a.c.JwtAuthenticationFilter[0;39m - Filtering request: /api/v1/oopsly/shelves/7f000101-9bf3-1319-819b-f35c54120001/subjects/7f000101-9bf3-1319-819b-f35c75e60002/cards
2026-01-30 19:45:02,780 [34mINFO [0;39m [[34mtomcat-handler-36[0;39m] [33m[XID:][0;39m [32mc.a.o.a.c.JwtAuthenticationFilter[0;39m - Attempting to authenticate using jwt
2026-01-30 19:45:02,781 [34mINFO [0;39m [[34mtomcat-handler-35[0;39m] [33m[XID:][0;39m [32mc.a.o.a.c.JwtAuthenticationFilter[0;39m - Attempting to authenticate using jwt
2026-01-30 19:45:02,782 [34mINFO [0;39m [[34mtomcat-handler-36[0;39m] [33m[XID:][0;39m [32mc.a.o.a.c.JwtAuthenticationFilter[0;39m - User 7f000101-9bf3-1319-819b-f35c1d640000 authenticated with role USER
2026-01-30 19:45:02,786 [34mINFO [0;39m [[34mtomcat-handler-35[0;39m] [33m[XID:][0;39m [32mc.a.o.a.c.JwtAuthenticationFilter[0;39m - User 7f000101-9bf3-1319-819b-f35c1d640000 authenticated with role USER
2026-01-30 19:45:02,786 [34mINFO [0;39m [[34mtomcat-handler-36[0;39m] [33m[XID:awebtj1imccu5c][0;39m [32mc.a.o.api.controller.CardController[0;39m - Getting all cards for subject: 7f000101-9bf3-1319-819b-f35c75e60002 in shelve: 7f000101-9bf3-1319-819b-f35c54120001 with page: 0 and size: 1000
2026-01-30 19:45:02,788 [34mINFO [0;39m [[34mtomcat-handler-36[0;39m] [33m[XID:awebtj1imccu5c][0;39m [32mc.a.o.a.service.impl.CardServiceImpl[0;39m - Getting all cards for subject: 7f000101-9bf3-1319-819b-f35c75e60002 in shelve: 7f000101-9bf3-1319-819b-f35c54120001 with page: 0 and size: 1000
2026-01-30 19:45:02,789 [34mINFO [0;39m [[34mtomcat-handler-35[0;39m] [33m[XID:awebfdao6qcflsb][0;39m [32mc.a.o.a.controller.SubjectController[0;39m - Getting subject: 7f000101-9bf3-1319-819b-f35c75e60002 from shelve: 7f000101-9bf3-1319-819b-f35c54120001
2026-01-30 19:45:02,789 [34mINFO [0;39m [[34mtomcat-handler-35[0;39m] [33m[XID:awebfdao6qcflsb][0;39m [32mc.a.o.a.s.impl.SubjectServiceImpl[0;39m - Getting subject: 7f000101-9bf3-1319-819b-f35c75e60002 from shelf: 7f000101-9bf3-1319-819b-f35c54120001
2026-01-30 19:45:02,798 [34mINFO [0;39m [[34mtomcat-handler-35[0;39m] [33m[XID:awebfdao6qcflsb][0;39m [32mc.a.o.a.s.impl.SubjectServiceImpl[0;39m - Successfully retrieved subject: 7f000101-9bf3-1319-819b-f35c75e60002
2026-01-30 19:45:02,801 [34mINFO [0;39m [[34mtomcat-handler-35[0;39m] [33m[XID:awebfdao6qcflsb][0;39m [32mc.a.oopsly.api.config.LoggingConfig[0;39m - Request: GET /api/v1/oopsly/shelves/7f000101-9bf3-1319-819b-f35c54120001/subjects/7f000101-9bf3-1319-819b-f35c75e60002 | Status: 200 | 14 ms
2026-01-30 19:45:02,810 [34mINFO [0;39m [[34mtomcat-handler-36[0;39m] [33m[XID:awebtj1imccu5c][0;39m [32mc.a.o.a.service.impl.CardServiceImpl[0;39m - Successfully retrieved 0 cards for subject: 7f000101-9bf3-1319-819b-f35c75e60002 (total: 0)
2026-01-30 19:45:02,814 [34mINFO [0;39m [[34mtomcat-handler-36[0;39m] [33m[XID:awebtj1imccu5c][0;39m [32mc.a.oopsly.api.config.LoggingConfig[0;39m - Request: GET /api/v1/oopsly/shelves/7f000101-9bf3-1319-819b-f35c54120001/subjects/7f000101-9bf3-1319-819b-f35c75e60002/cards | Status: 200 | 30 ms
2026-01-30 19:45:04,628 [34mINFO [0;39m [[34mtomcat-handler-37[0;39m] [33m[XID:][0;39m [32mc.a.o.a.c.JwtAuthenticationFilter[0;39m - Filtering request: /api/v1/oopsly/shelves/7f000101-9bf3-1319-819b-f35c54120001/subjects/7f000101-9bf3-1319-819b-f35c75e60002
2026-01-30 19:45:04,628 [34mINFO [0;39m [[34mtomcat-handler-37[0;39m] [33m[XID:][0;39m [32mc.a.o.a.c.JwtAuthenticationFilter[0;39m - Attempting to authenticate using jwt
2026-01-30 19:45:04,630 [34mINFO [0;39m [[34mtomcat-handler-37[0;39m] [33m[XID:][0;39m [32mc.a.o.a.c.JwtAuthenticationFilter[0;39m - User 7f000101-9bf3-1319-819b-f35c1d640000 authenticated with role USER
2026-01-30 19:45:04,631 [34mINFO [0;39m [[34mtomcat-handler-38[0;39m] [33m[XID:][0;39m [32mc.a.o.a.c.JwtAuthenticationFilter[0;39m - Filtering request: /api/v1/oopsly/shelves/7f000101-9bf3-1319-819b-f35c54120001/subjects/7f000101-9bf3-1319-819b-f35c75e60002/cards
2026-01-30 19:45:04,631 [34mINFO [0;39m [[34mtomcat-handler-38[0;39m] [33m[XID:][0;39m [32mc.a.o.a.c.JwtAuthenticationFilter[0;39m - Attempting to authenticate using jwt
2026-01-30 19:45:04,632 [34mINFO [0;39m [[34mtomcat-handler-37[0;39m] [33m[XID:awebo35koxxg9t][0;39m [32mc.a.o.a.controller.SubjectController[0;39m - Getting subject: 7f000101-9bf3-1319-819b-f35c75e60002 from shelve: 7f000101-9bf3-1319-819b-f35c54120001
2026-01-30 19:45:04,632 [34mINFO [0;39m [[34mtomcat-handler-38[0;39m] [33m[XID:][0;39m [32mc.a.o.a.c.JwtAuthenticationFilter[0;39m - User 7f000101-9bf3-1319-819b-f35c1d640000 authenticated with role USER
2026-01-30 19:45:04,633 [34mINFO [0;39m [[34mtomcat-handler-37[0;39m] [33m[XID:awebo35koxxg9t][0;39m [32mc.a.o.a.s.impl.SubjectServiceImpl[0;39m - Getting subject: 7f000101-9bf3-1319-819b-f35c75e60002 from shelf: 7f000101-9bf3-1319-819b-f35c54120001
2026-01-30 19:45:04,636 [34mINFO [0;39m [[34mtomcat-handler-38[0;39m] [33m[XID:awebgzptotntlid][0;39m [32mc.a.o.api.controller.CardController[0;39m - Getting all cards for subject: 7f000101-9bf3-1319-819b-f35c75e60002 in shelve: 7f000101-9bf3-1319-819b-f35c54120001 with page: 0 and size: 1000
2026-01-30 19:45:04,636 [34mINFO [0;39m [[34mtomcat-handler-38[0;39m] [33m[XID:awebgzptotntlid][0;39m [32mc.a.o.a.service.impl.CardServiceImpl[0;39m - Getting all cards for subject: 7f000101-9bf3-1319-819b-f35c75e60002 in shelve: 7f000101-9bf3-1319-819b-f35c54120001 with page: 0 and size: 1000
2026-01-30 19:45:04,640 [34mINFO [0;39m [[34mtomcat-handler-37[0;39m] [33m[XID:awebo35koxxg9t][0;39m [32mc.a.o.a.s.impl.SubjectServiceImpl[0;39m - Successfully retrieved subject: 7f000101-9bf3-1319-819b-f35c75e60002
2026-01-30 19:45:04,643 [34mINFO [0;39m [[34mtomcat-handler-37[0;39m] [33m[XID:awebo35koxxg9t][0;39m [32mc.a.oopsly.api.config.LoggingConfig[0;39m - Request: GET /api/v1/oopsly/shelves/7f000101-9bf3-1319-819b-f35c54120001/subjects/7f000101-9bf3-1319-819b-f35c75e60002 | Status: 200 | 12 ms
2026-01-30 19:45:04,646 [34mINFO [0;39m [[34mtomcat-handler-38[0;39m] [33m[XID:awebgzptotntlid][0;39m [32mc.a.o.a.service.impl.CardServiceImpl[0;39m - Successfully retrieved 0 cards for subject: 7f000101-9bf3-1319-819b-f35c75e60002 (total: 0)
2026-01-30 19:45:04,649 [34mINFO [0;39m [[34mtomcat-handler-38[0;39m] [33m[XID:awebgzptotntlid][0;39m [32mc.a.oopsly.api.config.LoggingConfig[0;39m - Request: GET /api/v1/oopsly/shelves/7f000101-9bf3-1319-819b-f35c54120001/subjects/7f000101-9bf3-1319-819b-f35c75e60002/cards | Status: 200 | 16 ms
2026-01-30 19:45:06,645 [34mINFO [0;39m [[34mtomcat-handler-39[0;39m] [33m[XID:][0;39m [32mc.a.o.a.c.JwtAuthenticationFilter[0;39m - Filtering request: /api/v1/oopsly/shelves/7f000101-9bf3-1319-819b-f35c54120001/subjects/7f000101-9bf3-1319-819b-f35c75e60002
2026-01-30 19:45:06,646 [34mINFO [0;39m [[34mtomcat-handler-39[0;39m] [33m[XID:][0;39m [32mc.a.o.a.c.JwtAuthenticationFilter[0;39m - Attempting to authenticate using jwt
2026-01-30 19:45:06,648 [34mINFO [0;39m [[34mtomcat-handler-39[0;39m] [33m[XID:][0;39m [32mc.a.o.a.c.JwtAuthenticationFilter[0;39m - User 7f000101-9bf3-1319-819b-f35c1d640000 authenticated with role USER
2026-01-30 19:45:06,650 [34mINFO [0;39m [[34mtomcat-handler-40[0;39m] [33m[XID:][0;39m [32mc.a.o.a.c.JwtAuthenticationFilter[0;39m - Filtering request: /api/v1/oopsly/shelves/7f000101-9bf3-1319-819b-f35c54120001/subjects/7f000101-9bf3-1319-819b-f35c75e60002/cards
2026-01-30 19:45:06,651 [34mINFO [0;39m [[34mtomcat-handler-40[0;39m] [33m[XID:][0;39m [32mc.a.o.a.c.JwtAuthenticationFilter[0;39m - Attempting to authenticate using jwt
2026-01-30 19:45:06,652 [34mINFO [0;39m [[34mtomcat-handler-40[0;39m] [33m[XID:][0;39m [32mc.a.o.a.c.JwtAuthenticationFilter[0;39m - User 7f000101-9bf3-1319-819b-f35c1d640000 authenticated with role USER
2026-01-30 19:45:06,656 [34mINFO [0;39m [[34mtomcat-handler-39[0;39m] [33m[XID:awebb5eugd1y8za][0;39m [32mc.a.o.a.controller.SubjectController[0;39m - Getting subject: 7f000101-9bf3-1319-819b-f35c75e60002 from shelve: 7f000101-9bf3-1319-819b-f35c54120001
2026-01-30 19:45:06,657 [34mINFO [0;39m [[34mtomcat-handler-39[0;39m] [33m[XID:awebb5eugd1y8za][0;39m [32mc.a.o.a.s.impl.SubjectServiceImpl[0;39m - Getting subject: 7f000101-9bf3-1319-819b-f35c75e60002 from shelf: 7f000101-9bf3-1319-819b-f35c54120001
2026-01-30 19:45:06,658 [34mINFO [0;39m [[34mtomcat-handler-40[0;39m] [33m[XID:aweb60tjzqztasq][0;39m [32mc.a.o.api.controller.CardController[0;39m - Getting all cards for subject: 7f000101-9bf3-1319-819b-f35c75e60002 in shelve: 7f000101-9bf3-1319-819b-f35c54120001 with page: 0 and size: 1000
2026-01-30 19:45:06,659 [34mINFO [0;39m [[34mtomcat-handler-40[0;39m] [33m[XID:aweb60tjzqztasq][0;39m [32mc.a.o.a.service.impl.CardServiceImpl[0;39m - Getting all cards for subject: 7f000101-9bf3-1319-819b-f35c75e60002 in shelve: 7f000101-9bf3-1319-819b-f35c54120001 with page: 0 and size: 1000
2026-01-30 19:45:06,673 [34mINFO [0;39m [[34mtomcat-handler-39[0;39m] [33m[XID:awebb5eugd1y8za][0;39m [32mc.a.o.a.s.impl.SubjectServiceImpl[0;39m - Successfully retrieved subject: 7f000101-9bf3-1319-819b-f35c75e60002
2026-01-30 19:45:06,675 [34mINFO [0;39m [[34mtomcat-handler-40[0;39m] [33m[XID:aweb60tjzqztasq][0;39m [32mc.a.o.a.service.impl.CardServiceImpl[0;39m - Successfully retrieved 0 cards for subject: 7f000101-9bf3-1319-819b-f35c75e60002 (total: 0)
2026-01-30 19:45:06,676 [34mINFO [0;39m [[34mtomcat-handler-39[0;39m] [33m[XID:awebb5eugd1y8za][0;39m [32mc.a.oopsly.api.config.LoggingConfig[0;39m - Request: GET /api/v1/oopsly/shelves/7f000101-9bf3-1319-819b-f35c54120001/subjects/7f000101-9bf3-1319-819b-f35c75e60002 | Status: 200 | 22 ms
2026-01-30 19:45:06,682 [34mINFO [0;39m [[34mtomcat-handler-40[0;39m] [33m[XID:aweb60tjzqztasq][0;39m [32mc.a.oopsly.api.config.LoggingConfig[0;39m - Request: GET /api/v1/oopsly/shelves/7f000101-9bf3-1319-819b-f35c54120001/subjects/7f000101-9bf3-1319-819b-f35c75e60002/cards | Status: 200 | 29 ms
2026-01-30 19:45:10,481 [34mINFO [0;39m [[34mtomcat-handler-41[0;39m] [33m[XID:][0;39m [32mc.a.o.a.c.JwtAuthenticationFilter[0;39m - Filtering request: /api/v1/oopsly/shelves/7f000101-9bf3-1319-819b-f35c54120001/subjects/7f000101-9bf3-1319-819b-f35c75e60002
2026-01-30 19:45:10,481 [34mINFO [0;39m [[34mtomcat-handler-41[0;39m] [33m[XID:][0;39m [32mc.a.o.a.c.JwtAuthenticationFilter[0;39m - Attempting to authenticate using jwt
2026-01-30 19:45:10,481 [34mINFO [0;39m [[34mtomcat-handler-42[0;39m] [33m[XID:][0;39m [32mc.a.o.a.c.JwtAuthenticationFilter[0;39m - Filtering request: /api/v1/oopsly/shelves/7f000101-9bf3-1319-819b-f35c54120001/subjects/7f000101-9bf3-1319-819b-f35c75e60002/cards
2026-01-30 19:45:10,481 [34mINFO [0;39m [[34mtomcat-handler-42[0;39m] [33m[XID:][0;39m [32mc.a.o.a.c.JwtAuthenticationFilter[0;39m - Attempting to authenticate using jwt
2026-01-30 19:45:10,482 [34mINFO [0;39m [[34mtomcat-handler-41[0;39m] [33m[XID:][0;39m [32mc.a.o.a.c.JwtAuthenticationFilter[0;39m - User 7f000101-9bf3-1319-819b-f35c1d640000 authenticated with role USER
2026-01-30 19:45:10,482 [34mINFO [0;39m [[34mtomcat-handler-42[0;39m] [33m[XID:][0;39m [32mc.a.o.a.c.JwtAuthenticationFilter[0;39m - User 7f000101-9bf3-1319-819b-f35c1d640000 authenticated with role USER
2026-01-30 19:45:10,488 [34mINFO [0;39m [[34mtomcat-handler-42[0;39m] [33m[XID:aweb9havtr1u7qd][0;39m [32mc.a.o.api.controller.CardController[0;39m - Getting all cards for subject: 7f000101-9bf3-1319-819b-f35c75e60002 in shelve: 7f000101-9bf3-1319-819b-f35c54120001 with page: 0 and size: 1000
2026-01-30 19:45:10,488 [34mINFO [0;39m [[34mtomcat-handler-41[0;39m] [33m[XID:aweb4ofg55glbwa][0;39m [32mc.a.o.a.controller.SubjectController[0;39m - Getting subject: 7f000101-9bf3-1319-819b-f35c75e60002 from shelve: 7f000101-9bf3-1319-819b-f35c54120001
2026-01-30 19:45:10,488 [34mINFO [0;39m [[34mtomcat-handler-42[0;39m] [33m[XID:aweb9havtr1u7qd][0;39m [32mc.a.o.a.service.impl.CardServiceImpl[0;39m - Getting all cards for subject: 7f000101-9bf3-1319-819b-f35c75e60002 in shelve: 7f000101-9bf3-1319-819b-f35c54120001 with page: 0 and size: 1000
2026-01-30 19:45:10,489 [34mINFO [0;39m [[34mtomcat-handler-41[0;39m] [33m[XID:aweb4ofg55glbwa][0;39m [32mc.a.o.a.s.impl.SubjectServiceImpl[0;39m - Getting subject: 7f000101-9bf3-1319-819b-f35c75e60002 from shelf: 7f000101-9bf3-1319-819b-f35c54120001
2026-01-30 19:45:10,496 [34mINFO [0;39m [[34mtomcat-handler-41[0;39m] [33m[XID:aweb4ofg55glbwa][0;39m [32mc.a.o.a.s.impl.SubjectServiceImpl[0;39m - Successfully retrieved subject: 7f000101-9bf3-1319-819b-f35c75e60002
2026-01-30 19:45:10,497 [34mINFO [0;39m [[34mtomcat-handler-42[0;39m] [33m[XID:aweb9havtr1u7qd][0;39m [32mc.a.o.a.service.impl.CardServiceImpl[0;39m - Successfully retrieved 0 cards for subject: 7f000101-9bf3-1319-819b-f35c75e60002 (total: 0)
2026-01-30 19:45:10,499 [34mINFO [0;39m [[34mtomcat-handler-42[0;39m] [33m[XID:aweb9havtr1u7qd][0;39m [32mc.a.oopsly.api.config.LoggingConfig[0;39m - Request: GET /api/v1/oopsly/shelves/7f000101-9bf3-1319-819b-f35c54120001/subjects/7f000101-9bf3-1319-819b-f35c75e60002/cards | Status: 200 | 16 ms
2026-01-30 19:45:10,499 [34mINFO [0;39m [[34mtomcat-handler-41[0;39m] [33m[XID:aweb4ofg55glbwa][0;39m [32mc.a.oopsly.api.config.LoggingConfig[0;39m - Request: GET /api/v1/oopsly/shelves/7f000101-9bf3-1319-819b-f35c54120001/subjects/7f000101-9bf3-1319-819b-f35c75e60002 | Status: 200 | 16 ms
2026-01-30 19:45:21,182 [34mINFO [0;39m [[34mtomcat-handler-44[0;39m] [33m[XID:][0;39m [32mc.a.o.a.c.JwtAuthenticationFilter[0;39m - Filtering request: /api/v1/oopsly/shelves/7f000101-9bf3-1319-819b-f35c54120001/subjects/7f000101-9bf3-1319-819b-f35c75e60002/cards
2026-01-30 19:45:21,182 [34mINFO [0;39m [[34mtomcat-handler-43[0;39m] [33m[XID:][0;39m [32mc.a.o.a.c.JwtAuthenticationFilter[0;39m - Filtering request: /api/v1/oopsly/shelves/7f000101-9bf3-1319-819b-f35c54120001/subjects/7f000101-9bf3-1319-819b-f35c75e60002
2026-01-30 19:45:21,182 [34mINFO [0;39m [[34mtomcat-handler-44[0;39m] [33m[XID:][0;39m [32mc.a.o.a.c.JwtAuthenticationFilter[0;39m - Attempting to authenticate using jwt
2026-01-30 19:45:21,182 [34mINFO [0;39m [[34mtomcat-handler-43[0;39m] [33m[XID:][0;39m [32mc.a.o.a.c.JwtAuthenticationFilter[0;39m - Attempting to authenticate using jwt
2026-01-30 19:45:21,185 [34mINFO [0;39m [[34mtomcat-handler-44[0;39m] [33m[XID:][0;39m [32mc.a.o.a.c.JwtAuthenticationFilter[0;39m - User 7f000101-9bf3-1319-819b-f35c1d640000 authenticated with role USER
2026-01-30 19:45:21,192 [34mINFO [0;39m [[34mtomcat-handler-43[0;39m] [33m[XID:][0;39m [32mc.a.o.a.c.JwtAuthenticationFilter[0;39m - User 7f000101-9bf3-1319-819b-f35c1d640000 authenticated with role USER
2026-01-30 19:45:21,196 [34mINFO [0;39m [[34mtomcat-handler-43[0;39m] [33m[XID:awebpratyfqvkdh][0;39m [32mc.a.o.a.controller.SubjectController[0;39m - Getting subject: 7f000101-9bf3-1319-819b-f35c75e60002 from shelve: 7f000101-9bf3-1319-819b-f35c54120001
2026-01-30 19:45:21,197 [34mINFO [0;39m [[34mtomcat-handler-43[0;39m] [33m[XID:awebpratyfqvkdh][0;39m [32mc.a.o.a.s.impl.SubjectServiceImpl[0;39m - Getting subject: 7f000101-9bf3-1319-819b-f35c75e60002 from shelf: 7f000101-9bf3-1319-819b-f35c54120001
2026-01-30 19:45:21,197 [34mINFO [0;39m [[34mtomcat-handler-44[0;39m] [33m[XID:aweble31369otn][0;39m [32mc.a.o.api.controller.CardController[0;39m - Getting all cards for subject: 7f000101-9bf3-1319-819b-f35c75e60002 in shelve: 7f000101-9bf3-1319-819b-f35c54120001 with page: 0 and size: 1000
2026-01-30 19:45:21,198 [34mINFO [0;39m [[34mtomcat-handler-44[0;39m] [33m[XID:aweble31369otn][0;39m [32mc.a.o.a.service.impl.CardServiceImpl[0;39m - Getting all cards for subject: 7f000101-9bf3-1319-819b-f35c75e60002 in shelve: 7f000101-9bf3-1319-819b-f35c54120001 with page: 0 and size: 1000
2026-01-30 19:45:21,210 [34mINFO [0;39m [[34mtomcat-handler-43[0;39m] [33m[XID:awebpratyfqvkdh][0;39m [32mc.a.o.a.s.impl.SubjectServiceImpl[0;39m - Successfully retrieved subject: 7f000101-9bf3-1319-819b-f35c75e60002
2026-01-30 19:45:21,212 [34mINFO [0;39m [[34mtomcat-handler-44[0;39m] [33m[XID:aweble31369otn][0;39m [32mc.a.o.a.service.impl.CardServiceImpl[0;39m - Successfully retrieved 0 cards for subject: 7f000101-9bf3-1319-819b-f35c75e60002 (total: 0)
2026-01-30 19:45:21,214 [34mINFO [0;39m [[34mtomcat-handler-43[0;39m] [33m[XID:awebpratyfqvkdh][0;39m [32mc.a.oopsly.api.config.LoggingConfig[0;39m - Request: GET /api/v1/oopsly/shelves/7f000101-9bf3-1319-819b-f35c54120001/subjects/7f000101-9bf3-1319-819b-f35c75e60002 | Status: 200 | 20 ms
2026-01-30 19:45:21,214 [34mINFO [0;39m [[34mtomcat-handler-44[0;39m] [33m[XID:aweble31369otn][0;39m [32mc.a.oopsly.api.config.LoggingConfig[0;39m - Request: GET /api/v1/oopsly/shelves/7f000101-9bf3-1319-819b-f35c54120001/subjects/7f000101-9bf3-1319-819b-f35c75e60002/cards | Status: 200 | 22 ms
2026-01-30 19:45:23,101 [34mINFO [0;39m [[34mtomcat-handler-45[0;39m] [33m[XID:][0;39m [32mc.a.o.a.c.JwtAuthenticationFilter[0;39m - Filtering request: /api/v1/oopsly/shelves/7f000101-9bf3-1319-819b-f35c54120001/subjects/7f000101-9bf3-1319-819b-f35c75e60002
2026-01-30 19:45:23,101 [34mINFO [0;39m [[34mtomcat-handler-46[0;39m] [33m[XID:][0;39m [32mc.a.o.a.c.JwtAuthenticationFilter[0;39m - Filtering request: /api/v1/oopsly/shelves/7f000101-9bf3-1319-819b-f35c54120001/subjects/7f000101-9bf3-1319-819b-f35c75e60002/cards
2026-01-30 19:45:23,102 [34mINFO [0;39m [[34mtomcat-handler-45[0;39m] [33m[XID:][0;39m [32mc.a.o.a.c.JwtAuthenticationFilter[0;39m - Attempting to authenticate using jwt
2026-01-30 19:45:23,102 [34mINFO [0;39m [[34mtomcat-handler-46[0;39m] [33m[XID:][0;39m [32mc.a.o.a.c.JwtAuthenticationFilter[0;39m - Attempting to authenticate using jwt
2026-01-30 19:45:23,104 [34mINFO [0;39m [[34mtomcat-handler-45[0;39m] [33m[XID:][0;39m [32mc.a.o.a.c.JwtAuthenticationFilter[0;39m - User 7f000101-9bf3-1319-819b-f35c1d640000 authenticated with role USER
2026-01-30 19:45:23,104 [34mINFO [0;39m [[34mtomcat-handler-46[0;39m] [33m[XID:][0;39m [32mc.a.o.a.c.JwtAuthenticationFilter[0;39m - User 7f000101-9bf3-1319-819b-f35c1d640000 authenticated with role USER
2026-01-30 19:45:23,107 [34mINFO [0;39m [[34mtomcat-handler-45[0;39m] [33m[XID:awebsuz9y30v1md][0;39m [32mc.a.o.a.controller.SubjectController[0;39m - Getting subject: 7f000101-9bf3-1319-819b-f35c75e60002 from shelve: 7f000101-9bf3-1319-819b-f35c54120001
2026-01-30 19:45:23,107 [34mINFO [0;39m [[34mtomcat-handler-45[0;39m] [33m[XID:awebsuz9y30v1md][0;39m [32mc.a.o.a.s.impl.SubjectServiceImpl[0;39m - Getting subject: 7f000101-9bf3-1319-819b-f35c75e60002 from shelf: 7f000101-9bf3-1319-819b-f35c54120001
2026-01-30 19:45:23,110 [34mINFO [0;39m [[34mtomcat-handler-46[0;39m] [33m[XID:aweb1dfrmeap89c][0;39m [32mc.a.o.api.controller.CardController[0;39m - Getting all cards for subject: 7f000101-9bf3-1319-819b-f35c75e60002 in shelve: 7f000101-9bf3-1319-819b-f35c54120001 with page: 0 and size: 1000
2026-01-30 19:45:23,111 [34mINFO [0;39m [[34mtomcat-handler-46[0;39m] [33m[XID:aweb1dfrmeap89c][0;39m [32mc.a.o.a.service.impl.CardServiceImpl[0;39m - Getting all cards for subject: 7f000101-9bf3-1319-819b-f35c75e60002 in shelve: 7f000101-9bf3-1319-819b-f35c54120001 with page: 0 and size: 1000
2026-01-30 19:45:23,117 [34mINFO [0;39m [[34mtomcat-handler-45[0;39m] [33m[XID:awebsuz9y30v1md][0;39m [32mc.a.o.a.s.impl.SubjectServiceImpl[0;39m - Successfully retrieved subject: 7f000101-9bf3-1319-819b-f35c75e60002
2026-01-30 19:45:23,119 [34mINFO [0;39m [[34mtomcat-handler-46[0;39m] [33m[XID:aweb1dfrmeap89c][0;39m [32mc.a.o.a.service.impl.CardServiceImpl[0;39m - Successfully retrieved 0 cards for subject: 7f000101-9bf3-1319-819b-f35c75e60002 (total: 0)
2026-01-30 19:45:23,120 [34mINFO [0;39m [[34mtomcat-handler-45[0;39m] [33m[XID:awebsuz9y30v1md][0;39m [32mc.a.oopsly.api.config.LoggingConfig[0;39m - Request: GET /api/v1/oopsly/shelves/7f000101-9bf3-1319-819b-f35c54120001/subjects/7f000101-9bf3-1319-819b-f35c75e60002 | Status: 200 | 15 ms
2026-01-30 19:45:23,125 [34mINFO [0;39m [[34mtomcat-handler-46[0;39m] [33m[XID:aweb1dfrmeap89c][0;39m [32mc.a.oopsly.api.config.LoggingConfig[0;39m - Request: GET /api/v1/oopsly/shelves/7f000101-9bf3-1319-819b-f35c54120001/subjects/7f000101-9bf3-1319-819b-f35c75e60002/cards | Status: 200 | 20 ms
2026-01-30 19:45:25,020 [34mINFO [0;39m [[34mtomcat-handler-48[0;39m] [33m[XID:][0;39m [32mc.a.o.a.c.JwtAuthenticationFilter[0;39m - Filtering request: /api/v1/oopsly/shelves/7f000101-9bf3-1319-819b-f35c54120001/subjects/7f000101-9bf3-1319-819b-f35c75e60002/cards
2026-01-30 19:45:25,020 [34mINFO [0;39m [[34mtomcat-handler-47[0;39m] [33m[XID:][0;39m [32mc.a.o.a.c.JwtAuthenticationFilter[0;39m - Filtering request: /api/v1/oopsly/shelves/7f000101-9bf3-1319-819b-f35c54120001/subjects/7f000101-9bf3-1319-819b-f35c75e60002
2026-01-30 19:45:25,021 [34mINFO [0;39m [[34mtomcat-handler-48[0;39m] [33m[XID:][0;39m [32mc.a.o.a.c.JwtAuthenticationFilter[0;39m - Attempting to authenticate using jwt
2026-01-30 19:45:25,022 [34mINFO [0;39m [[34mtomcat-handler-47[0;39m] [33m[XID:][0;39m [32mc.a.o.a.c.JwtAuthenticationFilter[0;39m - Attempting to authenticate using jwt
2026-01-30 19:45:25,023 [34mINFO [0;39m [[34mtomcat-handler-48[0;39m] [33m[XID:][0;39m [32mc.a.o.a.c.JwtAuthenticationFilter[0;39m - User 7f000101-9bf3-1319-819b-f35c1d640000 authenticated with role USER
2026-01-30 19:45:25,024 [34mINFO [0;39m [[34mtomcat-handler-47[0;39m] [33m[XID:][0;39m [32mc.a.o.a.c.JwtAuthenticationFilter[0;39m - User 7f000101-9bf3-1319-819b-f35c1d640000 authenticated with role USER
2026-01-30 19:45:25,027 [34mINFO [0;39m [[34mtomcat-handler-47[0;39m] [33m[XID:awebohbpggjx6n7][0;39m [32mc.a.o.a.controller.SubjectController[0;39m - Getting subject: 7f000101-9bf3-1319-819b-f35c75e60002 from shelve: 7f000101-9bf3-1319-819b-f35c54120001
2026-01-30 19:45:25,027 [34mINFO [0;39m [[34mtomcat-handler-48[0;39m] [33m[XID:awebys5qub8k1rj][0;39m [32mc.a.o.api.controller.CardController[0;39m - Getting all cards for subject: 7f000101-9bf3-1319-819b-f35c75e60002 in shelve: 7f000101-9bf3-1319-819b-f35c54120001 with page: 0 and size: 1000
2026-01-30 19:45:25,028 [34mINFO [0;39m [[34mtomcat-handler-48[0;39m] [33m[XID:awebys5qub8k1rj][0;39m [32mc.a.o.a.service.impl.CardServiceImpl[0;39m - Getting all cards for subject: 7f000101-9bf3-1319-819b-f35c75e60002 in shelve: 7f000101-9bf3-1319-819b-f35c54120001 with page: 0 and size: 1000
2026-01-30 19:45:25,032 [34mINFO [0;39m [[34mtomcat-handler-47[0;39m] [33m[XID:awebohbpggjx6n7][0;39m [32mc.a.o.a.s.impl.SubjectServiceImpl[0;39m - Getting subject: 7f000101-9bf3-1319-819b-f35c75e60002 from shelf: 7f000101-9bf3-1319-819b-f35c54120001
2026-01-30 19:45:25,047 [34mINFO [0;39m [[34mtomcat-handler-47[0;39m] [33m[XID:awebohbpggjx6n7][0;39m [32mc.a.o.a.s.impl.SubjectServiceImpl[0;39m - Successfully retrieved subject: 7f000101-9bf3-1319-819b-f35c75e60002
2026-01-30 19:45:25,052 [34mINFO [0;39m [[34mtomcat-handler-47[0;39m] [33m[XID:awebohbpggjx6n7][0;39m [32mc.a.oopsly.api.config.LoggingConfig[0;39m - Request: GET /api/v1/oopsly/shelves/7f000101-9bf3-1319-819b-f35c54120001/subjects/7f000101-9bf3-1319-819b-f35c75e60002 | Status: 200 | 27 ms
2026-01-30 19:45:25,057 [34mINFO [0;39m [[34mtomcat-handler-48[0;39m] [33m[XID:awebys5qub8k1rj][0;39m [32mc.a.o.a.service.impl.CardServiceImpl[0;39m - Successfully retrieved 0 cards for subject: 7f000101-9bf3-1319-819b-f35c75e60002 (total: 0)
2026-01-30 19:45:25,060 [34mINFO [0;39m [[34mtomcat-handler-48[0;39m] [33m[XID:awebys5qub8k1rj][0;39m [32mc.a.oopsly.api.config.LoggingConfig[0;39m - Request: GET /api/v1/oopsly/shelves/7f000101-9bf3-1319-819b-f35c54120001/subjects/7f000101-9bf3-1319-819b-f35c75e60002/cards | Status: 200 | 35 ms
2026-01-30 19:45:26,952 [34mINFO [0;39m [[34mtomcat-handler-49[0;39m] [33m[XID:][0;39m [32mc.a.o.a.c.JwtAuthenticationFilter[0;39m - Filtering request: /api/v1/oopsly/shelves/7f000101-9bf3-1319-819b-f35c54120001/subjects/7f000101-9bf3-1319-819b-f35c75e60002
2026-01-30 19:45:26,952 [34mINFO [0;39m [[34mtomcat-handler-49[0;39m] [33m[XID:][0;39m [32mc.a.o.a.c.JwtAuthenticationFilter[0;39m - Attempting to authenticate using jwt
2026-01-30 19:45:26,954 [34mINFO [0;39m [[34mtomcat-handler-49[0;39m] [33m[XID:][0;39m [32mc.a.o.a.c.JwtAuthenticationFilter[0;39m - User 7f000101-9bf3-1319-819b-f35c1d640000 authenticated with role USER
2026-01-30 19:45:26,954 [34mINFO [0;39m [[34mtomcat-handler-50[0;39m] [33m[XID:][0;39m [32mc.a.o.a.c.JwtAuthenticationFilter[0;39m - Filtering request: /api/v1/oopsly/shelves/7f000101-9bf3-1319-819b-f35c54120001/subjects/7f000101-9bf3-1319-819b-f35c75e60002/cards
2026-01-30 19:45:26,955 [34mINFO [0;39m [[34mtomcat-handler-50[0;39m] [33m[XID:][0;39m [32mc.a.o.a.c.JwtAuthenticationFilter[0;39m - Attempting to authenticate using jwt
2026-01-30 19:45:26,957 [34mINFO [0;39m [[34mtomcat-handler-49[0;39m] [33m[XID:awebxc017aygrg][0;39m [32mc.a.o.a.controller.SubjectController[0;39m - Getting subject: 7f000101-9bf3-1319-819b-f35c75e60002 from shelve: 7f000101-9bf3-1319-819b-f35c54120001
2026-01-30 19:45:26,958 [34mINFO [0;39m [[34mtomcat-handler-49[0;39m] [33m[XID:awebxc017aygrg][0;39m [32mc.a.o.a.s.impl.SubjectServiceImpl[0;39m - Getting subject: 7f000101-9bf3-1319-819b-f35c75e60002 from shelf: 7f000101-9bf3-1319-819b-f35c54120001
2026-01-30 19:45:26,958 [34mINFO [0;39m [[34mtomcat-handler-50[0;39m] [33m[XID:][0;39m [32mc.a.o.a.c.JwtAuthenticationFilter[0;39m - User 7f000101-9bf3-1319-819b-f35c1d640000 authenticated with role USER
2026-01-30 19:45:26,962 [34mINFO [0;39m [[34mtomcat-handler-50[0;39m] [33m[XID:awebs43brjeb5lk][0;39m [32mc.a.o.api.controller.CardController[0;39m - Getting all cards for subject: 7f000101-9bf3-1319-819b-f35c75e60002 in shelve: 7f000101-9bf3-1319-819b-f35c54120001 with page: 0 and size: 1000
2026-01-30 19:45:26,962 [34mINFO [0;39m [[34mtomcat-handler-50[0;39m] [33m[XID:awebs43brjeb5lk][0;39m [32mc.a.o.a.service.impl.CardServiceImpl[0;39m - Getting all cards for subject: 7f000101-9bf3-1319-819b-f35c75e60002 in shelve: 7f000101-9bf3-1319-819b-f35c54120001 with page: 0 and size: 1000
2026-01-30 19:45:26,970 [34mINFO [0;39m [[34mtomcat-handler-49[0;39m] [33m[XID:awebxc017aygrg][0;39m [32mc.a.o.a.s.impl.SubjectServiceImpl[0;39m - Successfully retrieved subject: 7f000101-9bf3-1319-819b-f35c75e60002
2026-01-30 19:45:26,973 [34mINFO [0;39m [[34mtomcat-handler-49[0;39m] [33m[XID:awebxc017aygrg][0;39m [32mc.a.oopsly.api.config.LoggingConfig[0;39m - Request: GET /api/v1/oopsly/shelves/7f000101-9bf3-1319-819b-f35c54120001/subjects/7f000101-9bf3-1319-819b-f35c75e60002 | Status: 200 | 18 ms
2026-01-30 19:45:26,979 [34mINFO [0;39m [[34mtomcat-handler-50[0;39m] [33m[XID:awebs43brjeb5lk][0;39m [32mc.a.o.a.service.impl.CardServiceImpl[0;39m - Successfully retrieved 0 cards for subject: 7f000101-9bf3-1319-819b-f35c75e60002 (total: 0)
2026-01-30 19:45:26,982 [34mINFO [0;39m [[34mtomcat-handler-50[0;39m] [33m[XID:awebs43brjeb5lk][0;39m [32mc.a.oopsly.api.config.LoggingConfig[0;39m - Request: GET /api/v1/oopsly/shelves/7f000101-9bf3-1319-819b-f35c54120001/subjects/7f000101-9bf3-1319-819b-f35c75e60002/cards | Status: 200 | 23 ms
2026-01-30 19:45:28,862 [34mINFO [0;39m [[34mtomcat-handler-51[0;39m] [33m[XID:][0;39m [32mc.a.o.a.c.JwtAuthenticationFilter[0;39m - Filtering request: /api/v1/oopsly/shelves/7f000101-9bf3-1319-819b-f35c54120001/subjects/7f000101-9bf3-1319-819b-f35c75e60002
2026-01-30 19:45:28,863 [34mINFO [0;39m [[34mtomcat-handler-51[0;39m] [33m[XID:][0;39m [32mc.a.o.a.c.JwtAuthenticationFilter[0;39m - Attempting to authenticate using jwt
2026-01-30 19:45:28,864 [34mINFO [0;39m [[34mtomcat-handler-52[0;39m] [33m[XID:][0;39m [32mc.a.o.a.c.JwtAuthenticationFilter[0;39m - Filtering request: /api/v1/oopsly/shelves/7f000101-9bf3-1319-819b-f35c54120001/subjects/7f000101-9bf3-1319-819b-f35c75e60002/cards
2026-01-30 19:45:28,865 [34mINFO [0;39m [[34mtomcat-handler-52[0;39m] [33m[XID:][0;39m [32mc.a.o.a.c.JwtAuthenticationFilter[0;39m - Attempting to authenticate using jwt
2026-01-30 19:45:28,867 [34mINFO [0;39m [[34mtomcat-handler-51[0;39m] [33m[XID:][0;39m [32mc.a.o.a.c.JwtAuthenticationFilter[0;39m - User 7f000101-9bf3-1319-819b-f35c1d640000 authenticated with role USER
2026-01-30 19:45:28,867 [34mINFO [0;39m [[34mtomcat-handler-52[0;39m] [33m[XID:][0;39m [32mc.a.o.a.c.JwtAuthenticationFilter[0;39m - User 7f000101-9bf3-1319-819b-f35c1d640000 authenticated with role USER
2026-01-30 19:45:28,870 [34mINFO [0;39m [[34mtomcat-handler-51[0;39m] [33m[XID:awebl2fhb5u55j][0;39m [32mc.a.o.a.controller.SubjectController[0;39m - Getting subject: 7f000101-9bf3-1319-819b-f35c75e60002 from shelve: 7f000101-9bf3-1319-819b-f35c54120001
2026-01-30 19:45:28,870 [34mINFO [0;39m [[34mtomcat-handler-52[0;39m] [33m[XID:awebv159dgy74tl][0;39m [32mc.a.o.api.controller.CardController[0;39m - Getting all cards for subject: 7f000101-9bf3-1319-819b-f35c75e60002 in shelve: 7f000101-9bf3-1319-819b-f35c54120001 with page: 0 and size: 1000
2026-01-30 19:45:28,870 [34mINFO [0;39m [[34mtomcat-handler-51[0;39m] [33m[XID:awebl2fhb5u55j][0;39m [32mc.a.o.a.s.impl.SubjectServiceImpl[0;39m - Getting subject: 7f000101-9bf3-1319-819b-f35c75e60002 from shelf: 7f000101-9bf3-1319-819b-f35c54120001
2026-01-30 19:45:28,871 [34mINFO [0;39m [[34mtomcat-handler-52[0;39m] [33m[XID:awebv159dgy74tl][0;39m [32mc.a.o.a.service.impl.CardServiceImpl[0;39m - Getting all cards for subject: 7f000101-9bf3-1319-819b-f35c75e60002 in shelve: 7f000101-9bf3-1319-819b-f35c54120001 with page: 0 and size: 1000
2026-01-30 19:45:28,878 [34mINFO [0;39m [[34mtomcat-handler-51[0;39m] [33m[XID:awebl2fhb5u55j][0;39m [32mc.a.o.a.s.impl.SubjectServiceImpl[0;39m - Successfully retrieved subject: 7f000101-9bf3-1319-819b-f35c75e60002
2026-01-30 19:45:28,881 [34mINFO [0;39m [[34mtomcat-handler-51[0;39m] [33m[XID:awebl2fhb5u55j][0;39m [32mc.a.oopsly.api.config.LoggingConfig[0;39m - Request: GET /api/v1/oopsly/shelves/7f000101-9bf3-1319-819b-f35c54120001/subjects/7f000101-9bf3-1319-819b-f35c75e60002 | Status: 200 | 13 ms
2026-01-30 19:45:28,883 [34mINFO [0;39m [[34mtomcat-handler-52[0;39m] [33m[XID:awebv159dgy74tl][0;39m [32mc.a.o.a.service.impl.CardServiceImpl[0;39m - Successfully retrieved 0 cards for subject: 7f000101-9bf3-1319-819b-f35c75e60002 (total: 0)
2026-01-30 19:45:28,888 [34mINFO [0;39m [[34mtomcat-handler-52[0;39m] [33m[XID:awebv159dgy74tl][0;39m [32mc.a.oopsly.api.config.LoggingConfig[0;39m - Request: GET /api/v1/oopsly/shelves/7f000101-9bf3-1319-819b-f35c54120001/subjects/7f000101-9bf3-1319-819b-f35c75e60002/cards | Status: 200 | 20 ms
2026-01-30 19:45:30,812 [34mINFO [0;39m [[34mtomcat-handler-54[0;39m] [33m[XID:][0;39m [32mc.a.o.a.c.JwtAuthenticationFilter[0;39m - Filtering request: /api/v1/oopsly/shelves/7f000101-9bf3-1319-819b-f35c54120001/subjects/7f000101-9bf3-1319-819b-f35c75e60002/cards
2026-01-30 19:45:30,812 [34mINFO [0;39m [[34mtomcat-handler-53[0;39m] [33m[XID:][0;39m [32mc.a.o.a.c.JwtAuthenticationFilter[0;39m - Filtering request: /api/v1/oopsly/shelves/7f000101-9bf3-1319-819b-f35c54120001/subjects/7f000101-9bf3-1319-819b-f35c75e60002
2026-01-30 19:45:30,813 [34mINFO [0;39m [[34mtomcat-handler-54[0;39m] [33m[XID:][0;39m [32mc.a.o.a.c.JwtAuthenticationFilter[0;39m - Attempting to authenticate using jwt
2026-01-30 19:45:30,813 [34mINFO [0;39m [[34mtomcat-handler-53[0;39m] [33m[XID:][0;39m [32mc.a.o.a.c.JwtAuthenticationFilter[0;39m - Attempting to authenticate using jwt
2026-01-30 19:45:30,814 [34mINFO [0;39m [[34mtomcat-handler-54[0;39m] [33m[XID:][0;39m [32mc.a.o.a.c.JwtAuthenticationFilter[0;39m - User 7f000101-9bf3-1319-819b-f35c1d640000 authenticated with role USER
2026-01-30 19:45:30,815 [34mINFO [0;39m [[34mtomcat-handler-53[0;39m] [33m[XID:][0;39m [32mc.a.o.a.c.JwtAuthenticationFilter[0;39m - User 7f000101-9bf3-1319-819b-f35c1d640000 authenticated with role USER
2026-01-30 19:45:30,818 [34mINFO [0;39m [[34mtomcat-handler-54[0;39m] [33m[XID:aweb4ii41afuync][0;39m [32mc.a.o.api.controller.CardController[0;39m - Getting all cards for subject: 7f000101-9bf3-1319-819b-f35c75e60002 in shelve: 7f000101-9bf3-1319-819b-f35c54120001 with page: 0 and size: 1000
2026-01-30 19:45:30,819 [34mINFO [0;39m [[34mtomcat-handler-54[0;39m] [33m[XID:aweb4ii41afuync][0;39m [32mc.a.o.a.service.impl.CardServiceImpl[0;39m - Getting all cards for subject: 7f000101-9bf3-1319-819b-f35c75e60002 in shelve: 7f000101-9bf3-1319-819b-f35c54120001 with page: 0 and size: 1000
2026-01-30 19:45:30,818 [34mINFO [0;39m [[34mtomcat-handler-53[0;39m] [33m[XID:awebhlqbfjs8lxa][0;39m [32mc.a.o.a.controller.SubjectController[0;39m - Getting subject: 7f000101-9bf3-1319-819b-f35c75e60002 from shelve: 7f000101-9bf3-1319-819b-f35c54120001
2026-01-30 19:45:30,821 [34mINFO [0;39m [[34mtomcat-handler-53[0;39m] [33m[XID:awebhlqbfjs8lxa][0;39m [32mc.a.o.a.s.impl.SubjectServiceImpl[0;39m - Getting subject: 7f000101-9bf3-1319-819b-f35c75e60002 from shelf: 7f000101-9bf3-1319-819b-f35c54120001
2026-01-30 19:45:30,829 [34mINFO [0;39m [[34mtomcat-handler-54[0;39m] [33m[XID:aweb4ii41afuync][0;39m [32mc.a.o.a.service.impl.CardServiceImpl[0;39m - Successfully retrieved 0 cards for subject: 7f000101-9bf3-1319-819b-f35c75e60002 (total: 0)
2026-01-30 19:45:30,830 [34mINFO [0;39m [[34mtomcat-handler-53[0;39m] [33m[XID:awebhlqbfjs8lxa][0;39m [32mc.a.o.a.s.impl.SubjectServiceImpl[0;39m - Successfully retrieved subject: 7f000101-9bf3-1319-819b-f35c75e60002
2026-01-30 19:45:30,832 [34mINFO [0;39m [[34mtomcat-handler-54[0;39m] [33m[XID:aweb4ii41afuync][0;39m [32mc.a.oopsly.api.config.LoggingConfig[0;39m - Request: GET /api/v1/oopsly/shelves/7f000101-9bf3-1319-819b-f35c54120001/subjects/7f000101-9bf3-1319-819b-f35c75e60002/cards | Status: 200 | 16 ms
2026-01-30 19:45:30,832 [34mINFO [0;39m [[34mtomcat-handler-53[0;39m] [33m[XID:awebhlqbfjs8lxa][0;39m [32mc.a.oopsly.api.config.LoggingConfig[0;39m - Request: GET /api/v1/oopsly/shelves/7f000101-9bf3-1319-819b-f35c54120001/subjects/7f000101-9bf3-1319-819b-f35c75e60002 | Status: 200 | 17 ms
2026-01-30 19:45:33,378 [34mINFO [0;39m [[34mtomcat-handler-55[0;39m] [33m[XID:][0;39m [32mc.a.o.a.c.JwtAuthenticationFilter[0;39m - Filtering request: /api/v1/oopsly/shelves/7f000101-9bf3-1319-819b-f35c54120001/subjects/7f000101-9bf3-1319-819b-f35c75e60002
2026-01-30 19:45:33,379 [34mINFO [0;39m [[34mtomcat-handler-55[0;39m] [33m[XID:][0;39m [32mc.a.o.a.c.JwtAuthenticationFilter[0;39m - Attempting to authenticate using jwt
2026-01-30 19:45:33,380 [34mINFO [0;39m [[34mtomcat-handler-55[0;39m] [33m[XID:][0;39m [32mc.a.o.a.c.JwtAuthenticationFilter[0;39m - User 7f000101-9bf3-1319-819b-f35c1d640000 authenticated with role USER
2026-01-30 19:45:33,383 [34mINFO [0;39m [[34mtomcat-handler-55[0;39m] [33m[XID:aweb86jxn0p8vp][0;39m [32mc.a.o.a.controller.SubjectController[0;39m - Getting subject: 7f000101-9bf3-1319-819b-f35c75e60002 from shelve: 7f000101-9bf3-1319-819b-f35c54120001
2026-01-30 19:45:33,399 [34mINFO [0;39m [[34mtomcat-handler-55[0;39m] [33m[XID:aweb86jxn0p8vp][0;39m [32mc.a.o.a.s.impl.SubjectServiceImpl[0;39m - Getting subject: 7f000101-9bf3-1319-819b-f35c75e60002 from shelf: 7f000101-9bf3-1319-819b-f35c54120001
2026-01-30 19:45:33,400 [34mINFO [0;39m [[34mtomcat-handler-56[0;39m] [33m[XID:][0;39m [32mc.a.o.a.c.JwtAuthenticationFilter[0;39m - Filtering request: /api/v1/oopsly/shelves/7f000101-9bf3-1319-819b-f35c54120001/subjects/7f000101-9bf3-1319-819b-f35c75e60002/cards
2026-01-30 19:45:33,404 [34mINFO [0;39m [[34mtomcat-handler-56[0;39m] [33m[XID:][0;39m [32mc.a.o.a.c.JwtAuthenticationFilter[0;39m - Attempting to authenticate using jwt
2026-01-30 19:45:33,407 [34mINFO [0;39m [[34mtomcat-handler-56[0;39m] [33m[XID:][0;39m [32mc.a.o.a.c.JwtAuthenticationFilter[0;39m - User 7f000101-9bf3-1319-819b-f35c1d640000 authenticated with role USER
2026-01-30 19:45:33,410 [34mINFO [0;39m [[34mtomcat-handler-56[0;39m] [33m[XID:aweb9l7497bpwda][0;39m [32mc.a.o.api.controller.CardController[0;39m - Getting all cards for subject: 7f000101-9bf3-1319-819b-f35c75e60002 in shelve: 7f000101-9bf3-1319-819b-f35c54120001 with page: 0 and size: 1000
2026-01-30 19:45:33,411 [34mINFO [0;39m [[34mtomcat-handler-56[0;39m] [33m[XID:aweb9l7497bpwda][0;39m [32mc.a.o.a.service.impl.CardServiceImpl[0;39m - Getting all cards for subject: 7f000101-9bf3-1319-819b-f35c75e60002 in shelve: 7f000101-9bf3-1319-819b-f35c54120001 with page: 0 and size: 1000
2026-01-30 19:45:33,427 [34mINFO [0;39m [[34mtomcat-handler-56[0;39m] [33m[XID:aweb9l7497bpwda][0;39m [32mc.a.o.a.service.impl.CardServiceImpl[0;39m - Successfully retrieved 0 cards for subject: 7f000101-9bf3-1319-819b-f35c75e60002 (total: 0)
2026-01-30 19:45:33,430 [34mINFO [0;39m [[34mtomcat-handler-56[0;39m] [33m[XID:aweb9l7497bpwda][0;39m [32mc.a.oopsly.api.config.LoggingConfig[0;39m - Request: GET /api/v1/oopsly/shelves/7f000101-9bf3-1319-819b-f35c54120001/subjects/7f000101-9bf3-1319-819b-f35c75e60002/cards | Status: 200 | 22 ms
2026-01-30 19:45:33,443 [34mINFO [0;39m [[34mtomcat-handler-55[0;39m] [33m[XID:aweb86jxn0p8vp][0;39m [32mc.a.o.a.s.impl.SubjectServiceImpl[0;39m - Successfully retrieved subject: 7f000101-9bf3-1319-819b-f35c75e60002
2026-01-30 19:45:33,456 [34mINFO [0;39m [[34mtomcat-handler-55[0;39m] [33m[XID:aweb86jxn0p8vp][0;39m [32mc.a.oopsly.api.config.LoggingConfig[0;39m - Request: GET /api/v1/oopsly/shelves/7f000101-9bf3-1319-819b-f35c54120001/subjects/7f000101-9bf3-1319-819b-f35c75e60002 | Status: 200 | 75 ms
2026-01-30 19:45:47,103 [34mINFO [0;39m [[34mtomcat-handler-57[0;39m] [33m[XID:][0;39m [32mc.a.o.a.c.JwtAuthenticationFilter[0;39m - Filtering request: /api/v1/oopsly/shelves/7f000101-9bf3-1319-819b-f35c54120001/subjects/7f000101-9bf3-1319-819b-f35c75e60002
2026-01-30 19:45:47,103 [34mINFO [0;39m [[34mtomcat-handler-57[0;39m] [33m[XID:][0;39m [32mc.a.o.a.c.JwtAuthenticationFilter[0;39m - Attempting to authenticate using jwt
2026-01-30 19:45:47,105 [34mINFO [0;39m [[34mtomcat-handler-57[0;39m] [33m[XID:][0;39m [32mc.a.o.a.c.JwtAuthenticationFilter[0;39m - User 7f000101-9bf3-1319-819b-f35c1d640000 authenticated with role USER
2026-01-30 19:45:47,112 [34mINFO [0;39m [[34mtomcat-handler-57[0;39m] [33m[XID:awebbkpqckaj8vj][0;39m [32mc.a.o.a.controller.SubjectController[0;39m - Getting subject: 7f000101-9bf3-1319-819b-f35c75e60002 from shelve: 7f000101-9bf3-1319-819b-f35c54120001
2026-01-30 19:45:47,114 [34mINFO [0;39m [[34mtomcat-handler-57[0;39m] [33m[XID:awebbkpqckaj8vj][0;39m [32mc.a.o.a.s.impl.SubjectServiceImpl[0;39m - Getting subject: 7f000101-9bf3-1319-819b-f35c75e60002 from shelf: 7f000101-9bf3-1319-819b-f35c54120001
2026-01-30 19:45:47,114 [34mINFO [0;39m [[34mtomcat-handler-58[0;39m] [33m[XID:][0;39m [32mc.a.o.a.c.JwtAuthenticationFilter[0;39m - Filtering request: /api/v1/oopsly/shelves/7f000101-9bf3-1319-819b-f35c54120001/subjects/7f000101-9bf3-1319-819b-f35c75e60002/cards
2026-01-30 19:45:47,123 [34mINFO [0;39m [[34mtomcat-handler-58[0;39m] [33m[XID:][0;39m [32mc.a.o.a.c.JwtAuthenticationFilter[0;39m - Attempting to authenticate using jwt
2026-01-30 19:45:47,125 [34mINFO [0;39m [[34mtomcat-handler-58[0;39m] [33m[XID:][0;39m [32mc.a.o.a.c.JwtAuthenticationFilter[0;39m - User 7f000101-9bf3-1319-819b-f35c1d640000 authenticated with role USER
2026-01-30 19:45:47,129 [34mINFO [0;39m [[34mtomcat-handler-58[0;39m] [33m[XID:aweborergxiz2s][0;39m [32mc.a.o.api.controller.CardController[0;39m - Getting all cards for subject: 7f000101-9bf3-1319-819b-f35c75e60002 in shelve: 7f000101-9bf3-1319-819b-f35c54120001 with page: 0 and size: 1000
2026-01-30 19:45:47,129 [34mINFO [0;39m [[34mtomcat-handler-58[0;39m] [33m[XID:aweborergxiz2s][0;39m [32mc.a.o.a.service.impl.CardServiceImpl[0;39m - Getting all cards for subject: 7f000101-9bf3-1319-819b-f35c75e60002 in shelve: 7f000101-9bf3-1319-819b-f35c54120001 with page: 0 and size: 1000
2026-01-30 19:45:47,139 [34mINFO [0;39m [[34mtomcat-handler-57[0;39m] [33m[XID:awebbkpqckaj8vj][0;39m [32mc.a.o.a.s.impl.SubjectServiceImpl[0;39m - Successfully retrieved subject: 7f000101-9bf3-1319-819b-f35c75e60002
2026-01-30 19:45:47,144 [34mINFO [0;39m [[34mtomcat-handler-57[0;39m] [33m[XID:awebbkpqckaj8vj][0;39m [32mc.a.oopsly.api.config.LoggingConfig[0;39m - Request: GET /api/v1/oopsly/shelves/7f000101-9bf3-1319-819b-f35c54120001/subjects/7f000101-9bf3-1319-819b-f35c75e60002 | Status: 200 | 37 ms
2026-01-30 19:45:47,152 [34mINFO [0;39m [[34mtomcat-handler-58[0;39m] [33m[XID:aweborergxiz2s][0;39m [32mc.a.o.a.service.impl.CardServiceImpl[0;39m - Successfully retrieved 0 cards for subject: 7f000101-9bf3-1319-819b-f35c75e60002 (total: 0)
2026-01-30 19:45:47,163 [34mINFO [0;39m [[34mtomcat-handler-58[0;39m] [33m[XID:aweborergxiz2s][0;39m [32mc.a.oopsly.api.config.LoggingConfig[0;39m - Request: GET /api/v1/oopsly/shelves/7f000101-9bf3-1319-819b-f35c54120001/subjects/7f000101-9bf3-1319-819b-f35c75e60002/cards | Status: 200 | 37 ms
2026-01-30 19:48:49,888 [34mINFO [0;39m [[34mtomcat-handler-62[0;39m] [33m[XID:][0;39m [32mc.a.o.a.c.JwtAuthenticationFilter[0;39m - Filtering request: /api/v1/oopsly/shelves/7f000101-9bf3-1319-819b-f35c54120001/subjects/7f000101-9bf3-1319-819b-f35c75e60002/cards
2026-01-30 19:48:49,888 [34mINFO [0;39m [[34mtomcat-handler-61[0;39m] [33m[XID:][0;39m [32mc.a.o.a.c.JwtAuthenticationFilter[0;39m - Filtering request: /api/v1/oopsly/shelves/7f000101-9bf3-1319-819b-f35c54120001/subjects/7f000101-9bf3-1319-819b-f35c75e60002
2026-01-30 19:48:49,890 [34mINFO [0;39m [[34mtomcat-handler-62[0;39m] [33m[XID:][0;39m [32mc.a.o.a.c.JwtAuthenticationFilter[0;39m - Attempting to authenticate using jwt
2026-01-30 19:48:49,890 [34mINFO [0;39m [[34mtomcat-handler-61[0;39m] [33m[XID:][0;39m [32mc.a.o.a.c.JwtAuthenticationFilter[0;39m - Attempting to authenticate using jwt
2026-01-30 19:48:49,894 [34mINFO [0;39m [[34mtomcat-handler-62[0;39m] [33m[XID:][0;39m [32mc.a.o.a.c.JwtAuthenticationFilter[0;39m - User 7f000101-9bf3-1319-819b-f35c1d640000 authenticated with role USER
2026-01-30 19:48:49,894 [34mINFO [0;39m [[34mtomcat-handler-61[0;39m] [33m[XID:][0;39m [32mc.a.o.a.c.JwtAuthenticationFilter[0;39m - User 7f000101-9bf3-1319-819b-f35c1d640000 authenticated with role USER
2026-01-30 19:48:49,899 [34mINFO [0;39m [[34mtomcat-handler-61[0;39m] [33m[XID:awebcgvfc4gms3b][0;39m [32mc.a.o.a.controller.SubjectController[0;39m - Getting subject: 7f000101-9bf3-1319-819b-f35c75e60002 from shelve: 7f000101-9bf3-1319-819b-f35c54120001
2026-01-30 19:48:49,899 [34mINFO [0;39m [[34mtomcat-handler-62[0;39m] [33m[XID:awebz4eq88xaiy8][0;39m [32mc.a.o.api.controller.CardController[0;39m - Getting all cards for subject: 7f000101-9bf3-1319-819b-f35c75e60002 in shelve: 7f000101-9bf3-1319-819b-f35c54120001 with page: 0 and size: 1000
2026-01-30 19:48:49,900 [34mINFO [0;39m [[34mtomcat-handler-62[0;39m] [33m[XID:awebz4eq88xaiy8][0;39m [32mc.a.o.a.service.impl.CardServiceImpl[0;39m - Getting all cards for subject: 7f000101-9bf3-1319-819b-f35c75e60002 in shelve: 7f000101-9bf3-1319-819b-f35c54120001 with page: 0 and size: 1000
2026-01-30 19:48:49,900 [34mINFO [0;39m [[34mtomcat-handler-61[0;39m] [33m[XID:awebcgvfc4gms3b][0;39m [32mc.a.o.a.s.impl.SubjectServiceImpl[0;39m - Getting subject: 7f000101-9bf3-1319-819b-f35c75e60002 from shelf: 7f000101-9bf3-1319-819b-f35c54120001
2026-01-30 19:48:49,913 [34mINFO [0;39m [[34mtomcat-handler-61[0;39m] [33m[XID:awebcgvfc4gms3b][0;39m [32mc.a.o.a.s.impl.SubjectServiceImpl[0;39m - Successfully retrieved subject: 7f000101-9bf3-1319-819b-f35c75e60002
2026-01-30 19:48:49,916 [34mINFO [0;39m [[34mtomcat-handler-62[0;39m] [33m[XID:awebz4eq88xaiy8][0;39m [32mc.a.o.a.service.impl.CardServiceImpl[0;39m - Successfully retrieved 0 cards for subject: 7f000101-9bf3-1319-819b-f35c75e60002 (total: 0)
2026-01-30 19:48:49,916 [34mINFO [0;39m [[34mtomcat-handler-61[0;39m] [33m[XID:awebcgvfc4gms3b][0;39m [32mc.a.oopsly.api.config.LoggingConfig[0;39m - Request: GET /api/v1/oopsly/shelves/7f000101-9bf3-1319-819b-f35c54120001/subjects/7f000101-9bf3-1319-819b-f35c75e60002 | Status: 200 | 21 ms
2026-01-30 19:48:49,917 [34mINFO [0;39m [[34mtomcat-handler-62[0;39m] [33m[XID:awebz4eq88xaiy8][0;39m [32mc.a.oopsly.api.config.LoggingConfig[0;39m - Request: GET /api/v1/oopsly/shelves/7f000101-9bf3-1319-819b-f35c54120001/subjects/7f000101-9bf3-1319-819b-f35c75e60002/cards | Status: 200 | 22 ms
2026-01-30 19:49:08,264 [34mINFO [0;39m [[34mtomcat-handler-63[0;39m] [33m[XID:][0;39m [32mc.a.o.a.c.JwtAuthenticationFilter[0;39m - Filtering request: /api/v1/oopsly/shelves/7f000101-9bf3-1319-819b-f35c54120001/subjects/7f000101-9bf3-1319-819b-f35c75e60002
2026-01-30 19:49:08,264 [34mINFO [0;39m [[34mtomcat-handler-63[0;39m] [33m[XID:][0;39m [32mc.a.o.a.c.JwtAuthenticationFilter[0;39m - Attempting to authenticate using jwt
2026-01-30 19:49:08,265 [34mINFO [0;39m [[34mtomcat-handler-64[0;39m] [33m[XID:][0;39m [32mc.a.o.a.c.JwtAuthenticationFilter[0;39m - Filtering request: /api/v1/oopsly/shelves/7f000101-9bf3-1319-819b-f35c54120001/subjects/7f000101-9bf3-1319-819b-f35c75e60002/cards
2026-01-30 19:49:08,266 [34mINFO [0;39m [[34mtomcat-handler-64[0;39m] [33m[XID:][0;39m [32mc.a.o.a.c.JwtAuthenticationFilter[0;39m - Attempting to authenticate using jwt
2026-01-30 19:49:08,266 [34mINFO [0;39m [[34mtomcat-handler-63[0;39m] [33m[XID:][0;39m [32mc.a.o.a.c.JwtAuthenticationFilter[0;39m - User 7f000101-9bf3-1319-819b-f35c1d640000 authenticated with role USER
2026-01-30 19:49:08,267 [34mINFO [0;39m [[34mtomcat-handler-64[0;39m] [33m[XID:][0;39m [32mc.a.o.a.c.JwtAuthenticationFilter[0;39m - User 7f000101-9bf3-1319-819b-f35c1d640000 authenticated with role USER
2026-01-30 19:49:08,271 [34mINFO [0;39m [[34mtomcat-handler-63[0;39m] [33m[XID:awebv9l9nrlipq][0;39m [32mc.a.o.a.controller.SubjectController[0;39m - Getting subject: 7f000101-9bf3-1319-819b-f35c75e60002 from shelve: 7f000101-9bf3-1319-819b-f35c54120001
2026-01-30 19:49:08,272 [34mINFO [0;39m [[34mtomcat-handler-64[0;39m] [33m[XID:aweb3wyq7h5nugn][0;39m [32mc.a.o.api.controller.CardController[0;39m - Getting all cards for subject: 7f000101-9bf3-1319-819b-f35c75e60002 in shelve: 7f000101-9bf3-1319-819b-f35c54120001 with page: 0 and size: 1000
2026-01-30 19:49:08,273 [34mINFO [0;39m [[34mtomcat-handler-63[0;39m] [33m[XID:awebv9l9nrlipq][0;39m [32mc.a.o.a.s.impl.SubjectServiceImpl[0;39m - Getting subject: 7f000101-9bf3-1319-819b-f35c75e60002 from shelf: 7f000101-9bf3-1319-819b-f35c54120001
2026-01-30 19:49:08,275 [34mINFO [0;39m [[34mtomcat-handler-64[0;39m] [33m[XID:aweb3wyq7h5nugn][0;39m [32mc.a.o.a.service.impl.CardServiceImpl[0;39m - Getting all cards for subject: 7f000101-9bf3-1319-819b-f35c75e60002 in shelve: 7f000101-9bf3-1319-819b-f35c54120001 with page: 0 and size: 1000
2026-01-30 19:49:08,286 [34mINFO [0;39m [[34mtomcat-handler-63[0;39m] [33m[XID:awebv9l9nrlipq][0;39m [32mc.a.o.a.s.impl.SubjectServiceImpl[0;39m - Successfully retrieved subject: 7f000101-9bf3-1319-819b-f35c75e60002
2026-01-30 19:49:08,288 [34mINFO [0;39m [[34mtomcat-handler-64[0;39m] [33m[XID:aweb3wyq7h5nugn][0;39m [32mc.a.o.a.service.impl.CardServiceImpl[0;39m - Successfully retrieved 0 cards for subject: 7f000101-9bf3-1319-819b-f35c75e60002 (total: 0)
2026-01-30 19:49:08,289 [34mINFO [0;39m [[34mtomcat-handler-63[0;39m] [33m[XID:awebv9l9nrlipq][0;39m [32mc.a.oopsly.api.config.LoggingConfig[0;39m - Request: GET /api/v1/oopsly/shelves/7f000101-9bf3-1319-819b-f35c54120001/subjects/7f000101-9bf3-1319-819b-f35c75e60002 | Status: 200 | 21 ms
2026-01-30 19:49:08,297 [34mINFO [0;39m [[34mtomcat-handler-64[0;39m] [33m[XID:aweb3wyq7h5nugn][0;39m [32mc.a.oopsly.api.config.LoggingConfig[0;39m - Request: GET /api/v1/oopsly/shelves/7f000101-9bf3-1319-819b-f35c54120001/subjects/7f000101-9bf3-1319-819b-f35c75e60002/cards | Status: 200 | 28 ms
2026-01-30 19:49:12,613 [34mINFO [0;39m [[34mtomcat-handler-65[0;39m] [33m[XID:][0;39m [32mc.a.o.a.c.JwtAuthenticationFilter[0;39m - Filtering request: /api/v1/oopsly/shelves/7f000101-9bf3-1319-819b-f35c54120001/subjects/7f000101-9bf3-1319-819b-f35c75e60002
2026-01-30 19:49:12,614 [34mINFO [0;39m [[34mtomcat-handler-65[0;39m] [33m[XID:][0;39m [32mc.a.o.a.c.JwtAuthenticationFilter[0;39m - Attempting to authenticate using jwt
2026-01-30 19:49:12,616 [34mINFO [0;39m [[34mtomcat-handler-65[0;39m] [33m[XID:][0;39m [32mc.a.o.a.c.JwtAuthenticationFilter[0;39m - User 7f000101-9bf3-1319-819b-f35c1d640000 authenticated with role USER
2026-01-30 19:49:12,616 [34mINFO [0;39m [[34mtomcat-handler-66[0;39m] [33m[XID:][0;39m [32mc.a.o.a.c.JwtAuthenticationFilter[0;39m - Filtering request: /api/v1/oopsly/shelves/7f000101-9bf3-1319-819b-f35c54120001/subjects/7f000101-9bf3-1319-819b-f35c75e60002/cards
2026-01-30 19:49:12,616 [34mINFO [0;39m [[34mtomcat-handler-66[0;39m] [33m[XID:][0;39m [32mc.a.o.a.c.JwtAuthenticationFilter[0;39m - Attempting to authenticate using jwt
2026-01-30 19:49:12,620 [34mINFO [0;39m [[34mtomcat-handler-66[0;39m] [33m[XID:][0;39m [32mc.a.o.a.c.JwtAuthenticationFilter[0;39m - User 7f000101-9bf3-1319-819b-f35c1d640000 authenticated with role USER
2026-01-30 19:49:12,624 [34mINFO [0;39m [[34mtomcat-handler-65[0;39m] [33m[XID:aweblltpj0469q][0;39m [32mc.a.o.a.controller.SubjectController[0;39m - Getting subject: 7f000101-9bf3-1319-819b-f35c75e60002 from shelve: 7f000101-9bf3-1319-819b-f35c54120001
2026-01-30 19:49:12,625 [34mINFO [0;39m [[34mtomcat-handler-66[0;39m] [33m[XID:awebr8z8oo22h5f][0;39m [32mc.a.o.api.controller.CardController[0;39m - Getting all cards for subject: 7f000101-9bf3-1319-819b-f35c75e60002 in shelve: 7f000101-9bf3-1319-819b-f35c54120001 with page: 0 and size: 1000
2026-01-30 19:49:12,627 [34mINFO [0;39m [[34mtomcat-handler-65[0;39m] [33m[XID:aweblltpj0469q][0;39m [32mc.a.o.a.s.impl.SubjectServiceImpl[0;39m - Getting subject: 7f000101-9bf3-1319-819b-f35c75e60002 from shelf: 7f000101-9bf3-1319-819b-f35c54120001
2026-01-30 19:49:12,627 [34mINFO [0;39m [[34mtomcat-handler-66[0;39m] [33m[XID:awebr8z8oo22h5f][0;39m [32mc.a.o.a.service.impl.CardServiceImpl[0;39m - Getting all cards for subject: 7f000101-9bf3-1319-819b-f35c75e60002 in shelve: 7f000101-9bf3-1319-819b-f35c54120001 with page: 0 and size: 1000
2026-01-30 19:49:12,701 [34mINFO [0;39m [[34mtomcat-handler-65[0;39m] [33m[XID:aweblltpj0469q][0;39m [32mc.a.o.a.s.impl.SubjectServiceImpl[0;39m - Successfully retrieved subject: 7f000101-9bf3-1319-819b-f35c75e60002
2026-01-30 19:49:12,704 [34mINFO [0;39m [[34mtomcat-handler-66[0;39m] [33m[XID:awebr8z8oo22h5f][0;39m [32mc.a.o.a.service.impl.CardServiceImpl[0;39m - Successfully retrieved 0 cards for subject: 7f000101-9bf3-1319-819b-f35c75e60002 (total: 0)
2026-01-30 19:49:12,712 [34mINFO [0;39m [[34mtomcat-handler-65[0;39m] [33m[XID:aweblltpj0469q][0;39m [32mc.a.oopsly.api.config.LoggingConfig[0;39m - Request: GET /api/v1/oopsly/shelves/7f000101-9bf3-1319-819b-f35c54120001/subjects/7f000101-9bf3-1319-819b-f35c75e60002 | Status: 200 | 95 ms
2026-01-30 19:49:12,714 [34mINFO [0;39m [[34mtomcat-handler-66[0;39m] [33m[XID:awebr8z8oo22h5f][0;39m [32mc.a.oopsly.api.config.LoggingConfig[0;39m - Request: GET /api/v1/oopsly/shelves/7f000101-9bf3-1319-819b-f35c54120001/subjects/7f000101-9bf3-1319-819b-f35c75e60002/cards | Status: 200 | 92 ms
2026-01-30 19:49:29,912 [34mINFO [0;39m [[34mtomcat-handler-67[0;39m] [33m[XID:][0;39m [32mc.a.o.a.c.JwtAuthenticationFilter[0;39m - Filtering request: /api/v1/oopsly/shelves/7f000101-9bf3-1319-819b-f35c54120001/subjects/7f000101-9bf3-1319-819b-f35c75e60002
2026-01-30 19:49:29,913 [34mINFO [0;39m [[34mtomcat-handler-67[0;39m] [33m[XID:][0;39m [32mc.a.o.a.c.JwtAuthenticationFilter[0;39m - Attempting to authenticate using jwt
2026-01-30 19:49:29,917 [34mINFO [0;39m [[34mtomcat-handler-68[0;39m] [33m[XID:][0;39m [32mc.a.o.a.c.JwtAuthenticationFilter[0;39m - Filtering request: /api/v1/oopsly/shelves/7f000101-9bf3-1319-819b-f35c54120001/subjects/7f000101-9bf3-1319-819b-f35c75e60002/cards
2026-01-30 19:49:29,921 [34mINFO [0;39m [[34mtomcat-handler-68[0;39m] [33m[XID:][0;39m [32mc.a.o.a.c.JwtAuthenticationFilter[0;39m - Attempting to authenticate using jwt
2026-01-30 19:49:29,921 [34mINFO [0;39m [[34mtomcat-handler-67[0;39m] [33m[XID:][0;39m [32mc.a.o.a.c.JwtAuthenticationFilter[0;39m - User 7f000101-9bf3-1319-819b-f35c1d640000 authenticated with role USER
2026-01-30 19:49:29,922 [34mINFO [0;39m [[34mtomcat-handler-68[0;39m] [33m[XID:][0;39m [32mc.a.o.a.c.JwtAuthenticationFilter[0;39m - User 7f000101-9bf3-1319-819b-f35c1d640000 authenticated with role USER
2026-01-30 19:49:29,929 [34mINFO [0;39m [[34mtomcat-handler-67[0;39m] [33m[XID:awebiv6gxulwvh][0;39m [32mc.a.o.a.controller.SubjectController[0;39m - Getting subject: 7f000101-9bf3-1319-819b-f35c75e60002 from shelve: 7f000101-9bf3-1319-819b-f35c54120001
2026-01-30 19:49:29,933 [34mINFO [0;39m [[34mtomcat-handler-68[0;39m] [33m[XID:awebpt0i1sqnj8][0;39m [32mc.a.o.api.controller.CardController[0;39m - Getting all cards for subject: 7f000101-9bf3-1319-819b-f35c75e60002 in shelve: 7f000101-9bf3-1319-819b-f35c54120001 with page: 0 and size: 1000
2026-01-30 19:49:29,934 [34mINFO [0;39m [[34mtomcat-handler-67[0;39m] [33m[XID:awebiv6gxulwvh][0;39m [32mc.a.o.a.s.impl.SubjectServiceImpl[0;39m - Getting subject: 7f000101-9bf3-1319-819b-f35c75e60002 from shelf: 7f000101-9bf3-1319-819b-f35c54120001
2026-01-30 19:49:29,934 [34mINFO [0;39m [[34mtomcat-handler-68[0;39m] [33m[XID:awebpt0i1sqnj8][0;39m [32mc.a.o.a.service.impl.CardServiceImpl[0;39m - Getting all cards for subject: 7f000101-9bf3-1319-819b-f35c75e60002 in shelve: 7f000101-9bf3-1319-819b-f35c54120001 with page: 0 and size: 1000
2026-01-30 19:49:29,952 [34mINFO [0;39m [[34mtomcat-handler-67[0;39m] [33m[XID:awebiv6gxulwvh][0;39m [32mc.a.o.a.s.impl.SubjectServiceImpl[0;39m - Successfully retrieved subject: 7f000101-9bf3-1319-819b-f35c75e60002
2026-01-30 19:49:29,955 [34mINFO [0;39m [[34mtomcat-handler-68[0;39m] [33m[XID:awebpt0i1sqnj8][0;39m [32mc.a.o.a.service.impl.CardServiceImpl[0;39m - Successfully retrieved 0 cards for subject: 7f000101-9bf3-1319-819b-f35c75e60002 (total: 0)
2026-01-30 19:49:29,964 [34mINFO [0;39m [[34mtomcat-handler-68[0;39m] [33m[XID:awebpt0i1sqnj8][0;39m [32mc.a.oopsly.api.config.LoggingConfig[0;39m - Request: GET /api/v1/oopsly/shelves/7f000101-9bf3-1319-819b-f35c54120001/subjects/7f000101-9bf3-1319-819b-f35c75e60002/cards | Status: 200 | 38 ms
2026-01-30 19:49:29,976 [34mINFO [0;39m [[34mtomcat-handler-67[0;39m] [33m[XID:awebiv6gxulwvh][0;39m [32mc.a.oopsly.api.config.LoggingConfig[0;39m - Request: GET /api/v1/oopsly/shelves/7f000101-9bf3-1319-819b-f35c54120001/subjects/7f000101-9bf3-1319-819b-f35c75e60002 | Status: 200 | 49 ms
2026-01-30 19:49:31,672 [34mINFO [0;39m [[34mtomcat-handler-69[0;39m] [33m[XID:][0;39m [32mc.a.o.a.c.JwtAuthenticationFilter[0;39m - Filtering request: /api/v1/oopsly/shelves/7f000101-9bf3-1319-819b-f35c54120001/subjects/7f000101-9bf3-1319-819b-f35c75e60002
2026-01-30 19:49:31,672 [34mINFO [0;39m [[34mtomcat-handler-69[0;39m] [33m[XID:][0;39m [32mc.a.o.a.c.JwtAuthenticationFilter[0;39m - Attempting to authenticate using jwt
2026-01-30 19:49:31,672 [34mINFO [0;39m [[34mtomcat-handler-70[0;39m] [33m[XID:][0;39m [32mc.a.o.a.c.JwtAuthenticationFilter[0;39m - Filtering request: /api/v1/oopsly/shelves/7f000101-9bf3-1319-819b-f35c54120001/subjects/7f000101-9bf3-1319-819b-f35c75e60002/cards
2026-01-30 19:49:31,673 [34mINFO [0;39m [[34mtomcat-handler-70[0;39m] [33m[XID:][0;39m [32mc.a.o.a.c.JwtAuthenticationFilter[0;39m - Attempting to authenticate using jwt
2026-01-30 19:49:31,681 [34mINFO [0;39m [[34mtomcat-handler-69[0;39m] [33m[XID:][0;39m [32mc.a.o.a.c.JwtAuthenticationFilter[0;39m - User 7f000101-9bf3-1319-819b-f35c1d640000 authenticated with role USER
2026-01-30 19:49:31,685 [34mINFO [0;39m [[34mtomcat-handler-70[0;39m] [33m[XID:][0;39m [32mc.a.o.a.c.JwtAuthenticationFilter[0;39m - User 7f000101-9bf3-1319-819b-f35c1d640000 authenticated with role USER
2026-01-30 19:49:31,689 [34mINFO [0;39m [[34mtomcat-handler-69[0;39m] [33m[XID:awebxg5768cwc7][0;39m [32mc.a.o.a.controller.SubjectController[0;39m - Getting subject: 7f000101-9bf3-1319-819b-f35c75e60002 from shelve: 7f000101-9bf3-1319-819b-f35c54120001
2026-01-30 19:49:31,690 [34mINFO [0;39m [[34mtomcat-handler-69[0;39m] [33m[XID:awebxg5768cwc7][0;39m [32mc.a.o.a.s.impl.SubjectServiceImpl[0;39m - Getting subject: 7f000101-9bf3-1319-819b-f35c75e60002 from shelf: 7f000101-9bf3-1319-819b-f35c54120001
2026-01-30 19:49:31,694 [34mINFO [0;39m [[34mtomcat-handler-70[0;39m] [33m[XID:awebelzzoljzue][0;39m [32mc.a.o.api.controller.CardController[0;39m - Getting all cards for subject: 7f000101-9bf3-1319-819b-f35c75e60002 in shelve: 7f000101-9bf3-1319-819b-f35c54120001 with page: 0 and size: 1000
2026-01-30 19:49:31,695 [34mINFO [0;39m [[34mtomcat-handler-70[0;39m] [33m[XID:awebelzzoljzue][0;39m [32mc.a.o.a.service.impl.CardServiceImpl[0;39m - Getting all cards for subject: 7f000101-9bf3-1319-819b-f35c75e60002 in shelve: 7f000101-9bf3-1319-819b-f35c54120001 with page: 0 and size: 1000
2026-01-30 19:49:31,719 [34mINFO [0;39m [[34mtomcat-handler-69[0;39m] [33m[XID:awebxg5768cwc7][0;39m [32mc.a.o.a.s.impl.SubjectServiceImpl[0;39m - Successfully retrieved subject: 7f000101-9bf3-1319-819b-f35c75e60002
2026-01-30 19:49:31,729 [34mINFO [0;39m [[34mtomcat-handler-70[0;39m] [33m[XID:awebelzzoljzue][0;39m [32mc.a.o.a.service.impl.CardServiceImpl[0;39m - Successfully retrieved 0 cards for subject: 7f000101-9bf3-1319-819b-f35c75e60002 (total: 0)
2026-01-30 19:49:31,743 [34mINFO [0;39m [[34mtomcat-handler-69[0;39m] [33m[XID:awebxg5768cwc7][0;39m [32mc.a.oopsly.api.config.LoggingConfig[0;39m - Request: GET /api/v1/oopsly/shelves/7f000101-9bf3-1319-819b-f35c54120001/subjects/7f000101-9bf3-1319-819b-f35c75e60002 | Status: 200 | 60 ms
2026-01-30 19:49:31,748 [34mINFO [0;39m [[34mtomcat-handler-70[0;39m] [33m[XID:awebelzzoljzue][0;39m [32mc.a.oopsly.api.config.LoggingConfig[0;39m - Request: GET /api/v1/oopsly/shelves/7f000101-9bf3-1319-819b-f35c54120001/subjects/7f000101-9bf3-1319-819b-f35c75e60002/cards | Status: 200 | 62 ms
2026-01-30 19:55:02,657 [34mINFO [0;39m [[34mSpringApplicationShutdownHook[0;39m] [33m[XID:][0;39m [32mo.s.b.w.e.tomcat.GracefulShutdown[0;39m - Commencing graceful shutdown. Waiting for active requests to complete
2026-01-30 19:55:02,662 [34mINFO [0;39m [[34mtomcat-shutdown[0;39m] [33m[XID:][0;39m [32mo.s.b.w.e.tomcat.GracefulShutdown[0;39m - Graceful shutdown complete
2026-01-30 19:55:02,702 [34mINFO [0;39m [[34mSpringApplicationShutdownHook[0;39m] [33m[XID:][0;39m [32mo.s.o.j.LocalContainerEntityManagerFactoryBean[0;39m - Closing JPA EntityManagerFactory for persistence unit 'default'
2026-01-30 19:55:02,709 [34mINFO [0;39m [[34mSpringApplicationShutdownHook[0;39m] [33m[XID:][0;39m [32mcom.zaxxer.hikari.HikariDataSource[0;39m - HikariPool-1 - Shutdown initiated...
2026-01-30 19:55:02,712 [34mINFO [0;39m [[34mSpringApplicationShutdownHook[0;39m] [33m[XID:][0;39m [32mcom.zaxxer.hikari.HikariDataSource[0;39m - HikariPool-1 - Shutdown completed.
2026-01-30 19:55:43,175 [34mINFO [0;39m [[34mmain[0;39m] [33m[XID:][0;39m [32mcom.app.oopsly.api.ApiApplication[0;39m - Starting ApiApplication using Java 21.0.5 with PID 730523 (/home/hal/dev/osmosis/api/build/classes/java/main started by hal in /home/hal/dev/osmosis/api)
2026-01-30 19:55:43,179 [34mINFO [0;39m [[34mmain[0;39m] [33m[XID:][0;39m [32mcom.app.oopsly.api.ApiApplication[0;39m - No active profile set, falling back to 1 default profile: "default"
2026-01-30 19:55:47,855 [34mINFO [0;39m [[34mmain[0;39m] [33m[XID:][0;39m [32mo.s.d.r.c.RepositoryConfigurationDelegate[0;39m - Multiple Spring Data modules found, entering strict repository configuration mode
2026-01-30 19:55:47,860 [34mINFO [0;39m [[34mmain[0;39m] [33m[XID:][0;39m [32mo.s.d.r.c.RepositoryConfigurationDelegate[0;39m - Bootstrapping Spring Data JDBC repositories in DEFAULT mode.
2026-01-30 19:55:48,043 [34mINFO [0;39m [[34mmain[0;39m] [33m[XID:][0;39m [32mo.s.d.r.c.RepositoryConfigurationExtensionSupport[0;39m - Spring Data JDBC - Could not safely identify store assignment for repository candidate interface com.app.oopsly.api.repository.CardRepository; If you want this repository to be a JDBC repository, consider annotating your entities with one of these annotations: org.springframework.data.relational.core.mapping.Table.
2026-01-30 19:55:48,046 [34mINFO [0;39m [[34mmain[0;39m] [33m[XID:][0;39m [32mo.s.d.r.c.RepositoryConfigurationExtensionSupport[0;39m - Spring Data JDBC - Could not safely identify store assignment for repository candidate interface com.app.oopsly.api.repository.QuestionRepository; If you want this repository to be a JDBC repository, consider annotating your entities with one of these annotations: org.springframework.data.relational.core.mapping.Table.
2026-01-30 19:55:48,367 [34mINFO [0;39m [[34mmain[0;39m] [33m[XID:][0;39m [32mo.s.d.r.c.RepositoryConfigurationExtensionSupport[0;39m - Spring Data JDBC - Could not safely identify store assignment for repository candidate interface com.app.oopsly.api.repository.ShelfRepository; If you want this repository to be a JDBC repository, consider annotating your entities with one of these annotations: org.springframework.data.relational.core.mapping.Table.
2026-01-30 19:55:48,370 [34mINFO [0;39m [[34mmain[0;39m] [33m[XID:][0;39m [32mo.s.d.r.c.RepositoryConfigurationExtensionSupport[0;39m - Spring Data JDBC - Could not safely identify store assignment for repository candidate interface com.app.oopsly.api.repository.SubjectRepository; If you want this repository to be a JDBC repository, consider annotating your entities with one of these annotations: org.springframework.data.relational.core.mapping.Table.
2026-01-30 19:55:48,374 [34mINFO [0;39m [[34mmain[0;39m] [33m[XID:][0;39m [32mo.s.d.r.c.RepositoryConfigurationExtensionSupport[0;39m - Spring Data JDBC - Could not safely identify store assignment for repository candidate interface com.app.oopsly.api.repository.TestSuiteRepository; If you want this repository to be a JDBC repository, consider annotating your entities with one of these annotations: org.springframework.data.relational.core.mapping.Table.
2026-01-30 19:55:48,485 [34mINFO [0;39m [[34mmain[0;39m] [33m[XID:][0;39m [32mo.s.d.r.c.RepositoryConfigurationDelegate[0;39m - Finished Spring Data repository scanning in 597 ms. Found 2 JDBC repository interfaces.
2026-01-30 19:55:48,534 [34mINFO [0;39m [[34mmain[0;39m] [33m[XID:][0;39m [32mo.s.d.r.c.RepositoryConfigurationDelegate[0;39m - Multiple Spring Data modules found, entering strict repository configuration mode
2026-01-30 19:55:48,537 [34mINFO [0;39m [[34mmain[0;39m] [33m[XID:][0;39m [32mo.s.d.r.c.RepositoryConfigurationDelegate[0;39m - Bootstrapping Spring Data JPA repositories in DEFAULT mode.
2026-01-30 19:55:48,623 [34mINFO [0;39m [[34mmain[0;39m] [33m[XID:][0;39m [32mo.s.b.f.s.DefaultListableBeanFactory[0;39m - Overriding bean definition for bean 'userRepository' with a different definition: replacing [Root bean: class=org.springframework.data.jdbc.repository.support.JdbcRepositoryFactoryBean; scope=; abstract=false; lazyInit=false; autowireMode=0; dependencyCheck=0; autowireCandidate=true; primary=false; fallback=false; factoryBeanName=null; factoryMethodName=null; initMethodNames=null; destroyMethodNames=null; defined in com.app.oopsly.api.repository.UserRepository defined in @EnableJdbcRepositories declared on JdbcRepositoriesRegistrar.EnableJdbcRepositoriesConfiguration] with [Root bean: class=org.springframework.data.jpa.repository.support.JpaRepositoryFactoryBean; scope=; abstract=false; lazyInit=false; autowireMode=0; dependencyCheck=0; autowireCandidate=true; primary=false; fallback=false; factoryBeanName=null; factoryMethodName=null; initMethodNames=null; destroyMethodNames=null; defined in com.app.oopsly.api.repository.UserRepository defined in @EnableJpaRepositories declared on JpaRepositoriesRegistrar.EnableJpaRepositoriesConfiguration]
2026-01-30 19:55:48,643 [34mINFO [0;39m [[34mmain[0;39m] [33m[XID:][0;39m [32mo.s.b.f.s.DefaultListableBeanFactory[0;39m - Overriding bean definition for bean 'settingRepository' with a different definition: replacing [Root bean: class=org.springframework.data.jdbc.repository.support.JdbcRepositoryFactoryBean; scope=; abstract=false; lazyInit=false; autowireMode=0; dependencyCheck=0; autowireCandidate=true; primary=false; fallback=false; factoryBeanName=null; factoryMethodName=null; initMethodNames=null; destroyMethodNames=null; defined in com.app.oopsly.api.repository.SettingRepository defined in @EnableJdbcRepositories declared on JdbcRepositoriesRegistrar.EnableJdbcRepositoriesConfiguration] with [Root bean: class=org.springframework.data.jpa.repository.support.JpaRepositoryFactoryBean; scope=; abstract=false; lazyInit=false; autowireMode=0; dependencyCheck=0; autowireCandidate=true; primary=false; fallback=false; factoryBeanName=null; factoryMethodName=null; initMethodNames=null; destroyMethodNames=null; defined in com.app.oopsly.api.repository.SettingRepository defined in @EnableJpaRepositories declared on JpaRepositoriesRegistrar.EnableJpaRepositoriesConfiguration]
2026-01-30 19:55:48,644 [34mINFO [0;39m [[34mmain[0;39m] [33m[XID:][0;39m [32mo.s.d.r.c.RepositoryConfigurationDelegate[0;39m - Finished Spring Data repository scanning in 87 ms. Found 7 JPA repository interfaces.
2026-01-30 19:55:48,696 [34mINFO [0;39m [[34mmain[0;39m] [33m[XID:][0;39m [32mo.s.d.r.c.RepositoryConfigurationDelegate[0;39m - Multiple Spring Data modules found, entering strict repository configuration mode
2026-01-30 19:55:48,700 [34mINFO [0;39m [[34mmain[0;39m] [33m[XID:][0;39m [32mo.s.d.r.c.RepositoryConfigurationDelegate[0;39m - Bootstrapping Spring Data Redis repositories in DEFAULT mode.
2026-01-30 19:55:48,749 [34mINFO [0;39m [[34mmain[0;39m] [33m[XID:][0;39m [32mo.s.d.r.c.RepositoryConfigurationExtensionSupport[0;39m - Spring Data Redis - Could not safely identify store assignment for repository candidate interface com.app.oopsly.api.repository.CardRepository; If you want this repository to be a Redis repository, consider annotating your entities with one of these annotations: org.springframework.data.redis.core.RedisHash (preferred), or consider extending one of the following types with your repository: org.springframework.data.keyvalue.repository.KeyValueRepository
2026-01-30 19:55:48,750 [34mINFO [0;39m [[34mmain[0;39m] [33m[XID:][0;39m [32mo.s.d.r.c.RepositoryConfigurationExtensionSupport[0;39m - Spring Data Redis - Could not safely identify store assignment for repository candidate interface com.app.oopsly.api.repository.QuestionRepository; If you want this repository to be a Redis repository, consider annotating your entities with one of these annotations: org.springframework.data.redis.core.RedisHash (preferred), or consider extending one of the following types with your repository: org.springframework.data.keyvalue.repository.KeyValueRepository
2026-01-30 19:55:48,751 [34mINFO [0;39m [[34mmain[0;39m] [33m[XID:][0;39m [32mo.s.d.r.c.RepositoryConfigurationExtensionSupport[0;39m - Spring Data Redis - Could not safely identify store assignment for repository candidate interface com.app.oopsly.api.repository.SettingRepository; If you want this repository to be a Redis repository, consider annotating your entities with one of these annotations: org.springframework.data.redis.core.RedisHash (preferred), or consider extending one of the following types with your repository: org.springframework.data.keyvalue.repository.KeyValueRepository
2026-01-30 19:55:48,752 [34mINFO [0;39m [[34mmain[0;39m] [33m[XID:][0;39m [32mo.s.d.r.c.RepositoryConfigurationExtensionSupport[0;39m - Spring Data Redis - Could not safely identify store assignment for repository candidate interface com.app.oopsly.api.repository.ShelfRepository; If you want this repository to be a Redis repository, consider annotating your entities with one of these annotations: org.springframework.data.redis.core.RedisHash (preferred), or consider extending one of the following types with your repository: org.springframework.data.keyvalue.repository.KeyValueRepository
2026-01-30 19:55:48,753 [34mINFO [0;39m [[34mmain[0;39m] [33m[XID:][0;39m [32mo.s.d.r.c.RepositoryConfigurationExtensionSupport[0;39m - Spring Data Redis - Could not safely identify store assignment for repository candidate interface com.app.oopsly.api.repository.SubjectRepository; If you want this repository to be a Redis repository, consider annotating your entities with one of these annotations: org.springframework.data.redis.core.RedisHash (preferred), or consider extending one of the following types with your repository: org.springframework.data.keyvalue.repository.KeyValueRepository
2026-01-30 19:55:48,753 [34mINFO [0;39m [[34mmain[0;39m] [33m[XID:][0;39m [32mo.s.d.r.c.RepositoryConfigurationExtensionSupport[0;39m - Spring Data Redis - Could not safely identify store assignment for repository candidate interface com.app.oopsly.api.repository.TestSuiteRepository; If you want this repository to be a Redis repository, consider annotating your entities with one of these annotations: org.springframework.data.redis.core.RedisHash (preferred), or consider extending one of the following types with your repository: org.springframework.data.keyvalue.repository.KeyValueRepository
2026-01-30 19:55:48,754 [34mINFO [0;39m [[34mmain[0;39m] [33m[XID:][0;39m [32mo.s.d.r.c.RepositoryConfigurationExtensionSupport[0;39m - Spring Data Redis - Could not safely identify store assignment for repository candidate interface com.app.oopsly.api.repository.UserRepository; If you want this repository to be a Redis repository, consider annotating your entities with one of these annotations: org.springframework.data.redis.core.RedisHash (preferred), or consider extending one of the following types with your repository: org.springframework.data.keyvalue.repository.KeyValueRepository
2026-01-30 19:55:48,754 [34mINFO [0;39m [[34mmain[0;39m] [33m[XID:][0;39m [32mo.s.d.r.c.RepositoryConfigurationDelegate[0;39m - Finished Spring Data repository scanning in 19 ms. Found 0 Redis repository interfaces.
2026-01-30 19:55:51,747 [34mINFO [0;39m [[34mmain[0;39m] [33m[XID:][0;39m [32mo.s.b.w.e.tomcat.TomcatWebServer[0;39m - Tomcat initialized with port 9009 (http)
2026-01-30 19:55:51,777 [34mINFO [0;39m [[34mmain[0;39m] [33m[XID:][0;39m [32mo.a.coyote.http11.Http11NioProtocol[0;39m - Initializing ProtocolHandler ["http-nio-9009"]
2026-01-30 19:55:51,780 [34mINFO [0;39m [[34mmain[0;39m] [33m[XID:][0;39m [32mo.a.catalina.core.StandardService[0;39m - Starting service [Tomcat]
2026-01-30 19:55:51,781 [34mINFO [0;39m [[34mmain[0;39m] [33m[XID:][0;39m [32mo.a.catalina.core.StandardEngine[0;39m - Starting Servlet engine: [Apache Tomcat/10.1.49]
2026-01-30 19:55:51,897 [34mINFO [0;39m [[34mmain[0;39m] [33m[XID:][0;39m [32mo.a.c.c.C.[.[.[/api/v1/oopsly][0;39m - Initializing Spring embedded WebApplicationContext
2026-01-30 19:55:51,898 [34mINFO [0;39m [[34mmain[0;39m] [33m[XID:][0;39m [32mo.s.b.w.s.c.ServletWebServerApplicationContext[0;39m - Root WebApplicationContext: initialization completed in 8586 ms
2026-01-30 19:55:53,853 [34mINFO [0;39m [[34mmain[0;39m] [33m[XID:][0;39m [32mo.s.o.j.p.SpringPersistenceUnitInfo[0;39m - No LoadTimeWeaver setup: ignoring JPA class transformer
2026-01-30 19:55:53,924 [34mINFO [0;39m [[34mmain[0;39m] [33m[XID:][0;39m [32mcom.zaxxer.hikari.HikariDataSource[0;39m - HikariPool-1 - Starting...
2026-01-30 19:55:54,269 [34mINFO [0;39m [[34mmain[0;39m] [33m[XID:][0;39m [32mcom.zaxxer.hikari.pool.HikariPool[0;39m - HikariPool-1 - Added connection org.postgresql.jdbc.PgConnection@1267adbe
2026-01-30 19:55:54,275 [34mINFO [0;39m [[34mmain[0;39m] [33m[XID:][0;39m [32mcom.zaxxer.hikari.HikariDataSource[0;39m - HikariPool-1 - Start completed.
2026-01-30 19:55:57,120 [34mINFO [0;39m [[34mmain[0;39m] [33m[XID:][0;39m [32mo.s.o.j.LocalContainerEntityManagerFactoryBean[0;39m - Initialized JPA EntityManagerFactory for persistence unit 'default'
2026-01-30 19:55:57,887 [34mINFO [0;39m [[34mmain[0;39m] [33m[XID:][0;39m [32mo.s.d.j.r.query.QueryEnhancerFactory[0;39m - Hibernate is in classpath; If applicable, HQL parser will be used.
2026-01-30 19:56:01,327 [31mWARN [0;39m [[34mmain[0;39m] [33m[XID:][0;39m [32mo.s.b.a.o.j.JpaBaseConfiguration$JpaWebConfiguration[0;39m - spring.jpa.open-in-view is enabled by default. Therefore, database queries may be performed during view rendering. Explicitly configure spring.jpa.open-in-view to disable this warning
2026-01-30 19:56:02,701 [34mINFO [0;39m [[34mmain[0;39m] [33m[XID:][0;39m [32mo.s.b.a.e.web.EndpointLinksResolver[0;39m - Exposing 1 endpoint beneath base path '/actuator'
2026-01-30 19:56:02,795 [31mWARN [0;39m [[34mmain[0;39m] [33m[XID:][0;39m [32mo.s.b.a.s.s.UserDetailsServiceAutoConfiguration[0;39m - 

Using generated security password: 74a54744-bd83-4f9d-a5f8-abb90c20b57f

This generated password is for development use only. Your security configuration must be updated before running your application in production.

2026-01-30 19:56:02,814 [34mINFO [0;39m [[34mmain[0;39m] [33m[XID:][0;39m [32mo.s.s.c.a.a.c.InitializeUserDetailsBeanManagerConfigurer$InitializeUserDetailsManagerConfigurer[0;39m - Global AuthenticationManager configured with UserDetailsService bean with name inMemoryUserDetailsManager
2026-01-30 19:56:02,932 [31mWARN [0;39m [[34mmain[0;39m] [33m[XID:][0;39m [32mo.s.s.c.a.w.c.AuthorizeHttpRequestsConfigurer$AuthorizationManagerRequestMatcherRegistry[0;39m - One of the patterns in [/otp/**, /actuator/health, **/refresh-token, /swagger-ui/**, /api-docs/**] is missing a leading slash. This is discouraged; please include the leading slash in all your request matcher patterns. In future versions of Spring Security, leaving out the leading slash will result in an exception.
2026-01-30 19:56:05,475 [34mINFO [0;39m [[34mmain[0;39m] [33m[XID:][0;39m [32mo.a.coyote.http11.Http11NioProtocol[0;39m - Starting ProtocolHandler ["http-nio-9009"]
2026-01-30 19:56:05,498 [34mINFO [0;39m [[34mmain[0;39m] [33m[XID:][0;39m [32mo.s.b.w.e.tomcat.TomcatWebServer[0;39m - Tomcat started on port 9009 (http) with context path '/api/v1/oopsly'
2026-01-30 19:56:05,531 [34mINFO [0;39m [[34mmain[0;39m] [33m[XID:][0;39m [32mcom.app.oopsly.api.ApiApplication[0;39m - Started ApiApplication in 23.976 seconds (process running for 29.623)
2026-01-30 19:57:47,117 [34mINFO [0;39m [[34mtomcat-handler-1[0;39m] [33m[XID:][0;39m [32mo.a.c.c.C.[.[.[/api/v1/oopsly][0;39m - Initializing Spring DispatcherServlet 'dispatcherServlet'
2026-01-30 19:57:47,117 [34mINFO [0;39m [[34mtomcat-handler-1[0;39m] [33m[XID:][0;39m [32mo.s.web.servlet.DispatcherServlet[0;39m - Initializing Servlet 'dispatcherServlet'
2026-01-30 19:57:47,120 [34mINFO [0;39m [[34mtomcat-handler-1[0;39m] [33m[XID:][0;39m [32mo.s.web.servlet.DispatcherServlet[0;39m - Completed initialization in 3 ms
2026-01-30 19:57:47,184 [34mINFO [0;39m [[34mtomcat-handler-1[0;39m] [33m[XID:][0;39m [32mc.a.o.a.c.JwtAuthenticationFilter[0;39m - Filtering request: /api/v1/oopsly/shelves/7f000101-9bf3-1319-819b-f35c54120001/subjects/7f000101-9bf3-1319-819b-f35c75e60002
2026-01-30 19:57:47,184 [34mINFO [0;39m [[34mtomcat-handler-0[0;39m] [33m[XID:][0;39m [32mc.a.o.a.c.JwtAuthenticationFilter[0;39m - Filtering request: /api/v1/oopsly/shelves/7f000101-9bf3-1319-819b-f35c54120001/subjects/7f000101-9bf3-1319-819b-f35c75e60002/cards
2026-01-30 19:57:47,185 [34mINFO [0;39m [[34mtomcat-handler-1[0;39m] [33m[XID:][0;39m [32mc.a.o.a.c.JwtAuthenticationFilter[0;39m - Attempting to authenticate using jwt
2026-01-30 19:57:47,185 [34mINFO [0;39m [[34mtomcat-handler-0[0;39m] [33m[XID:][0;39m [32mc.a.o.a.c.JwtAuthenticationFilter[0;39m - Attempting to authenticate using jwt
2026-01-30 19:57:47,440 [34mINFO [0;39m [[34mtomcat-handler-1[0;39m] [33m[XID:][0;39m [32mc.a.o.a.c.JwtAuthenticationFilter[0;39m - User 7f000101-9bf3-1319-819b-f35c1d640000 authenticated with role USER
2026-01-30 19:57:47,440 [34mINFO [0;39m [[34mtomcat-handler-0[0;39m] [33m[XID:][0;39m [32mc.a.o.a.c.JwtAuthenticationFilter[0;39m - User 7f000101-9bf3-1319-819b-f35c1d640000 authenticated with role USER
2026-01-30 19:57:47,549 [34mINFO [0;39m [[34mtomcat-handler-1[0;39m] [33m[XID:awebc691awkbwec][0;39m [32mc.a.o.a.controller.SubjectController[0;39m - Getting subject: 7f000101-9bf3-1319-819b-f35c75e60002 from shelve: 7f000101-9bf3-1319-819b-f35c54120001
2026-01-30 19:57:47,571 [34mINFO [0;39m [[34mtomcat-handler-1[0;39m] [33m[XID:awebc691awkbwec][0;39m [32mc.a.o.a.s.impl.SubjectServiceImpl[0;39m - Getting subject: 7f000101-9bf3-1319-819b-f35c75e60002 from shelf: 7f000101-9bf3-1319-819b-f35c54120001
2026-01-30 19:57:47,585 [34mINFO [0;39m [[34mtomcat-handler-0[0;39m] [33m[XID:awebpcs54xu6e1][0;39m [32mc.a.o.api.controller.CardController[0;39m - Getting all cards for subject: 7f000101-9bf3-1319-819b-f35c75e60002 in shelve: 7f000101-9bf3-1319-819b-f35c54120001 with page: 0 and size: 1000
2026-01-30 19:57:47,587 [34mINFO [0;39m [[34mtomcat-handler-0[0;39m] [33m[XID:awebpcs54xu6e1][0;39m [32mc.a.o.a.service.impl.CardServiceImpl[0;39m - Getting all cards for subject: 7f000101-9bf3-1319-819b-f35c75e60002 in shelve: 7f000101-9bf3-1319-819b-f35c54120001 with page: 0 and size: 1000
2026-01-30 19:57:47,907 [34mINFO [0;39m [[34mtomcat-handler-1[0;39m] [33m[XID:awebc691awkbwec][0;39m [32mc.a.o.a.s.impl.SubjectServiceImpl[0;39m - Successfully retrieved subject: 7f000101-9bf3-1319-819b-f35c75e60002
2026-01-30 19:57:47,923 [34mINFO [0;39m [[34mtomcat-handler-0[0;39m] [33m[XID:awebpcs54xu6e1][0;39m [32mc.a.o.a.service.impl.CardServiceImpl[0;39m - Successfully retrieved 0 cards for subject: 7f000101-9bf3-1319-819b-f35c75e60002 (total: 0)
2026-01-30 19:57:48,016 [34mINFO [0;39m [[34mtomcat-handler-1[0;39m] [33m[XID:awebc691awkbwec][0;39m [32mc.a.oopsly.api.config.LoggingConfig[0;39m - Request: GET /api/v1/oopsly/shelves/7f000101-9bf3-1319-819b-f35c54120001/subjects/7f000101-9bf3-1319-819b-f35c75e60002 | Status: 200 | 564 ms
2026-01-30 19:57:48,016 [34mINFO [0;39m [[34mtomcat-handler-0[0;39m] [33m[XID:awebpcs54xu6e1][0;39m [32mc.a.oopsly.api.config.LoggingConfig[0;39m - Request: GET /api/v1/oopsly/shelves/7f000101-9bf3-1319-819b-f35c54120001/subjects/7f000101-9bf3-1319-819b-f35c75e60002/cards | Status: 200 | 564 ms
2026-01-30 19:57:52,228 [34mINFO [0;39m [[34mtomcat-handler-2[0;39m] [33m[XID:][0;39m [32mc.a.o.a.c.JwtAuthenticationFilter[0;39m - Filtering request: /api/v1/oopsly/shelves/7f000101-9bf3-1319-819b-f35c54120001/subjects/7f000101-9bf3-1319-819b-f35c75e60002
2026-01-30 19:57:52,229 [34mINFO [0;39m [[34mtomcat-handler-3[0;39m] [33m[XID:][0;39m [32mc.a.o.a.c.JwtAuthenticationFilter[0;39m - Filtering request: /api/v1/oopsly/shelves/7f000101-9bf3-1319-819b-f35c54120001/subjects/7f000101-9bf3-1319-819b-f35c75e60002/cards
2026-01-30 19:57:52,229 [34mINFO [0;39m [[34mtomcat-handler-2[0;39m] [33m[XID:][0;39m [32mc.a.o.a.c.JwtAuthenticationFilter[0;39m - Attempting to authenticate using jwt
2026-01-30 19:57:52,229 [34mINFO [0;39m [[34mtomcat-handler-3[0;39m] [33m[XID:][0;39m [32mc.a.o.a.c.JwtAuthenticationFilter[0;39m - Attempting to authenticate using jwt
2026-01-30 19:57:52,231 [34mINFO [0;39m [[34mtomcat-handler-2[0;39m] [33m[XID:][0;39m [32mc.a.o.a.c.JwtAuthenticationFilter[0;39m - User 7f000101-9bf3-1319-819b-f35c1d640000 authenticated with role USER
2026-01-30 19:57:52,231 [34mINFO [0;39m [[34mtomcat-handler-3[0;39m] [33m[XID:][0;39m [32mc.a.o.a.c.JwtAuthenticationFilter[0;39m - User 7f000101-9bf3-1319-819b-f35c1d640000 authenticated with role USER
2026-01-30 19:57:52,235 [34mINFO [0;39m [[34mtomcat-handler-2[0;39m] [33m[XID:awebt3pkfrxgwuo][0;39m [32mc.a.o.a.controller.SubjectController[0;39m - Getting subject: 7f000101-9bf3-1319-819b-f35c75e60002 from shelve: 7f000101-9bf3-1319-819b-f35c54120001
2026-01-30 19:57:52,235 [34mINFO [0;39m [[34mtomcat-handler-3[0;39m] [33m[XID:aweb3bh7ze0awmk][0;39m [32mc.a.o.api.controller.CardController[0;39m - Getting all cards for subject: 7f000101-9bf3-1319-819b-f35c75e60002 in shelve: 7f000101-9bf3-1319-819b-f35c54120001 with page: 0 and size: 1000
2026-01-30 19:57:52,235 [34mINFO [0;39m [[34mtomcat-handler-2[0;39m] [33m[XID:awebt3pkfrxgwuo][0;39m [32mc.a.o.a.s.impl.SubjectServiceImpl[0;39m - Getting subject: 7f000101-9bf3-1319-819b-f35c75e60002 from shelf: 7f000101-9bf3-1319-819b-f35c54120001
2026-01-30 19:57:52,236 [34mINFO [0;39m [[34mtomcat-handler-3[0;39m] [33m[XID:aweb3bh7ze0awmk][0;39m [32mc.a.o.a.service.impl.CardServiceImpl[0;39m - Getting all cards for subject: 7f000101-9bf3-1319-819b-f35c75e60002 in shelve: 7f000101-9bf3-1319-819b-f35c54120001 with page: 0 and size: 1000
2026-01-30 19:57:52,260 [34mINFO [0;39m [[34mtomcat-handler-2[0;39m] [33m[XID:awebt3pkfrxgwuo][0;39m [32mc.a.o.a.s.impl.SubjectServiceImpl[0;39m - Successfully retrieved subject: 7f000101-9bf3-1319-819b-f35c75e60002
2026-01-30 19:57:52,263 [34mINFO [0;39m [[34mtomcat-handler-3[0;39m] [33m[XID:aweb3bh7ze0awmk][0;39m [32mc.a.o.a.service.impl.CardServiceImpl[0;39m - Successfully retrieved 0 cards for subject: 7f000101-9bf3-1319-819b-f35c75e60002 (total: 0)
2026-01-30 19:57:52,264 [34mINFO [0;39m [[34mtomcat-handler-2[0;39m] [33m[XID:awebt3pkfrxgwuo][0;39m [32mc.a.oopsly.api.config.LoggingConfig[0;39m - Request: GET /api/v1/oopsly/shelves/7f000101-9bf3-1319-819b-f35c54120001/subjects/7f000101-9bf3-1319-819b-f35c75e60002 | Status: 200 | 32 ms
2026-01-30 19:57:52,268 [34mINFO [0;39m [[34mtomcat-handler-3[0;39m] [33m[XID:aweb3bh7ze0awmk][0;39m [32mc.a.oopsly.api.config.LoggingConfig[0;39m - Request: GET /api/v1/oopsly/shelves/7f000101-9bf3-1319-819b-f35c54120001/subjects/7f000101-9bf3-1319-819b-f35c75e60002/cards | Status: 200 | 36 ms
2026-01-30 19:59:10,222 [34mINFO [0;39m [[34mtomcat-handler-7[0;39m] [33m[XID:][0;39m [32mc.a.o.a.c.JwtAuthenticationFilter[0;39m - Filtering request: /api/v1/oopsly/shelves/7f000101-9bf3-1319-819b-f35c54120001/subjects/7f000101-9bf3-1319-819b-f35c75e60002
2026-01-30 19:59:10,223 [34mINFO [0;39m [[34mtomcat-handler-6[0;39m] [33m[XID:][0;39m [32mc.a.o.a.c.JwtAuthenticationFilter[0;39m - Filtering request: /api/v1/oopsly/shelves
2026-01-30 19:59:10,223 [34mINFO [0;39m [[34mtomcat-handler-7[0;39m] [33m[XID:][0;39m [32mc.a.o.a.c.JwtAuthenticationFilter[0;39m - Attempting to authenticate using jwt
2026-01-30 19:59:10,223 [31mWARN [0;39m [[34mtomcat-handler-6[0;39m] [33m[XID:][0;39m [32mc.a.o.a.c.JwtAuthenticationFilter[0;39m - Authorization header not present
2026-01-30 19:59:10,224 [34mINFO [0;39m [[34mtomcat-handler-8[0;39m] [33m[XID:][0;39m [32mc.a.o.a.c.JwtAuthenticationFilter[0;39m - Filtering request: /api/v1/oopsly/shelves/7f000101-9bf3-1319-819b-f35c54120001/subjects/7f000101-9bf3-1319-819b-f35c75e60002/cards
2026-01-30 19:59:10,224 [34mINFO [0;39m [[34mtomcat-handler-8[0;39m] [33m[XID:][0;39m [32mc.a.o.a.c.JwtAuthenticationFilter[0;39m - Attempting to authenticate using jwt
2026-01-30 19:59:10,225 [34mINFO [0;39m [[34mtomcat-handler-7[0;39m] [33m[XID:][0;39m [32mc.a.o.a.c.JwtAuthenticationFilter[0;39m - User 7f000101-9bf3-1319-819b-f35c1d640000 authenticated with role USER
2026-01-30 19:59:10,226 [34mINFO [0;39m [[34mtomcat-handler-8[0;39m] [33m[XID:][0;39m [32mc.a.o.a.c.JwtAuthenticationFilter[0;39m - User 7f000101-9bf3-1319-819b-f35c1d640000 authenticated with role USER
2026-01-30 19:59:10,228 [34mINFO [0;39m [[34mtomcat-handler-7[0;39m] [33m[XID:awebxcpfkl1uz4n][0;39m [32mc.a.o.a.controller.SubjectController[0;39m - Getting subject: 7f000101-9bf3-1319-819b-f35c75e60002 from shelve: 7f000101-9bf3-1319-819b-f35c54120001
2026-01-30 19:59:10,229 [34mINFO [0;39m [[34mtomcat-handler-7[0;39m] [33m[XID:awebxcpfkl1uz4n][0;39m [32mc.a.o.a.s.impl.SubjectServiceImpl[0;39m - Getting subject: 7f000101-9bf3-1319-819b-f35c75e60002 from shelf: 7f000101-9bf3-1319-819b-f35c54120001
2026-01-30 19:59:10,229 [34mINFO [0;39m [[34mtomcat-handler-8[0;39m] [33m[XID:awebjnrxth8i8i][0;39m [32mc.a.o.api.controller.CardController[0;39m - Getting all cards for subject: 7f000101-9bf3-1319-819b-f35c75e60002 in shelve: 7f000101-9bf3-1319-819b-f35c54120001 with page: 0 and size: 1000
2026-01-30 19:59:10,229 [34mINFO [0;39m [[34mtomcat-handler-8[0;39m] [33m[XID:awebjnrxth8i8i][0;39m [32mc.a.o.a.service.impl.CardServiceImpl[0;39m - Getting all cards for subject: 7f000101-9bf3-1319-819b-f35c75e60002 in shelve: 7f000101-9bf3-1319-819b-f35c54120001 with page: 0 and size: 1000
2026-01-30 19:59:10,233 [34mINFO [0;39m [[34mtomcat-handler-6[0;39m] [33m[XID:7b538e53-573f-4369-9a32-962b5ecca734][0;39m [32mc.a.oopsly.api.config.LoggingConfig[0;39m - Request: OPTIONS /api/v1/oopsly/shelves | Status: 200 | 8 ms
2026-01-30 19:59:10,241 [34mINFO [0;39m [[34mtomcat-handler-9[0;39m] [33m[XID:][0;39m [32mc.a.o.a.c.JwtAuthenticationFilter[0;39m - Filtering request: /api/v1/oopsly/shelves
2026-01-30 19:59:10,241 [34mINFO [0;39m [[34mtomcat-handler-8[0;39m] [33m[XID:awebjnrxth8i8i][0;39m [32mc.a.o.a.service.impl.CardServiceImpl[0;39m - Successfully retrieved 0 cards for subject: 7f000101-9bf3-1319-819b-f35c75e60002 (total: 0)
2026-01-30 19:59:10,241 [34mINFO [0;39m [[34mtomcat-handler-9[0;39m] [33m[XID:][0;39m [32mc.a.o.a.c.JwtAuthenticationFilter[0;39m - Attempting to authenticate using jwt
2026-01-30 19:59:10,242 [34mINFO [0;39m [[34mtomcat-handler-7[0;39m] [33m[XID:awebxcpfkl1uz4n][0;39m [32mc.a.o.a.s.impl.SubjectServiceImpl[0;39m - Successfully retrieved subject: 7f000101-9bf3-1319-819b-f35c75e60002
2026-01-30 19:59:10,243 [34mINFO [0;39m [[34mtomcat-handler-9[0;39m] [33m[XID:][0;39m [32mc.a.o.a.c.JwtAuthenticationFilter[0;39m - User 7f000101-9bf3-1319-819b-f35c1d640000 authenticated with role USER
2026-01-30 19:59:10,244 [34mINFO [0;39m [[34mtomcat-handler-7[0;39m] [33m[XID:awebxcpfkl1uz4n][0;39m [32mc.a.oopsly.api.config.LoggingConfig[0;39m - Request: GET /api/v1/oopsly/shelves/7f000101-9bf3-1319-819b-f35c54120001/subjects/7f000101-9bf3-1319-819b-f35c75e60002 | Status: 200 | 18 ms
2026-01-30 19:59:10,246 [34mINFO [0;39m [[34mtomcat-handler-8[0;39m] [33m[XID:awebjnrxth8i8i][0;39m [32mc.a.oopsly.api.config.LoggingConfig[0;39m - Request: GET /api/v1/oopsly/shelves/7f000101-9bf3-1319-819b-f35c54120001/subjects/7f000101-9bf3-1319-819b-f35c75e60002/cards | Status: 200 | 19 ms
2026-01-30 19:59:10,256 [34mINFO [0;39m [[34mtomcat-handler-9[0;39m] [33m[XID:aweb27a96baoceb][0;39m [32mc.a.o.a.s.impl.ShelfServiceImpl[0;39m - Retrieving current user info from UserService
2026-01-30 19:59:10,258 [34mINFO [0;39m [[34mtomcat-handler-9[0;39m] [33m[XID:aweb27a96baoceb][0;39m [32mc.a.o.a.s.impl.ShelfServiceImpl[0;39m - Fetching shelves page 0 size 100 for user 7f000101-9bf3-1319-819b-f35c1d640000
2026-01-30 19:59:10,259 [34mINFO [0;39m [[34mtomcat-handler-9[0;39m] [33m[XID:aweb27a96baoceb][0;39m [32mc.a.o.a.s.impl.ShelfServiceImpl[0;39m - Retrieving current user info from UserService
2026-01-30 19:59:10,347 [34mINFO [0;39m [[34mtomcat-handler-9[0;39m] [33m[XID:aweb27a96baoceb][0;39m [32mc.a.oopsly.api.config.LoggingConfig[0;39m - Request: GET /api/v1/oopsly/shelves | Status: 200 | 103 ms
2026-01-30 19:59:13,139 [34mINFO [0;39m [[34mtomcat-handler-10[0;39m] [33m[XID:][0;39m [32mc.a.o.a.c.JwtAuthenticationFilter[0;39m - Filtering request: /api/v1/oopsly/shelves
2026-01-30 19:59:13,139 [34mINFO [0;39m [[34mtomcat-handler-11[0;39m] [33m[XID:][0;39m [32mc.a.o.a.c.JwtAuthenticationFilter[0;39m - Filtering request: /api/v1/oopsly/shelves/7f000101-9bf3-1319-819b-f35c54120001/subjects/7f000101-9bf3-1319-819b-f35c75e60002
2026-01-30 19:59:13,140 [34mINFO [0;39m [[34mtomcat-handler-10[0;39m] [33m[XID:][0;39m [32mc.a.o.a.c.JwtAuthenticationFilter[0;39m - Attempting to authenticate using jwt
2026-01-30 19:59:13,140 [34mINFO [0;39m [[34mtomcat-handler-11[0;39m] [33m[XID:][0;39m [32mc.a.o.a.c.JwtAuthenticationFilter[0;39m - Attempting to authenticate using jwt
2026-01-30 19:59:13,140 [34mINFO [0;39m [[34mtomcat-handler-12[0;39m] [33m[XID:][0;39m [32mc.a.o.a.c.JwtAuthenticationFilter[0;39m - Filtering request: /api/v1/oopsly/shelves/7f000101-9bf3-1319-819b-f35c54120001/subjects/7f000101-9bf3-1319-819b-f35c75e60002/cards
2026-01-30 19:59:13,140 [34mINFO [0;39m [[34mtomcat-handler-12[0;39m] [33m[XID:][0;39m [32mc.a.o.a.c.JwtAuthenticationFilter[0;39m - Attempting to authenticate using jwt
2026-01-30 19:59:13,142 [34mINFO [0;39m [[34mtomcat-handler-11[0;39m] [33m[XID:][0;39m [32mc.a.o.a.c.JwtAuthenticationFilter[0;39m - User 7f000101-9bf3-1319-819b-f35c1d640000 authenticated with role USER
2026-01-30 19:59:13,142 [34mINFO [0;39m [[34mtomcat-handler-12[0;39m] [33m[XID:][0;39m [32mc.a.o.a.c.JwtAuthenticationFilter[0;39m - User 7f000101-9bf3-1319-819b-f35c1d640000 authenticated with role USER
2026-01-30 19:59:13,142 [34mINFO [0;39m [[34mtomcat-handler-10[0;39m] [33m[XID:][0;39m [32mc.a.o.a.c.JwtAuthenticationFilter[0;39m - User 7f000101-9bf3-1319-819b-f35c1d640000 authenticated with role USER
2026-01-30 19:59:13,145 [34mINFO [0;39m [[34mtomcat-handler-11[0;39m] [33m[XID:awebmlt88e3u6pr][0;39m [32mc.a.o.a.controller.SubjectController[0;39m - Getting subject: 7f000101-9bf3-1319-819b-f35c75e60002 from shelve: 7f000101-9bf3-1319-819b-f35c54120001
2026-01-30 19:59:13,146 [34mINFO [0;39m [[34mtomcat-handler-10[0;39m] [33m[XID:awebhhbhgx5htz4][0;39m [32mc.a.o.a.s.impl.ShelfServiceImpl[0;39m - Retrieving current user info from UserService
2026-01-30 19:59:13,146 [34mINFO [0;39m [[34mtomcat-handler-11[0;39m] [33m[XID:awebmlt88e3u6pr][0;39m [32mc.a.o.a.s.impl.SubjectServiceImpl[0;39m - Getting subject: 7f000101-9bf3-1319-819b-f35c75e60002 from shelf: 7f000101-9bf3-1319-819b-f35c54120001
2026-01-30 19:59:13,147 [34mINFO [0;39m [[34mtomcat-handler-10[0;39m] [33m[XID:awebhhbhgx5htz4][0;39m [32mc.a.o.a.s.impl.ShelfServiceImpl[0;39m - Fetching shelves page 0 size 100 for user 7f000101-9bf3-1319-819b-f35c1d640000
2026-01-30 19:59:13,147 [34mINFO [0;39m [[34mtomcat-handler-10[0;39m] [33m[XID:awebhhbhgx5htz4][0;39m [32mc.a.o.a.s.impl.ShelfServiceImpl[0;39m - Retrieving current user info from UserService
2026-01-30 19:59:13,148 [34mINFO [0;39m [[34mtomcat-handler-12[0;39m] [33m[XID:awebe05jl2kl5h][0;39m [32mc.a.o.api.controller.CardController[0;39m - Getting all cards for subject: 7f000101-9bf3-1319-819b-f35c75e60002 in shelve: 7f000101-9bf3-1319-819b-f35c54120001 with page: 0 and size: 1000
2026-01-30 19:59:13,148 [34mINFO [0;39m [[34mtomcat-handler-12[0;39m] [33m[XID:awebe05jl2kl5h][0;39m [32mc.a.o.a.service.impl.CardServiceImpl[0;39m - Getting all cards for subject: 7f000101-9bf3-1319-819b-f35c75e60002 in shelve: 7f000101-9bf3-1319-819b-f35c54120001 with page: 0 and size: 1000
2026-01-30 19:59:13,156 [34mINFO [0;39m [[34mtomcat-handler-11[0;39m] [33m[XID:awebmlt88e3u6pr][0;39m [32mc.a.o.a.s.impl.SubjectServiceImpl[0;39m - Successfully retrieved subject: 7f000101-9bf3-1319-819b-f35c75e60002
2026-01-30 19:59:13,160 [34mINFO [0;39m [[34mtomcat-handler-11[0;39m] [33m[XID:awebmlt88e3u6pr][0;39m [32mc.a.oopsly.api.config.LoggingConfig[0;39m - Request: GET /api/v1/oopsly/shelves/7f000101-9bf3-1319-819b-f35c54120001/subjects/7f000101-9bf3-1319-819b-f35c75e60002 | Status: 200 | 17 ms
2026-01-30 19:59:13,165 [34mINFO [0;39m [[34mtomcat-handler-12[0;39m] [33m[XID:awebe05jl2kl5h][0;39m [32mc.a.o.a.service.impl.CardServiceImpl[0;39m - Successfully retrieved 0 cards for subject: 7f000101-9bf3-1319-819b-f35c75e60002 (total: 0)
2026-01-30 19:59:13,168 [34mINFO [0;39m [[34mtomcat-handler-12[0;39m] [33m[XID:awebe05jl2kl5h][0;39m [32mc.a.oopsly.api.config.LoggingConfig[0;39m - Request: GET /api/v1/oopsly/shelves/7f000101-9bf3-1319-819b-f35c54120001/subjects/7f000101-9bf3-1319-819b-f35c75e60002/cards | Status: 200 | 25 ms
2026-01-30 19:59:13,181 [34mINFO [0;39m [[34mtomcat-handler-10[0;39m] [33m[XID:awebhhbhgx5htz4][0;39m [32mc.a.oopsly.api.config.LoggingConfig[0;39m - Request: GET /api/v1/oopsly/shelves | Status: 200 | 38 ms
2026-01-30 19:59:22,199 [34mINFO [0;39m [[34mtomcat-handler-14[0;39m] [33m[XID:][0;39m [32mc.a.o.a.c.JwtAuthenticationFilter[0;39m - Filtering request: /api/v1/oopsly/shelves/7f000101-9bf3-1319-819b-f35c54120001/subjects/7f000101-9bf3-1319-819b-f35c75e60002
2026-01-30 19:59:22,199 [34mINFO [0;39m [[34mtomcat-handler-15[0;39m] [33m[XID:][0;39m [32mc.a.o.a.c.JwtAuthenticationFilter[0;39m - Filtering request: /api/v1/oopsly/shelves/7f000101-9bf3-1319-819b-f35c54120001/subjects/7f000101-9bf3-1319-819b-f35c75e60002/cards
2026-01-30 19:59:22,201 [34mINFO [0;39m [[34mtomcat-handler-15[0;39m] [33m[XID:][0;39m [32mc.a.o.a.c.JwtAuthenticationFilter[0;39m - Attempting to authenticate using jwt
2026-01-30 19:59:22,205 [34mINFO [0;39m [[34mtomcat-handler-15[0;39m] [33m[XID:][0;39m [32mc.a.o.a.c.JwtAuthenticationFilter[0;39m - User 7f000101-9bf3-1319-819b-f35c1d640000 authenticated with role USER
2026-01-30 19:59:22,206 [34mINFO [0;39m [[34mtomcat-handler-14[0;39m] [33m[XID:][0;39m [32mc.a.o.a.c.JwtAuthenticationFilter[0;39m - Attempting to authenticate using jwt
2026-01-30 19:59:22,208 [34mINFO [0;39m [[34mtomcat-handler-13[0;39m] [33m[XID:][0;39m [32mc.a.o.a.c.JwtAuthenticationFilter[0;39m - Filtering request: /api/v1/oopsly/shelves
2026-01-30 19:59:22,209 [34mINFO [0;39m [[34mtomcat-handler-13[0;39m] [33m[XID:][0;39m [32mc.a.o.a.c.JwtAuthenticationFilter[0;39m - Attempting to authenticate using jwt
2026-01-30 19:59:22,211 [34mINFO [0;39m [[34mtomcat-handler-14[0;39m] [33m[XID:][0;39m [32mc.a.o.a.c.JwtAuthenticationFilter[0;39m - User 7f000101-9bf3-1319-819b-f35c1d640000 authenticated with role USER
2026-01-30 19:59:22,212 [34mINFO [0;39m [[34mtomcat-handler-13[0;39m] [33m[XID:][0;39m [32mc.a.o.a.c.JwtAuthenticationFilter[0;39m - User 7f000101-9bf3-1319-819b-f35c1d640000 authenticated with role USER
2026-01-30 19:59:22,215 [34mINFO [0;39m [[34mtomcat-handler-14[0;39m] [33m[XID:awebs08fzj4yg5r][0;39m [32mc.a.o.a.controller.SubjectController[0;39m - Getting subject: 7f000101-9bf3-1319-819b-f35c75e60002 from shelve: 7f000101-9bf3-1319-819b-f35c54120001
2026-01-30 19:59:22,216 [34mINFO [0;39m [[34mtomcat-handler-14[0;39m] [33m[XID:awebs08fzj4yg5r][0;39m [32mc.a.o.a.s.impl.SubjectServiceImpl[0;39m - Getting subject: 7f000101-9bf3-1319-819b-f35c75e60002 from shelf: 7f000101-9bf3-1319-819b-f35c54120001
2026-01-30 19:59:22,220 [34mINFO [0;39m [[34mtomcat-handler-15[0;39m] [33m[XID:awebxes5ub9r9ad][0;39m [32mc.a.o.api.controller.CardController[0;39m - Getting all cards for subject: 7f000101-9bf3-1319-819b-f35c75e60002 in shelve: 7f000101-9bf3-1319-819b-f35c54120001 with page: 0 and size: 1000
2026-01-30 19:59:22,228 [34mINFO [0;39m [[34mtomcat-handler-13[0;39m] [33m[XID:awebc7l18rja5nm][0;39m [32mc.a.o.a.s.impl.ShelfServiceImpl[0;39m - Retrieving current user info from UserService
2026-01-30 19:59:22,233 [34mINFO [0;39m [[34mtomcat-handler-15[0;39m] [33m[XID:awebxes5ub9r9ad][0;39m [32mc.a.o.a.service.impl.CardServiceImpl[0;39m - Getting all cards for subject: 7f000101-9bf3-1319-819b-f35c75e60002 in shelve: 7f000101-9bf3-1319-819b-f35c54120001 with page: 0 and size: 1000
2026-01-30 19:59:22,234 [34mINFO [0;39m [[34mtomcat-handler-13[0;39m] [33m[XID:awebc7l18rja5nm][0;39m [32mc.a.o.a.s.impl.ShelfServiceImpl[0;39m - Fetching shelves page 0 size 100 for user 7f000101-9bf3-1319-819b-f35c1d640000
2026-01-30 19:59:22,236 [34mINFO [0;39m [[34mtomcat-handler-13[0;39m] [33m[XID:awebc7l18rja5nm][0;39m [32mc.a.o.a.s.impl.ShelfServiceImpl[0;39m - Retrieving current user info from UserService
2026-01-30 19:59:22,246 [34mINFO [0;39m [[34mtomcat-handler-14[0;39m] [33m[XID:awebs08fzj4yg5r][0;39m [32mc.a.o.a.s.impl.SubjectServiceImpl[0;39m - Successfully retrieved subject: 7f000101-9bf3-1319-819b-f35c75e60002
2026-01-30 19:59:22,257 [34mINFO [0;39m [[34mtomcat-handler-14[0;39m] [33m[XID:awebs08fzj4yg5r][0;39m [32mc.a.oopsly.api.config.LoggingConfig[0;39m - Request: GET /api/v1/oopsly/shelves/7f000101-9bf3-1319-819b-f35c54120001/subjects/7f000101-9bf3-1319-819b-f35c75e60002 | Status: 200 | 45 ms
2026-01-30 19:59:22,263 [34mINFO [0;39m [[34mtomcat-handler-15[0;39m] [33m[XID:awebxes5ub9r9ad][0;39m [32mc.a.o.a.service.impl.CardServiceImpl[0;39m - Successfully retrieved 0 cards for subject: 7f000101-9bf3-1319-819b-f35c75e60002 (total: 0)
2026-01-30 19:59:22,266 [34mINFO [0;39m [[34mtomcat-handler-15[0;39m] [33m[XID:awebxes5ub9r9ad][0;39m [32mc.a.oopsly.api.config.LoggingConfig[0;39m - Request: GET /api/v1/oopsly/shelves/7f000101-9bf3-1319-819b-f35c54120001/subjects/7f000101-9bf3-1319-819b-f35c75e60002/cards | Status: 200 | 59 ms
2026-01-30 19:59:22,282 [34mINFO [0;39m [[34mtomcat-handler-13[0;39m] [33m[XID:awebc7l18rja5nm][0;39m [32mc.a.oopsly.api.config.LoggingConfig[0;39m - Request: GET /api/v1/oopsly/shelves | Status: 200 | 68 ms
2026-01-30 19:59:45,193 [34mINFO [0;39m [[34mtomcat-handler-16[0;39m] [33m[XID:][0;39m [32mc.a.o.a.c.JwtAuthenticationFilter[0;39m - Filtering request: /api/v1/oopsly/shelves
2026-01-30 19:59:45,193 [34mINFO [0;39m [[34mtomcat-handler-17[0;39m] [33m[XID:][0;39m [32mc.a.o.a.c.JwtAuthenticationFilter[0;39m - Filtering request: /api/v1/oopsly/shelves/7f000101-9bf3-1319-819b-f35c75e60002/subjects/undefined
2026-01-30 19:59:45,193 [34mINFO [0;39m [[34mtomcat-handler-18[0;39m] [33m[XID:][0;39m [32mc.a.o.a.c.JwtAuthenticationFilter[0;39m - Filtering request: /api/v1/oopsly/shelves/7f000101-9bf3-1319-819b-f35c54120001/subjects/7f000101-9bf3-1319-819b-f35c75e60002/cards
2026-01-30 19:59:45,193 [31mWARN [0;39m [[34mtomcat-handler-17[0;39m] [33m[XID:][0;39m [32mc.a.o.a.c.JwtAuthenticationFilter[0;39m - Authorization header not present
2026-01-30 19:59:45,193 [34mINFO [0;39m [[34mtomcat-handler-16[0;39m] [33m[XID:][0;39m [32mc.a.o.a.c.JwtAuthenticationFilter[0;39m - Attempting to authenticate using jwt
2026-01-30 19:59:45,193 [34mINFO [0;39m [[34mtomcat-handler-18[0;39m] [33m[XID:][0;39m [32mc.a.o.a.c.JwtAuthenticationFilter[0;39m - Attempting to authenticate using jwt
2026-01-30 19:59:45,195 [34mINFO [0;39m [[34mtomcat-handler-18[0;39m] [33m[XID:][0;39m [32mc.a.o.a.c.JwtAuthenticationFilter[0;39m - User 7f000101-9bf3-1319-819b-f35c1d640000 authenticated with role USER
2026-01-30 19:59:45,195 [34mINFO [0;39m [[34mtomcat-handler-16[0;39m] [33m[XID:][0;39m [32mc.a.o.a.c.JwtAuthenticationFilter[0;39m - User 7f000101-9bf3-1319-819b-f35c1d640000 authenticated with role USER
2026-01-30 19:59:45,196 [34mINFO [0;39m [[34mtomcat-handler-17[0;39m] [33m[XID:cd2e2431-e171-4e4c-8149-98eb934c7800][0;39m [32mc.a.oopsly.api.config.LoggingConfig[0;39m - Request: OPTIONS /api/v1/oopsly/shelves/7f000101-9bf3-1319-819b-f35c75e60002/subjects/undefined | Status: 200 | 2 ms
2026-01-30 19:59:45,198 [34mINFO [0;39m [[34mtomcat-handler-18[0;39m] [33m[XID:awebhamy9y5xjv7][0;39m [32mc.a.o.api.controller.CardController[0;39m - Getting all cards for subject: 7f000101-9bf3-1319-819b-f35c75e60002 in shelve: 7f000101-9bf3-1319-819b-f35c54120001 with page: 0 and size: 1000
2026-01-30 19:59:45,199 [34mINFO [0;39m [[34mtomcat-handler-18[0;39m] [33m[XID:awebhamy9y5xjv7][0;39m [32mc.a.o.a.service.impl.CardServiceImpl[0;39m - Getting all cards for subject: 7f000101-9bf3-1319-819b-f35c75e60002 in shelve: 7f000101-9bf3-1319-819b-f35c54120001 with page: 0 and size: 1000
2026-01-30 19:59:45,199 [34mINFO [0;39m [[34mtomcat-handler-16[0;39m] [33m[XID:awebo6zuuvo77we][0;39m [32mc.a.o.a.s.impl.ShelfServiceImpl[0;39m - Retrieving current user info from UserService
2026-01-30 19:59:45,203 [34mINFO [0;39m [[34mtomcat-handler-16[0;39m] [33m[XID:awebo6zuuvo77we][0;39m [32mc.a.o.a.s.impl.ShelfServiceImpl[0;39m - Fetching shelves page 0 size 100 for user 7f000101-9bf3-1319-819b-f35c1d640000
2026-01-30 19:59:45,204 [34mINFO [0;39m [[34mtomcat-handler-16[0;39m] [33m[XID:awebo6zuuvo77we][0;39m [32mc.a.o.a.s.impl.ShelfServiceImpl[0;39m - Retrieving current user info from UserService
2026-01-30 19:59:45,205 [34mINFO [0;39m [[34mtomcat-handler-19[0;39m] [33m[XID:][0;39m [32mc.a.o.a.c.JwtAuthenticationFilter[0;39m - Filtering request: /api/v1/oopsly/shelves/7f000101-9bf3-1319-819b-f35c75e60002/subjects/undefined
2026-01-30 19:59:45,205 [34mINFO [0;39m [[34mtomcat-handler-19[0;39m] [33m[XID:][0;39m [32mc.a.o.a.c.JwtAuthenticationFilter[0;39m - Attempting to authenticate using jwt
2026-01-30 19:59:45,213 [34mINFO [0;39m [[34mtomcat-handler-19[0;39m] [33m[XID:][0;39m [32mc.a.o.a.c.JwtAuthenticationFilter[0;39m - User 7f000101-9bf3-1319-819b-f35c1d640000 authenticated with role USER
2026-01-30 19:59:45,233 [34mINFO [0;39m [[34mtomcat-handler-18[0;39m] [33m[XID:awebhamy9y5xjv7][0;39m [32mc.a.o.a.service.impl.CardServiceImpl[0;39m - Successfully retrieved 0 cards for subject: 7f000101-9bf3-1319-819b-f35c75e60002 (total: 0)
2026-01-30 19:59:45,237 [34mINFO [0;39m [[34mtomcat-handler-18[0;39m] [33m[XID:awebhamy9y5xjv7][0;39m [32mc.a.oopsly.api.config.LoggingConfig[0;39m - Request: GET /api/v1/oopsly/shelves/7f000101-9bf3-1319-819b-f35c54120001/subjects/7f000101-9bf3-1319-819b-f35c75e60002/cards | Status: 200 | 41 ms
2026-01-30 19:59:45,227 [1;31mERROR[0;39m [[34mtomcat-handler-19[0;39m] [33m[XID:awebwx5stgjw1w][0;39m [32mc.a.o.a.e.GlobalExceptionHandler[0;39m - Generic internal server error: Method parameter 'id': Failed to convert value of type 'java.lang.String' to required type 'java.util.UUID'; Invalid UUID string: undefined
org.springframework.web.method.annotation.MethodArgumentTypeMismatchException: Method parameter 'id': Failed to convert value of type 'java.lang.String' to required type 'java.util.UUID'; Invalid UUID string: undefined
	at org.springframework.web.method.annotation.AbstractNamedValueMethodArgumentResolver.convertIfNecessary(AbstractNamedValueMethodArgumentResolver.java:301)
	at org.springframework.web.method.annotation.AbstractNamedValueMethodArgumentResolver.resolveArgument(AbstractNamedValueMethodArgumentResolver.java:136)
	at org.springframework.web.method.support.HandlerMethodArgumentResolverComposite.resolveArgument(HandlerMethodArgumentResolverComposite.java:122)
	at org.springframework.web.method.support.InvocableHandlerMethod.getMethodArgumentValues(InvocableHandlerMethod.java:227)
	at org.springframework.web.method.support.InvocableHandlerMethod.invokeForRequest(InvocableHandlerMethod.java:181)
	at org.springframework.web.servlet.mvc.method.annotation.ServletInvocableHandlerMethod.invokeAndHandle(ServletInvocableHandlerMethod.java:118)
	at org.springframework.web.servlet.mvc.method.annotation.RequestMappingHandlerAdapter.invokeHandlerMethod(RequestMappingHandlerAdapter.java:991)
	at org.springframework.web.servlet.mvc.method.annotation.RequestMappingHandlerAdapter.handleInternal(RequestMappingHandlerAdapter.java:896)
	at org.springframework.web.servlet.mvc.method.AbstractHandlerMethodAdapter.handle(AbstractHandlerMethodAdapter.java:87)
	at org.springframework.web.servlet.DispatcherServlet.doDispatch(DispatcherServlet.java:1089)
	at org.springframework.web.servlet.DispatcherServlet.doService(DispatcherServlet.java:979)
	at org.springframework.web.servlet.FrameworkServlet.processRequest(FrameworkServlet.java:1014)
	at org.springframework.web.servlet.FrameworkServlet.doGet(FrameworkServlet.java:903)
	at jakarta.servlet.http.HttpServlet.service(HttpServlet.java:564)
	at org.springframework.web.servlet.FrameworkServlet.service(FrameworkServlet.java:885)
	at jakarta.servlet.http.HttpServlet.service(HttpServlet.java:658)
	at org.apache.catalina.core.ApplicationFilterChain.internalDoFilter(ApplicationFilterChain.java:193)
	at org.apache.catalina.core.ApplicationFilterChain.doFilter(ApplicationFilterChain.java:138)
	at org.apache.tomcat.websocket.server.WsFilter.doFilter(WsFilter.java:51)
	at org.apache.catalina.core.ApplicationFilterChain.internalDoFilter(ApplicationFilterChain.java:162)
	at org.apache.catalina.core.ApplicationFilterChain.doFilter(ApplicationFilterChain.java:138)
	at com.app.oopsly.api.config.LoggingConfig.doFilter(LoggingConfig.java:57)
	at org.apache.catalina.core.ApplicationFilterChain.internalDoFilter(ApplicationFilterChain.java:162)
	at org.apache.catalina.core.ApplicationFilterChain.doFilter(ApplicationFilterChain.java:138)
	at org.springframework.web.filter.OncePerRequestFilter.doFilter(OncePerRequestFilter.java:110)
	at org.apache.catalina.core.ApplicationFilterChain.internalDoFilter(ApplicationFilterChain.java:162)
	at org.apache.catalina.core.ApplicationFilterChain.doFilter(ApplicationFilterChain.java:138)
	at org.springframework.web.filter.CompositeFilter$VirtualFilterChain.doFilter(CompositeFilter.java:108)
	at org.springframework.web.filter.CompositeFilter$VirtualFilterChain.doFilter(CompositeFilter.java:108)
	at org.springframework.security.web.FilterChainProxy.lambda$doFilterInternal$3(FilterChainProxy.java:231)
	at org.springframework.security.web.ObservationFilterChainDecorator$FilterObservation$SimpleFilterObservation.lambda$wrap$1(ObservationFilterChainDecorator.java:490)
	at org.springframework.security.web.ObservationFilterChainDecorator$AroundFilterObservation$SimpleAroundFilterObservation.lambda$wrap$1(ObservationFilterChainDecorator.java:351)
	at org.springframework.security.web.ObservationFilterChainDecorator.lambda$wrapSecured$0(ObservationFilterChainDecorator.java:83)
	at org.springframework.security.web.ObservationFilterChainDecorator$VirtualFilterChain.doFilter(ObservationFilterChainDecorator.java:129)
	at org.springframework.security.web.access.intercept.AuthorizationFilter.doFilter(AuthorizationFilter.java:101)
	at org.springframework.security.web.ObservationFilterChainDecorator$ObservationFilter.wrapFilter(ObservationFilterChainDecorator.java:241)
	at org.springframework.security.web.ObservationFilterChainDecorator$ObservationFilter.doFilter(ObservationFilterChainDecorator.java:228)
	at org.springframework.security.web.ObservationFilterChainDecorator$VirtualFilterChain.doFilter(ObservationFilterChainDecorator.java:138)
	at org.springframework.security.web.access.ExceptionTranslationFilter.doFilter(ExceptionTranslationFilter.java:125)
	at org.springframework.security.web.access.ExceptionTranslationFilter.doFilter(ExceptionTranslationFilter.java:119)
	at org.springframework.security.web.ObservationFilterChainDecorator$ObservationFilter.wrapFilter(ObservationFilterChainDecorator.java:241)
	at org.springframework.security.web.ObservationFilterChainDecorator$ObservationFilter.doFilter(ObservationFilterChainDecorator.java:228)
	at org.springframework.security.web.ObservationFilterChainDecorator$VirtualFilterChain.doFilter(ObservationFilterChainDecorator.java:138)
	at org.springframework.security.web.session.SessionManagementFilter.doFilter(SessionManagementFilter.java:131)
	at org.springframework.security.web.session.SessionManagementFilter.doFilter(SessionManagementFilter.java:85)
	at org.springframework.security.web.ObservationFilterChainDecorator$ObservationFilter.wrapFilter(ObservationFilterChainDecorator.java:241)
	at org.springframework.security.web.ObservationFilterChainDecorator$ObservationFilter.doFilter(ObservationFilterChainDecorator.java:228)
	at org.springframework.security.web.ObservationFilterChainDecorator$VirtualFilterChain.doFilter(ObservationFilterChainDecorator.java:138)
	at org.springframework.security.web.authentication.AnonymousAuthenticationFilter.doFilter(AnonymousAuthenticationFilter.java:100)
	at org.springframework.security.web.ObservationFilterChainDecorator$ObservationFilter.wrapFilter(ObservationFilterChainDecorator.java:241)
	at org.springframework.security.web.ObservationFilterChainDecorator$ObservationFilter.doFilter(ObservationFilterChainDecorator.java:228)
	at org.springframework.security.web.ObservationFilterChainDecorator$VirtualFilterChain.doFilter(ObservationFilterChainDecorator.java:138)
	at org.springframework.security.web.servletapi.SecurityContextHolderAwareRequestFilter.doFilter(SecurityContextHolderAwareRequestFilter.java:179)
	at org.springframework.security.web.ObservationFilterChainDecorator$ObservationFilter.wrapFilter(ObservationFilterChainDecorator.java:241)
	at org.springframework.security.web.ObservationFilterChainDecorator$ObservationFilter.doFilter(ObservationFilterChainDecorator.java:228)
	at org.springframework.security.web.ObservationFilterChainDecorator$VirtualFilterChain.doFilter(ObservationFilterChainDecorator.java:138)
	at org.springframework.security.web.savedrequest.RequestCacheAwareFilter.doFilter(RequestCacheAwareFilter.java:63)
	at org.springframework.security.web.ObservationFilterChainDecorator$ObservationFilter.wrapFilter(ObservationFilterChainDecorator.java:241)
	at org.springframework.security.web.ObservationFilterChainDecorator$ObservationFilter.doFilter(ObservationFilterChainDecorator.java:228)
	at org.springframework.security.web.ObservationFilterChainDecorator$VirtualFilterChain.doFilter(ObservationFilterChainDecorator.java:138)
	at com.app.oopsly.api.config.JwtAuthenticationFilter.doFilterInternal(JwtAuthenticationFilter.java:71)
	at org.springframework.web.filter.OncePerRequestFilter.doFilter(OncePerRequestFilter.java:116)
	at org.springframework.security.web.ObservationFilterChainDecorator$ObservationFilter.wrapFilter(ObservationFilterChainDecorator.java:241)
	at org.springframework.security.web.ObservationFilterChainDecorator$ObservationFilter.doFilter(ObservationFilterChainDecorator.java:228)
	at org.springframework.security.web.ObservationFilterChainDecorator$VirtualFilterChain.doFilter(ObservationFilterChainDecorator.java:138)
	at org.springframework.security.web.authentication.logout.LogoutFilter.doFilter(LogoutFilter.java:107)
	at org.springframework.security.web.authentication.logout.LogoutFilter.doFilter(LogoutFilter.java:93)
	at org.springframework.security.web.ObservationFilterChainDecorator$ObservationFilter.wrapFilter(ObservationFilterChainDecorator.java:241)
	at org.springframework.security.web.ObservationFilterChainDecorator$ObservationFilter.doFilter(ObservationFilterChainDecorator.java:228)
	at org.springframework.security.web.ObservationFilterChainDecorator$VirtualFilterChain.doFilter(ObservationFilterChainDecorator.java:138)
	at org.springframework.security.web.header.HeaderWriterFilter.doHeadersAfter(HeaderWriterFilter.java:90)
	at org.springframework.security.web.header.HeaderWriterFilter.doFilterInternal(HeaderWriterFilter.java:75)
	at org.springframework.web.filter.OncePerRequestFilter.doFilter(OncePerRequestFilter.java:116)
	at org.springframework.security.web.ObservationFilterChainDecorator$ObservationFilter.wrapFilter(ObservationFilterChainDecorator.java:241)
	at org.springframework.security.web.ObservationFilterChainDecorator$ObservationFilter.doFilter(ObservationFilterChainDecorator.java:228)
	at org.springframework.security.web.ObservationFilterChainDecorator$VirtualFilterChain.doFilter(ObservationFilterChainDecorator.java:138)
	at org.springframework.security.web.context.SecurityContextHolderFilter.doFilter(SecurityContextHolderFilter.java:82)
	at org.springframework.security.web.context.SecurityContextHolderFilter.doFilter(SecurityContextHolderFilter.java:69)
	at org.springframework.security.web.ObservationFilterChainDecorator$ObservationFilter.wrapFilter(ObservationFilterChainDecorator.java:241)
	at org.springframework.security.web.ObservationFilterChainDecorator$ObservationFilter.doFilter(ObservationFilterChainDecorator.java:228)
	at org.springframework.security.web.ObservationFilterChainDecorator$VirtualFilterChain.doFilter(ObservationFilterChainDecorator.java:138)
	at org.springframework.security.web.context.request.async.WebAsyncManagerIntegrationFilter.doFilterInternal(WebAsyncManagerIntegrationFilter.java:62)
	at org.springframework.web.filter.OncePerRequestFilter.doFilter(OncePerRequestFilter.java:116)
	at org.springframework.security.web.ObservationFilterChainDecorator$ObservationFilter.wrapFilter(ObservationFilterChainDecorator.java:241)
	at org.springframework.security.web.ObservationFilterChainDecorator$ObservationFilter.doFilter(ObservationFilterChainDecorator.java:228)
	at org.springframework.security.web.ObservationFilterChainDecorator$VirtualFilterChain.doFilter(ObservationFilterChainDecorator.java:138)
	at org.springframework.security.web.session.DisableEncodeUrlFilter.doFilterInternal(DisableEncodeUrlFilter.java:42)
	at org.springframework.web.filter.OncePerRequestFilter.doFilter(OncePerRequestFilter.java:116)
	at org.springframework.security.web.ObservationFilterChainDecorator$ObservationFilter.wrapFilter(ObservationFilterChainDecorator.java:241)
	at org.springframework.security.web.ObservationFilterChainDecorator$AroundFilterObservation$SimpleAroundFilterObservation.lambda$wrap$0(ObservationFilterChainDecorator.java:334)
	at org.springframework.security.web.ObservationFilterChainDecorator$ObservationFilter.doFilter(ObservationFilterChainDecorator.java:225)
	at org.springframework.security.web.ObservationFilterChainDecorator$VirtualFilterChain.doFilter(ObservationFilterChainDecorator.java:138)
	at org.springframework.security.web.FilterChainProxy.doFilterInternal(FilterChainProxy.java:233)
	at org.springframework.security.web.FilterChainProxy.doFilter(FilterChainProxy.java:191)
	at org.springframework.web.filter.CompositeFilter$VirtualFilterChain.doFilter(CompositeFilter.java:113)
	at org.springframework.web.filter.ServletRequestPathFilter.doFilter(ServletRequestPathFilter.java:52)
	at org.springframework.web.filter.CompositeFilter$VirtualFilterChain.doFilter(CompositeFilter.java:113)
	at org.springframework.web.filter.CompositeFilter.doFilter(CompositeFilter.java:74)
	at org.springframework.security.config.annotation.web.configuration.WebSecurityConfiguration$CompositeFilterChainProxy.doFilter(WebSecurityConfiguration.java:319)
	at org.springframework.web.filter.CompositeFilter$VirtualFilterChain.doFilter(CompositeFilter.java:113)
	at org.springframework.web.servlet.handler.HandlerMappingIntrospector.lambda$createCacheFilter$4(HandlerMappingIntrospector.java:267)
	at org.springframework.web.filter.CompositeFilter$VirtualFilterChain.doFilter(CompositeFilter.java:113)
	at org.springframework.web.filter.CompositeFilter.doFilter(CompositeFilter.java:74)
	at org.springframework.security.config.annotation.web.configuration.WebMvcSecurityConfiguration$CompositeFilterChainProxy.doFilter(WebMvcSecurityConfiguration.java:240)
	at org.springframework.web.filter.DelegatingFilterProxy.invokeDelegate(DelegatingFilterProxy.java:362)
	at org.springframework.web.filter.DelegatingFilterProxy.doFilter(DelegatingFilterProxy.java:278)
	at org.apache.catalina.core.ApplicationFilterChain.internalDoFilter(ApplicationFilterChain.java:162)
	at org.apache.catalina.core.ApplicationFilterChain.doFilter(ApplicationFilterChain.java:138)
	at org.springframework.web.filter.RequestContextFilter.doFilterInternal(RequestContextFilter.java:100)
	at org.springframework.web.filter.OncePerRequestFilter.doFilter(OncePerRequestFilter.java:116)
	at org.apache.catalina.core.ApplicationFilterChain.internalDoFilter(ApplicationFilterChain.java:162)
	at org.apache.catalina.core.ApplicationFilterChain.doFilter(ApplicationFilterChain.java:138)
	at org.springframework.web.filter.FormContentFilter.doFilterInternal(FormContentFilter.java:93)
	at org.springframework.web.filter.OncePerRequestFilter.doFilter(OncePerRequestFilter.java:116)
	at org.apache.catalina.core.ApplicationFilterChain.internalDoFilter(ApplicationFilterChain.java:162)
	at org.apache.catalina.core.ApplicationFilterChain.doFilter(ApplicationFilterChain.java:138)
	at org.springframework.web.filter.ServerHttpObservationFilter.doFilterInternal(ServerHttpObservationFilter.java:110)
	at org.springframework.web.filter.OncePerRequestFilter.doFilter(OncePerRequestFilter.java:116)
	at org.apache.catalina.core.ApplicationFilterChain.internalDoFilter(ApplicationFilterChain.java:162)
	at org.apache.catalina.core.ApplicationFilterChain.doFilter(ApplicationFilterChain.java:138)
	at org.springframework.web.filter.CharacterEncodingFilter.doFilterInternal(CharacterEncodingFilter.java:201)
	at org.springframework.web.filter.OncePerRequestFilter.doFilter(OncePerRequestFilter.java:116)
	at org.apache.catalina.core.ApplicationFilterChain.internalDoFilter(ApplicationFilterChain.java:162)
	at org.apache.catalina.core.ApplicationFilterChain.doFilter(ApplicationFilterChain.java:138)
	at org.apache.catalina.core.StandardWrapperValve.invoke(StandardWrapperValve.java:165)
	at org.apache.catalina.core.StandardContextValve.invoke(StandardContextValve.java:88)
	at org.apache.catalina.authenticator.AuthenticatorBase.invoke(AuthenticatorBase.java:482)
	at org.apache.catalina.core.StandardHostValve.invoke(StandardHostValve.java:113)
	at org.apache.catalina.valves.ErrorReportValve.invoke(ErrorReportValve.java:83)
	at org.apache.catalina.core.StandardEngineValve.invoke(StandardEngineValve.java:72)
	at org.apache.catalina.connector.CoyoteAdapter.service(CoyoteAdapter.java:342)
	at org.apache.coyote.http11.Http11Processor.service(Http11Processor.java:399)
	at org.apache.coyote.AbstractProcessorLight.process(AbstractProcessorLight.java:63)
	at org.apache.coyote.AbstractProtocol$ConnectionHandler.process(AbstractProtocol.java:903)
	at org.apache.tomcat.util.net.NioEndpoint$SocketProcessor.doRun(NioEndpoint.java:1774)
	at org.apache.tomcat.util.net.SocketProcessorBase.run(SocketProcessorBase.java:52)
	at java.base/java.lang.VirtualThread.run(VirtualThread.java:329)
Caused by: java.lang.IllegalArgumentException: Invalid UUID string: undefined
	at java.base/java.util.UUID.fromString1(UUID.java:282)
	at java.base/java.util.UUID.fromString(UUID.java:260)
	at org.springframework.beans.propertyeditors.UUIDEditor.setAsText(UUIDEditor.java:37)
	at org.springframework.beans.TypeConverterDelegate.doConvertTextValue(TypeConverterDelegate.java:439)
	at org.springframework.beans.TypeConverterDelegate.doConvertValue(TypeConverterDelegate.java:412)
	at org.springframework.beans.TypeConverterDelegate.convertIfNecessary(TypeConverterDelegate.java:161)
	at org.springframework.beans.TypeConverterSupport.convertIfNecessary(TypeConverterSupport.java:80)
	at org.springframework.beans.TypeConverterSupport.convertIfNecessary(TypeConverterSupport.java:53)
	at org.springframework.validation.DataBinder.convertIfNecessary(DataBinder.java:867)
	at org.springframework.web.method.annotation.AbstractNamedValueMethodArgumentResolver.convertIfNecessary(AbstractNamedValueMethodArgumentResolver.java:293)
	... 136 common frames omitted
2026-01-30 19:59:45,245 [34mINFO [0;39m [[34mtomcat-handler-16[0;39m] [33m[XID:awebo6zuuvo77we][0;39m [32mc.a.oopsly.api.config.LoggingConfig[0;39m - Request: GET /api/v1/oopsly/shelves | Status: 200 | 49 ms
2026-01-30 19:59:45,246 [34mINFO [0;39m [[34mtomcat-handler-19[0;39m] [33m[XID:awebwx5stgjw1w][0;39m [32mc.a.oopsly.api.config.LoggingConfig[0;39m - Request: GET /api/v1/oopsly/shelves/7f000101-9bf3-1319-819b-f35c75e60002/subjects/undefined | Status: 500 | 32 ms
2026-01-30 19:59:50,081 [34mINFO [0;39m [[34mtomcat-handler-20[0;39m] [33m[XID:][0;39m [32mc.a.o.a.c.JwtAuthenticationFilter[0;39m - Filtering request: /api/v1/oopsly/shelves
2026-01-30 19:59:50,081 [34mINFO [0;39m [[34mtomcat-handler-20[0;39m] [33m[XID:][0;39m [32mc.a.o.a.c.JwtAuthenticationFilter[0;39m - Attempting to authenticate using jwt
2026-01-30 19:59:50,082 [34mINFO [0;39m [[34mtomcat-handler-21[0;39m] [33m[XID:][0;39m [32mc.a.o.a.c.JwtAuthenticationFilter[0;39m - Filtering request: /api/v1/oopsly/shelves/7f000101-9bf3-1319-819b-f35c75e60002/subjects/undefined
2026-01-30 19:59:50,082 [34mINFO [0;39m [[34mtomcat-handler-21[0;39m] [33m[XID:][0;39m [32mc.a.o.a.c.JwtAuthenticationFilter[0;39m - Attempting to authenticate using jwt
2026-01-30 19:59:50,083 [34mINFO [0;39m [[34mtomcat-handler-20[0;39m] [33m[XID:][0;39m [32mc.a.o.a.c.JwtAuthenticationFilter[0;39m - User 7f000101-9bf3-1319-819b-f35c1d640000 authenticated with role USER
2026-01-30 19:59:50,084 [34mINFO [0;39m [[34mtomcat-handler-21[0;39m] [33m[XID:][0;39m [32mc.a.o.a.c.JwtAuthenticationFilter[0;39m - User 7f000101-9bf3-1319-819b-f35c1d640000 authenticated with role USER
2026-01-30 19:59:50,087 [34mINFO [0;39m [[34mtomcat-handler-20[0;39m] [33m[XID:aweb9r44au7yxm][0;39m [32mc.a.o.a.s.impl.ShelfServiceImpl[0;39m - Retrieving current user info from UserService
2026-01-30 19:59:50,088 [34mINFO [0;39m [[34mtomcat-handler-20[0;39m] [33m[XID:aweb9r44au7yxm][0;39m [32mc.a.o.a.s.impl.ShelfServiceImpl[0;39m - Fetching shelves page 0 size 100 for user 7f000101-9bf3-1319-819b-f35c1d640000
2026-01-30 19:59:50,088 [34mINFO [0;39m [[34mtomcat-handler-20[0;39m] [33m[XID:aweb9r44au7yxm][0;39m [32mc.a.o.a.s.impl.ShelfServiceImpl[0;39m - Retrieving current user info from UserService
2026-01-30 19:59:50,087 [1;31mERROR[0;39m [[34mtomcat-handler-21[0;39m] [33m[XID:awebk7bavem2mp][0;39m [32mc.a.o.a.e.GlobalExceptionHandler[0;39m - Generic internal server error: Method parameter 'id': Failed to convert value of type 'java.lang.String' to required type 'java.util.UUID'; Invalid UUID string: undefined
org.springframework.web.method.annotation.MethodArgumentTypeMismatchException: Method parameter 'id': Failed to convert value of type 'java.lang.String' to required type 'java.util.UUID'; Invalid UUID string: undefined
	at org.springframework.web.method.annotation.AbstractNamedValueMethodArgumentResolver.convertIfNecessary(AbstractNamedValueMethodArgumentResolver.java:301)
	at org.springframework.web.method.annotation.AbstractNamedValueMethodArgumentResolver.resolveArgument(AbstractNamedValueMethodArgumentResolver.java:136)
	at org.springframework.web.method.support.HandlerMethodArgumentResolverComposite.resolveArgument(HandlerMethodArgumentResolverComposite.java:122)
	at org.springframework.web.method.support.InvocableHandlerMethod.getMethodArgumentValues(InvocableHandlerMethod.java:227)
	at org.springframework.web.method.support.InvocableHandlerMethod.invokeForRequest(InvocableHandlerMethod.java:181)
	at org.springframework.web.servlet.mvc.method.annotation.ServletInvocableHandlerMethod.invokeAndHandle(ServletInvocableHandlerMethod.java:118)
	at org.springframework.web.servlet.mvc.method.annotation.RequestMappingHandlerAdapter.invokeHandlerMethod(RequestMappingHandlerAdapter.java:991)
	at org.springframework.web.servlet.mvc.method.annotation.RequestMappingHandlerAdapter.handleInternal(RequestMappingHandlerAdapter.java:896)
	at org.springframework.web.servlet.mvc.method.AbstractHandlerMethodAdapter.handle(AbstractHandlerMethodAdapter.java:87)
	at org.springframework.web.servlet.DispatcherServlet.doDispatch(DispatcherServlet.java:1089)
	at org.springframework.web.servlet.DispatcherServlet.doService(DispatcherServlet.java:979)
	at org.springframework.web.servlet.FrameworkServlet.processRequest(FrameworkServlet.java:1014)
	at org.springframework.web.servlet.FrameworkServlet.doGet(FrameworkServlet.java:903)
	at jakarta.servlet.http.HttpServlet.service(HttpServlet.java:564)
	at org.springframework.web.servlet.FrameworkServlet.service(FrameworkServlet.java:885)
	at jakarta.servlet.http.HttpServlet.service(HttpServlet.java:658)
	at org.apache.catalina.core.ApplicationFilterChain.internalDoFilter(ApplicationFilterChain.java:193)
	at org.apache.catalina.core.ApplicationFilterChain.doFilter(ApplicationFilterChain.java:138)
	at org.apache.tomcat.websocket.server.WsFilter.doFilter(WsFilter.java:51)
	at org.apache.catalina.core.ApplicationFilterChain.internalDoFilter(ApplicationFilterChain.java:162)
	at org.apache.catalina.core.ApplicationFilterChain.doFilter(ApplicationFilterChain.java:138)
	at com.app.oopsly.api.config.LoggingConfig.doFilter(LoggingConfig.java:57)
	at org.apache.catalina.core.ApplicationFilterChain.internalDoFilter(ApplicationFilterChain.java:162)
	at org.apache.catalina.core.ApplicationFilterChain.doFilter(ApplicationFilterChain.java:138)
	at org.springframework.web.filter.OncePerRequestFilter.doFilter(OncePerRequestFilter.java:110)
	at org.apache.catalina.core.ApplicationFilterChain.internalDoFilter(ApplicationFilterChain.java:162)
	at org.apache.catalina.core.ApplicationFilterChain.doFilter(ApplicationFilterChain.java:138)
	at org.springframework.web.filter.CompositeFilter$VirtualFilterChain.doFilter(CompositeFilter.java:108)
	at org.springframework.web.filter.CompositeFilter$VirtualFilterChain.doFilter(CompositeFilter.java:108)
	at org.springframework.security.web.FilterChainProxy.lambda$doFilterInternal$3(FilterChainProxy.java:231)
	at org.springframework.security.web.ObservationFilterChainDecorator$FilterObservation$SimpleFilterObservation.lambda$wrap$1(ObservationFilterChainDecorator.java:490)
	at org.springframework.security.web.ObservationFilterChainDecorator$AroundFilterObservation$SimpleAroundFilterObservation.lambda$wrap$1(ObservationFilterChainDecorator.java:351)
	at org.springframework.security.web.ObservationFilterChainDecorator.lambda$wrapSecured$0(ObservationFilterChainDecorator.java:83)
	at org.springframework.security.web.ObservationFilterChainDecorator$VirtualFilterChain.doFilter(ObservationFilterChainDecorator.java:129)
	at org.springframework.security.web.access.intercept.AuthorizationFilter.doFilter(AuthorizationFilter.java:101)
	at org.springframework.security.web.ObservationFilterChainDecorator$ObservationFilter.wrapFilter(ObservationFilterChainDecorator.java:241)
	at org.springframework.security.web.ObservationFilterChainDecorator$ObservationFilter.doFilter(ObservationFilterChainDecorator.java:228)
	at org.springframework.security.web.ObservationFilterChainDecorator$VirtualFilterChain.doFilter(ObservationFilterChainDecorator.java:138)
	at org.springframework.security.web.access.ExceptionTranslationFilter.doFilter(ExceptionTranslationFilter.java:125)
	at org.springframework.security.web.access.ExceptionTranslationFilter.doFilter(ExceptionTranslationFilter.java:119)
	at org.springframework.security.web.ObservationFilterChainDecorator$ObservationFilter.wrapFilter(ObservationFilterChainDecorator.java:241)
	at org.springframework.security.web.ObservationFilterChainDecorator$ObservationFilter.doFilter(ObservationFilterChainDecorator.java:228)
	at org.springframework.security.web.ObservationFilterChainDecorator$VirtualFilterChain.doFilter(ObservationFilterChainDecorator.java:138)
	at org.springframework.security.web.session.SessionManagementFilter.doFilter(SessionManagementFilter.java:131)
	at org.springframework.security.web.session.SessionManagementFilter.doFilter(SessionManagementFilter.java:85)
	at org.springframework.security.web.ObservationFilterChainDecorator$ObservationFilter.wrapFilter(ObservationFilterChainDecorator.java:241)
	at org.springframework.security.web.ObservationFilterChainDecorator$ObservationFilter.doFilter(ObservationFilterChainDecorator.java:228)
	at org.springframework.security.web.ObservationFilterChainDecorator$VirtualFilterChain.doFilter(ObservationFilterChainDecorator.java:138)
	at org.springframework.security.web.authentication.AnonymousAuthenticationFilter.doFilter(AnonymousAuthenticationFilter.java:100)
	at org.springframework.security.web.ObservationFilterChainDecorator$ObservationFilter.wrapFilter(ObservationFilterChainDecorator.java:241)
	at org.springframework.security.web.ObservationFilterChainDecorator$ObservationFilter.doFilter(ObservationFilterChainDecorator.java:228)
	at org.springframework.security.web.ObservationFilterChainDecorator$VirtualFilterChain.doFilter(ObservationFilterChainDecorator.java:138)
	at org.springframework.security.web.servletapi.SecurityContextHolderAwareRequestFilter.doFilter(SecurityContextHolderAwareRequestFilter.java:179)
	at org.springframework.security.web.ObservationFilterChainDecorator$ObservationFilter.wrapFilter(ObservationFilterChainDecorator.java:241)
	at org.springframework.security.web.ObservationFilterChainDecorator$ObservationFilter.doFilter(ObservationFilterChainDecorator.java:228)
	at org.springframework.security.web.ObservationFilterChainDecorator$VirtualFilterChain.doFilter(ObservationFilterChainDecorator.java:138)
	at org.springframework.security.web.savedrequest.RequestCacheAwareFilter.doFilter(RequestCacheAwareFilter.java:63)
	at org.springframework.security.web.ObservationFilterChainDecorator$ObservationFilter.wrapFilter(ObservationFilterChainDecorator.java:241)
	at org.springframework.security.web.ObservationFilterChainDecorator$ObservationFilter.doFilter(ObservationFilterChainDecorator.java:228)
	at org.springframework.security.web.ObservationFilterChainDecorator$VirtualFilterChain.doFilter(ObservationFilterChainDecorator.java:138)
	at com.app.oopsly.api.config.JwtAuthenticationFilter.doFilterInternal(JwtAuthenticationFilter.java:71)
	at org.springframework.web.filter.OncePerRequestFilter.doFilter(OncePerRequestFilter.java:116)
	at org.springframework.security.web.ObservationFilterChainDecorator$ObservationFilter.wrapFilter(ObservationFilterChainDecorator.java:241)
	at org.springframework.security.web.ObservationFilterChainDecorator$ObservationFilter.doFilter(ObservationFilterChainDecorator.java:228)
	at org.springframework.security.web.ObservationFilterChainDecorator$VirtualFilterChain.doFilter(ObservationFilterChainDecorator.java:138)
	at org.springframework.security.web.authentication.logout.LogoutFilter.doFilter(LogoutFilter.java:107)
	at org.springframework.security.web.authentication.logout.LogoutFilter.doFilter(LogoutFilter.java:93)
	at org.springframework.security.web.ObservationFilterChainDecorator$ObservationFilter.wrapFilter(ObservationFilterChainDecorator.java:241)
	at org.springframework.security.web.ObservationFilterChainDecorator$ObservationFilter.doFilter(ObservationFilterChainDecorator.java:228)
	at org.springframework.security.web.ObservationFilterChainDecorator$VirtualFilterChain.doFilter(ObservationFilterChainDecorator.java:138)
	at org.springframework.security.web.header.HeaderWriterFilter.doHeadersAfter(HeaderWriterFilter.java:90)
	at org.springframework.security.web.header.HeaderWriterFilter.doFilterInternal(HeaderWriterFilter.java:75)
	at org.springframework.web.filter.OncePerRequestFilter.doFilter(OncePerRequestFilter.java:116)
	at org.springframework.security.web.ObservationFilterChainDecorator$ObservationFilter.wrapFilter(ObservationFilterChainDecorator.java:241)
	at org.springframework.security.web.ObservationFilterChainDecorator$ObservationFilter.doFilter(ObservationFilterChainDecorator.java:228)
	at org.springframework.security.web.ObservationFilterChainDecorator$VirtualFilterChain.doFilter(ObservationFilterChainDecorator.java:138)
	at org.springframework.security.web.context.SecurityContextHolderFilter.doFilter(SecurityContextHolderFilter.java:82)
	at org.springframework.security.web.context.SecurityContextHolderFilter.doFilter(SecurityContextHolderFilter.java:69)
	at org.springframework.security.web.ObservationFilterChainDecorator$ObservationFilter.wrapFilter(ObservationFilterChainDecorator.java:241)
	at org.springframework.security.web.ObservationFilterChainDecorator$ObservationFilter.doFilter(ObservationFilterChainDecorator.java:228)
	at org.springframework.security.web.ObservationFilterChainDecorator$VirtualFilterChain.doFilter(ObservationFilterChainDecorator.java:138)
	at org.springframework.security.web.context.request.async.WebAsyncManagerIntegrationFilter.doFilterInternal(WebAsyncManagerIntegrationFilter.java:62)
	at org.springframework.web.filter.OncePerRequestFilter.doFilter(OncePerRequestFilter.java:116)
	at org.springframework.security.web.ObservationFilterChainDecorator$ObservationFilter.wrapFilter(ObservationFilterChainDecorator.java:241)
	at org.springframework.security.web.ObservationFilterChainDecorator$ObservationFilter.doFilter(ObservationFilterChainDecorator.java:228)
	at org.springframework.security.web.ObservationFilterChainDecorator$VirtualFilterChain.doFilter(ObservationFilterChainDecorator.java:138)
	at org.springframework.security.web.session.DisableEncodeUrlFilter.doFilterInternal(DisableEncodeUrlFilter.java:42)
	at org.springframework.web.filter.OncePerRequestFilter.doFilter(OncePerRequestFilter.java:116)
	at org.springframework.security.web.ObservationFilterChainDecorator$ObservationFilter.wrapFilter(ObservationFilterChainDecorator.java:241)
	at org.springframework.security.web.ObservationFilterChainDecorator$AroundFilterObservation$SimpleAroundFilterObservation.lambda$wrap$0(ObservationFilterChainDecorator.java:334)
	at org.springframework.security.web.ObservationFilterChainDecorator$ObservationFilter.doFilter(ObservationFilterChainDecorator.java:225)
	at org.springframework.security.web.ObservationFilterChainDecorator$VirtualFilterChain.doFilter(ObservationFilterChainDecorator.java:138)
	at org.springframework.security.web.FilterChainProxy.doFilterInternal(FilterChainProxy.java:233)
	at org.springframework.security.web.FilterChainProxy.doFilter(FilterChainProxy.java:191)
	at org.springframework.web.filter.CompositeFilter$VirtualFilterChain.doFilter(CompositeFilter.java:113)
	at org.springframework.web.filter.ServletRequestPathFilter.doFilter(ServletRequestPathFilter.java:52)
	at org.springframework.web.filter.CompositeFilter$VirtualFilterChain.doFilter(CompositeFilter.java:113)
	at org.springframework.web.filter.CompositeFilter.doFilter(CompositeFilter.java:74)
	at org.springframework.security.config.annotation.web.configuration.WebSecurityConfiguration$CompositeFilterChainProxy.doFilter(WebSecurityConfiguration.java:319)
	at org.springframework.web.filter.CompositeFilter$VirtualFilterChain.doFilter(CompositeFilter.java:113)
	at org.springframework.web.servlet.handler.HandlerMappingIntrospector.lambda$createCacheFilter$4(HandlerMappingIntrospector.java:267)
	at org.springframework.web.filter.CompositeFilter$VirtualFilterChain.doFilter(CompositeFilter.java:113)
	at org.springframework.web.filter.CompositeFilter.doFilter(CompositeFilter.java:74)
	at org.springframework.security.config.annotation.web.configuration.WebMvcSecurityConfiguration$CompositeFilterChainProxy.doFilter(WebMvcSecurityConfiguration.java:240)
	at org.springframework.web.filter.DelegatingFilterProxy.invokeDelegate(DelegatingFilterProxy.java:362)
	at org.springframework.web.filter.DelegatingFilterProxy.doFilter(DelegatingFilterProxy.java:278)
	at org.apache.catalina.core.ApplicationFilterChain.internalDoFilter(ApplicationFilterChain.java:162)
	at org.apache.catalina.core.ApplicationFilterChain.doFilter(ApplicationFilterChain.java:138)
	at org.springframework.web.filter.RequestContextFilter.doFilterInternal(RequestContextFilter.java:100)
	at org.springframework.web.filter.OncePerRequestFilter.doFilter(OncePerRequestFilter.java:116)
	at org.apache.catalina.core.ApplicationFilterChain.internalDoFilter(ApplicationFilterChain.java:162)
	at org.apache.catalina.core.ApplicationFilterChain.doFilter(ApplicationFilterChain.java:138)
	at org.springframework.web.filter.FormContentFilter.doFilterInternal(FormContentFilter.java:93)
	at org.springframework.web.filter.OncePerRequestFilter.doFilter(OncePerRequestFilter.java:116)
	at org.apache.catalina.core.ApplicationFilterChain.internalDoFilter(ApplicationFilterChain.java:162)
	at org.apache.catalina.core.ApplicationFilterChain.doFilter(ApplicationFilterChain.java:138)
	at org.springframework.web.filter.ServerHttpObservationFilter.doFilterInternal(ServerHttpObservationFilter.java:110)
	at org.springframework.web.filter.OncePerRequestFilter.doFilter(OncePerRequestFilter.java:116)
	at org.apache.catalina.core.ApplicationFilterChain.internalDoFilter(ApplicationFilterChain.java:162)
	at org.apache.catalina.core.ApplicationFilterChain.doFilter(ApplicationFilterChain.java:138)
	at org.springframework.web.filter.CharacterEncodingFilter.doFilterInternal(CharacterEncodingFilter.java:201)
	at org.springframework.web.filter.OncePerRequestFilter.doFilter(OncePerRequestFilter.java:116)
	at org.apache.catalina.core.ApplicationFilterChain.internalDoFilter(ApplicationFilterChain.java:162)
	at org.apache.catalina.core.ApplicationFilterChain.doFilter(ApplicationFilterChain.java:138)
	at org.apache.catalina.core.StandardWrapperValve.invoke(StandardWrapperValve.java:165)
	at org.apache.catalina.core.StandardContextValve.invoke(StandardContextValve.java:88)
	at org.apache.catalina.authenticator.AuthenticatorBase.invoke(AuthenticatorBase.java:482)
	at org.apache.catalina.core.StandardHostValve.invoke(StandardHostValve.java:113)
	at org.apache.catalina.valves.ErrorReportValve.invoke(ErrorReportValve.java:83)
	at org.apache.catalina.core.StandardEngineValve.invoke(StandardEngineValve.java:72)
	at org.apache.catalina.connector.CoyoteAdapter.service(CoyoteAdapter.java:342)
	at org.apache.coyote.http11.Http11Processor.service(Http11Processor.java:399)
	at org.apache.coyote.AbstractProcessorLight.process(AbstractProcessorLight.java:63)
	at org.apache.coyote.AbstractProtocol$ConnectionHandler.process(AbstractProtocol.java:903)
	at org.apache.tomcat.util.net.NioEndpoint$SocketProcessor.doRun(NioEndpoint.java:1774)
	at org.apache.tomcat.util.net.SocketProcessorBase.run(SocketProcessorBase.java:52)
	at java.base/java.lang.VirtualThread.run(VirtualThread.java:329)
Caused by: java.lang.IllegalArgumentException: Invalid UUID string: undefined
	at java.base/java.util.UUID.fromString1(UUID.java:282)
	at java.base/java.util.UUID.fromString(UUID.java:260)
	at org.springframework.beans.propertyeditors.UUIDEditor.setAsText(UUIDEditor.java:37)
	at org.springframework.beans.TypeConverterDelegate.doConvertTextValue(TypeConverterDelegate.java:439)
	at org.springframework.beans.TypeConverterDelegate.doConvertValue(TypeConverterDelegate.java:412)
	at org.springframework.beans.TypeConverterDelegate.convertIfNecessary(TypeConverterDelegate.java:161)
	at org.springframework.beans.TypeConverterSupport.convertIfNecessary(TypeConverterSupport.java:80)
	at org.springframework.beans.TypeConverterSupport.convertIfNecessary(TypeConverterSupport.java:53)
	at org.springframework.validation.DataBinder.convertIfNecessary(DataBinder.java:867)
	at org.springframework.web.method.annotation.AbstractNamedValueMethodArgumentResolver.convertIfNecessary(AbstractNamedValueMethodArgumentResolver.java:293)
	... 136 common frames omitted
2026-01-30 19:59:50,091 [34mINFO [0;39m [[34mtomcat-handler-21[0;39m] [33m[XID:awebk7bavem2mp][0;39m [32mc.a.oopsly.api.config.LoggingConfig[0;39m - Request: GET /api/v1/oopsly/shelves/7f000101-9bf3-1319-819b-f35c75e60002/subjects/undefined | Status: 500 | 6 ms
2026-01-30 19:59:50,095 [34mINFO [0;39m [[34mtomcat-handler-22[0;39m] [33m[XID:][0;39m [32mc.a.o.a.c.JwtAuthenticationFilter[0;39m - Filtering request: /api/v1/oopsly/shelves/7f000101-9bf3-1319-819b-f35c54120001/subjects/7f000101-9bf3-1319-819b-f35c75e60002/cards
2026-01-30 19:59:50,095 [31mWARN [0;39m [[34mtomcat-handler-22[0;39m] [33m[XID:][0;39m [32mc.a.o.a.c.JwtAuthenticationFilter[0;39m - Authorization header not present
2026-01-30 19:59:50,101 [34mINFO [0;39m [[34mtomcat-handler-22[0;39m] [33m[XID:2ce6d8fa-0d54-4ae3-b19a-0c4e2cd412a0][0;39m [32mc.a.oopsly.api.config.LoggingConfig[0;39m - Request: OPTIONS /api/v1/oopsly/shelves/7f000101-9bf3-1319-819b-f35c54120001/subjects/7f000101-9bf3-1319-819b-f35c75e60002/cards | Status: 200 | 5 ms
2026-01-30 19:59:50,106 [34mINFO [0;39m [[34mtomcat-handler-23[0;39m] [33m[XID:][0;39m [32mc.a.o.a.c.JwtAuthenticationFilter[0;39m - Filtering request: /api/v1/oopsly/shelves/7f000101-9bf3-1319-819b-f35c54120001/subjects/7f000101-9bf3-1319-819b-f35c75e60002/cards
2026-01-30 19:59:50,106 [34mINFO [0;39m [[34mtomcat-handler-23[0;39m] [33m[XID:][0;39m [32mc.a.o.a.c.JwtAuthenticationFilter[0;39m - Attempting to authenticate using jwt
2026-01-30 19:59:50,108 [34mINFO [0;39m [[34mtomcat-handler-23[0;39m] [33m[XID:][0;39m [32mc.a.o.a.c.JwtAuthenticationFilter[0;39m - User 7f000101-9bf3-1319-819b-f35c1d640000 authenticated with role USER
2026-01-30 19:59:50,111 [34mINFO [0;39m [[34mtomcat-handler-23[0;39m] [33m[XID:awebjxk70x9rkuf][0;39m [32mc.a.o.api.controller.CardController[0;39m - Getting all cards for subject: 7f000101-9bf3-1319-819b-f35c75e60002 in shelve: 7f000101-9bf3-1319-819b-f35c54120001 with page: 0 and size: 1000
2026-01-30 19:59:50,111 [34mINFO [0;39m [[34mtomcat-handler-20[0;39m] [33m[XID:aweb9r44au7yxm][0;39m [32mc.a.oopsly.api.config.LoggingConfig[0;39m - Request: GET /api/v1/oopsly/shelves | Status: 200 | 27 ms
2026-01-30 19:59:50,111 [34mINFO [0;39m [[34mtomcat-handler-23[0;39m] [33m[XID:awebjxk70x9rkuf][0;39m [32mc.a.o.a.service.impl.CardServiceImpl[0;39m - Getting all cards for subject: 7f000101-9bf3-1319-819b-f35c75e60002 in shelve: 7f000101-9bf3-1319-819b-f35c54120001 with page: 0 and size: 1000
2026-01-30 19:59:50,120 [34mINFO [0;39m [[34mtomcat-handler-23[0;39m] [33m[XID:awebjxk70x9rkuf][0;39m [32mc.a.o.a.service.impl.CardServiceImpl[0;39m - Successfully retrieved 0 cards for subject: 7f000101-9bf3-1319-819b-f35c75e60002 (total: 0)
2026-01-30 19:59:50,122 [34mINFO [0;39m [[34mtomcat-handler-23[0;39m] [33m[XID:awebjxk70x9rkuf][0;39m [32mc.a.oopsly.api.config.LoggingConfig[0;39m - Request: GET /api/v1/oopsly/shelves/7f000101-9bf3-1319-819b-f35c54120001/subjects/7f000101-9bf3-1319-819b-f35c75e60002/cards | Status: 200 | 13 ms
2026-01-30 19:59:52,984 [34mINFO [0;39m [[34mtomcat-handler-24[0;39m] [33m[XID:][0;39m [32mc.a.o.a.c.JwtAuthenticationFilter[0;39m - Filtering request: /api/v1/oopsly/shelves
2026-01-30 19:59:52,984 [34mINFO [0;39m [[34mtomcat-handler-25[0;39m] [33m[XID:][0;39m [32mc.a.o.a.c.JwtAuthenticationFilter[0;39m - Filtering request: /api/v1/oopsly/shelves/7f000101-9bf3-1319-819b-f35c75e60002/subjects/undefined
2026-01-30 19:59:52,984 [34mINFO [0;39m [[34mtomcat-handler-24[0;39m] [33m[XID:][0;39m [32mc.a.o.a.c.JwtAuthenticationFilter[0;39m - Attempting to authenticate using jwt
2026-01-30 19:59:52,984 [34mINFO [0;39m [[34mtomcat-handler-25[0;39m] [33m[XID:][0;39m [32mc.a.o.a.c.JwtAuthenticationFilter[0;39m - Attempting to authenticate using jwt
2026-01-30 19:59:52,986 [34mINFO [0;39m [[34mtomcat-handler-24[0;39m] [33m[XID:][0;39m [32mc.a.o.a.c.JwtAuthenticationFilter[0;39m - User 7f000101-9bf3-1319-819b-f35c1d640000 authenticated with role USER
2026-01-30 19:59:52,986 [34mINFO [0;39m [[34mtomcat-handler-25[0;39m] [33m[XID:][0;39m [32mc.a.o.a.c.JwtAuthenticationFilter[0;39m - User 7f000101-9bf3-1319-819b-f35c1d640000 authenticated with role USER
2026-01-30 19:59:52,989 [34mINFO [0;39m [[34mtomcat-handler-24[0;39m] [33m[XID:awebc7fr3d3q7et][0;39m [32mc.a.o.a.s.impl.ShelfServiceImpl[0;39m - Retrieving current user info from UserService
2026-01-30 19:59:52,989 [1;31mERROR[0;39m [[34mtomcat-handler-25[0;39m] [33m[XID:aweb9vmy55oaahl][0;39m [32mc.a.o.a.e.GlobalExceptionHandler[0;39m - Generic internal server error: Method parameter 'id': Failed to convert value of type 'java.lang.String' to required type 'java.util.UUID'; Invalid UUID string: undefined
org.springframework.web.method.annotation.MethodArgumentTypeMismatchException: Method parameter 'id': Failed to convert value of type 'java.lang.String' to required type 'java.util.UUID'; Invalid UUID string: undefined
	at org.springframework.web.method.annotation.AbstractNamedValueMethodArgumentResolver.convertIfNecessary(AbstractNamedValueMethodArgumentResolver.java:301)
	at org.springframework.web.method.annotation.AbstractNamedValueMethodArgumentResolver.resolveArgument(AbstractNamedValueMethodArgumentResolver.java:136)
	at org.springframework.web.method.support.HandlerMethodArgumentResolverComposite.resolveArgument(HandlerMethodArgumentResolverComposite.java:122)
	at org.springframework.web.method.support.InvocableHandlerMethod.getMethodArgumentValues(InvocableHandlerMethod.java:227)
	at org.springframework.web.method.support.InvocableHandlerMethod.invokeForRequest(InvocableHandlerMethod.java:181)
	at org.springframework.web.servlet.mvc.method.annotation.ServletInvocableHandlerMethod.invokeAndHandle(ServletInvocableHandlerMethod.java:118)
	at org.springframework.web.servlet.mvc.method.annotation.RequestMappingHandlerAdapter.invokeHandlerMethod(RequestMappingHandlerAdapter.java:991)
	at org.springframework.web.servlet.mvc.method.annotation.RequestMappingHandlerAdapter.handleInternal(RequestMappingHandlerAdapter.java:896)
	at org.springframework.web.servlet.mvc.method.AbstractHandlerMethodAdapter.handle(AbstractHandlerMethodAdapter.java:87)
	at org.springframework.web.servlet.DispatcherServlet.doDispatch(DispatcherServlet.java:1089)
	at org.springframework.web.servlet.DispatcherServlet.doService(DispatcherServlet.java:979)
	at org.springframework.web.servlet.FrameworkServlet.processRequest(FrameworkServlet.java:1014)
	at org.springframework.web.servlet.FrameworkServlet.doGet(FrameworkServlet.java:903)
	at jakarta.servlet.http.HttpServlet.service(HttpServlet.java:564)
	at org.springframework.web.servlet.FrameworkServlet.service(FrameworkServlet.java:885)
	at jakarta.servlet.http.HttpServlet.service(HttpServlet.java:658)
	at org.apache.catalina.core.ApplicationFilterChain.internalDoFilter(ApplicationFilterChain.java:193)
	at org.apache.catalina.core.ApplicationFilterChain.doFilter(ApplicationFilterChain.java:138)
	at org.apache.tomcat.websocket.server.WsFilter.doFilter(WsFilter.java:51)
	at org.apache.catalina.core.ApplicationFilterChain.internalDoFilter(ApplicationFilterChain.java:162)
	at org.apache.catalina.core.ApplicationFilterChain.doFilter(ApplicationFilterChain.java:138)
	at com.app.oopsly.api.config.LoggingConfig.doFilter(LoggingConfig.java:57)
	at org.apache.catalina.core.ApplicationFilterChain.internalDoFilter(ApplicationFilterChain.java:162)
	at org.apache.catalina.core.ApplicationFilterChain.doFilter(ApplicationFilterChain.java:138)
	at org.springframework.web.filter.OncePerRequestFilter.doFilter(OncePerRequestFilter.java:110)
	at org.apache.catalina.core.ApplicationFilterChain.internalDoFilter(ApplicationFilterChain.java:162)
	at org.apache.catalina.core.ApplicationFilterChain.doFilter(ApplicationFilterChain.java:138)
	at org.springframework.web.filter.CompositeFilter$VirtualFilterChain.doFilter(CompositeFilter.java:108)
	at org.springframework.web.filter.CompositeFilter$VirtualFilterChain.doFilter(CompositeFilter.java:108)
	at org.springframework.security.web.FilterChainProxy.lambda$doFilterInternal$3(FilterChainProxy.java:231)
	at org.springframework.security.web.ObservationFilterChainDecorator$FilterObservation$SimpleFilterObservation.lambda$wrap$1(ObservationFilterChainDecorator.java:490)
	at org.springframework.security.web.ObservationFilterChainDecorator$AroundFilterObservation$SimpleAroundFilterObservation.lambda$wrap$1(ObservationFilterChainDecorator.java:351)
	at org.springframework.security.web.ObservationFilterChainDecorator.lambda$wrapSecured$0(ObservationFilterChainDecorator.java:83)
	at org.springframework.security.web.ObservationFilterChainDecorator$VirtualFilterChain.doFilter(ObservationFilterChainDecorator.java:129)
	at org.springframework.security.web.access.intercept.AuthorizationFilter.doFilter(AuthorizationFilter.java:101)
	at org.springframework.security.web.ObservationFilterChainDecorator$ObservationFilter.wrapFilter(ObservationFilterChainDecorator.java:241)
	at org.springframework.security.web.ObservationFilterChainDecorator$ObservationFilter.doFilter(ObservationFilterChainDecorator.java:228)
	at org.springframework.security.web.ObservationFilterChainDecorator$VirtualFilterChain.doFilter(ObservationFilterChainDecorator.java:138)
	at org.springframework.security.web.access.ExceptionTranslationFilter.doFilter(ExceptionTranslationFilter.java:125)
	at org.springframework.security.web.access.ExceptionTranslationFilter.doFilter(ExceptionTranslationFilter.java:119)
	at org.springframework.security.web.ObservationFilterChainDecorator$ObservationFilter.wrapFilter(ObservationFilterChainDecorator.java:241)
	at org.springframework.security.web.ObservationFilterChainDecorator$ObservationFilter.doFilter(ObservationFilterChainDecorator.java:228)
	at org.springframework.security.web.ObservationFilterChainDecorator$VirtualFilterChain.doFilter(ObservationFilterChainDecorator.java:138)
	at org.springframework.security.web.session.SessionManagementFilter.doFilter(SessionManagementFilter.java:131)
	at org.springframework.security.web.session.SessionManagementFilter.doFilter(SessionManagementFilter.java:85)
	at org.springframework.security.web.ObservationFilterChainDecorator$ObservationFilter.wrapFilter(ObservationFilterChainDecorator.java:241)
	at org.springframework.security.web.ObservationFilterChainDecorator$ObservationFilter.doFilter(ObservationFilterChainDecorator.java:228)
	at org.springframework.security.web.ObservationFilterChainDecorator$VirtualFilterChain.doFilter(ObservationFilterChainDecorator.java:138)
	at org.springframework.security.web.authentication.AnonymousAuthenticationFilter.doFilter(AnonymousAuthenticationFilter.java:100)
	at org.springframework.security.web.ObservationFilterChainDecorator$ObservationFilter.wrapFilter(ObservationFilterChainDecorator.java:241)
	at org.springframework.security.web.ObservationFilterChainDecorator$ObservationFilter.doFilter(ObservationFilterChainDecorator.java:228)
	at org.springframework.security.web.ObservationFilterChainDecorator$VirtualFilterChain.doFilter(ObservationFilterChainDecorator.java:138)
	at org.springframework.security.web.servletapi.SecurityContextHolderAwareRequestFilter.doFilter(SecurityContextHolderAwareRequestFilter.java:179)
	at org.springframework.security.web.ObservationFilterChainDecorator$ObservationFilter.wrapFilter(ObservationFilterChainDecorator.java:241)
	at org.springframework.security.web.ObservationFilterChainDecorator$ObservationFilter.doFilter(ObservationFilterChainDecorator.java:228)
	at org.springframework.security.web.ObservationFilterChainDecorator$VirtualFilterChain.doFilter(ObservationFilterChainDecorator.java:138)
	at org.springframework.security.web.savedrequest.RequestCacheAwareFilter.doFilter(RequestCacheAwareFilter.java:63)
	at org.springframework.security.web.ObservationFilterChainDecorator$ObservationFilter.wrapFilter(ObservationFilterChainDecorator.java:241)
	at org.springframework.security.web.ObservationFilterChainDecorator$ObservationFilter.doFilter(ObservationFilterChainDecorator.java:228)
	at org.springframework.security.web.ObservationFilterChainDecorator$VirtualFilterChain.doFilter(ObservationFilterChainDecorator.java:138)
	at com.app.oopsly.api.config.JwtAuthenticationFilter.doFilterInternal(JwtAuthenticationFilter.java:71)
	at org.springframework.web.filter.OncePerRequestFilter.doFilter(OncePerRequestFilter.java:116)
	at org.springframework.security.web.ObservationFilterChainDecorator$ObservationFilter.wrapFilter(ObservationFilterChainDecorator.java:241)
	at org.springframework.security.web.ObservationFilterChainDecorator$ObservationFilter.doFilter(ObservationFilterChainDecorator.java:228)
	at org.springframework.security.web.ObservationFilterChainDecorator$VirtualFilterChain.doFilter(ObservationFilterChainDecorator.java:138)
	at org.springframework.security.web.authentication.logout.LogoutFilter.doFilter(LogoutFilter.java:107)
	at org.springframework.security.web.authentication.logout.LogoutFilter.doFilter(LogoutFilter.java:93)
	at org.springframework.security.web.ObservationFilterChainDecorator$ObservationFilter.wrapFilter(ObservationFilterChainDecorator.java:241)
	at org.springframework.security.web.ObservationFilterChainDecorator$ObservationFilter.doFilter(ObservationFilterChainDecorator.java:228)
	at org.springframework.security.web.ObservationFilterChainDecorator$VirtualFilterChain.doFilter(ObservationFilterChainDecorator.java:138)
	at org.springframework.security.web.header.HeaderWriterFilter.doHeadersAfter(HeaderWriterFilter.java:90)
	at org.springframework.security.web.header.HeaderWriterFilter.doFilterInternal(HeaderWriterFilter.java:75)
	at org.springframework.web.filter.OncePerRequestFilter.doFilter(OncePerRequestFilter.java:116)
	at org.springframework.security.web.ObservationFilterChainDecorator$ObservationFilter.wrapFilter(ObservationFilterChainDecorator.java:241)
	at org.springframework.security.web.ObservationFilterChainDecorator$ObservationFilter.doFilter(ObservationFilterChainDecorator.java:228)
	at org.springframework.security.web.ObservationFilterChainDecorator$VirtualFilterChain.doFilter(ObservationFilterChainDecorator.java:138)
	at org.springframework.security.web.context.SecurityContextHolderFilter.doFilter(SecurityContextHolderFilter.java:82)
	at org.springframework.security.web.context.SecurityContextHolderFilter.doFilter(SecurityContextHolderFilter.java:69)
	at org.springframework.security.web.ObservationFilterChainDecorator$ObservationFilter.wrapFilter(ObservationFilterChainDecorator.java:241)
	at org.springframework.security.web.ObservationFilterChainDecorator$ObservationFilter.doFilter(ObservationFilterChainDecorator.java:228)
	at org.springframework.security.web.ObservationFilterChainDecorator$VirtualFilterChain.doFilter(ObservationFilterChainDecorator.java:138)
	at org.springframework.security.web.context.request.async.WebAsyncManagerIntegrationFilter.doFilterInternal(WebAsyncManagerIntegrationFilter.java:62)
	at org.springframework.web.filter.OncePerRequestFilter.doFilter(OncePerRequestFilter.java:116)
	at org.springframework.security.web.ObservationFilterChainDecorator$ObservationFilter.wrapFilter(ObservationFilterChainDecorator.java:241)
	at org.springframework.security.web.ObservationFilterChainDecorator$ObservationFilter.doFilter(ObservationFilterChainDecorator.java:228)
	at org.springframework.security.web.ObservationFilterChainDecorator$VirtualFilterChain.doFilter(ObservationFilterChainDecorator.java:138)
	at org.springframework.security.web.session.DisableEncodeUrlFilter.doFilterInternal(DisableEncodeUrlFilter.java:42)
	at org.springframework.web.filter.OncePerRequestFilter.doFilter(OncePerRequestFilter.java:116)
	at org.springframework.security.web.ObservationFilterChainDecorator$ObservationFilter.wrapFilter(ObservationFilterChainDecorator.java:241)
	at org.springframework.security.web.ObservationFilterChainDecorator$AroundFilterObservation$SimpleAroundFilterObservation.lambda$wrap$0(ObservationFilterChainDecorator.java:334)
	at org.springframework.security.web.ObservationFilterChainDecorator$ObservationFilter.doFilter(ObservationFilterChainDecorator.java:225)
	at org.springframework.security.web.ObservationFilterChainDecorator$VirtualFilterChain.doFilter(ObservationFilterChainDecorator.java:138)
	at org.springframework.security.web.FilterChainProxy.doFilterInternal(FilterChainProxy.java:233)
	at org.springframework.security.web.FilterChainProxy.doFilter(FilterChainProxy.java:191)
	at org.springframework.web.filter.CompositeFilter$VirtualFilterChain.doFilter(CompositeFilter.java:113)
	at org.springframework.web.filter.ServletRequestPathFilter.doFilter(ServletRequestPathFilter.java:52)
	at org.springframework.web.filter.CompositeFilter$VirtualFilterChain.doFilter(CompositeFilter.java:113)
	at org.springframework.web.filter.CompositeFilter.doFilter(CompositeFilter.java:74)
	at org.springframework.security.config.annotation.web.configuration.WebSecurityConfiguration$CompositeFilterChainProxy.doFilter(WebSecurityConfiguration.java:319)
	at org.springframework.web.filter.CompositeFilter$VirtualFilterChain.doFilter(CompositeFilter.java:113)
	at org.springframework.web.servlet.handler.HandlerMappingIntrospector.lambda$createCacheFilter$4(HandlerMappingIntrospector.java:267)
	at org.springframework.web.filter.CompositeFilter$VirtualFilterChain.doFilter(CompositeFilter.java:113)
	at org.springframework.web.filter.CompositeFilter.doFilter(CompositeFilter.java:74)
	at org.springframework.security.config.annotation.web.configuration.WebMvcSecurityConfiguration$CompositeFilterChainProxy.doFilter(WebMvcSecurityConfiguration.java:240)
	at org.springframework.web.filter.DelegatingFilterProxy.invokeDelegate(DelegatingFilterProxy.java:362)
	at org.springframework.web.filter.DelegatingFilterProxy.doFilter(DelegatingFilterProxy.java:278)
	at org.apache.catalina.core.ApplicationFilterChain.internalDoFilter(ApplicationFilterChain.java:162)
	at org.apache.catalina.core.ApplicationFilterChain.doFilter(ApplicationFilterChain.java:138)
	at org.springframework.web.filter.RequestContextFilter.doFilterInternal(RequestContextFilter.java:100)
	at org.springframework.web.filter.OncePerRequestFilter.doFilter(OncePerRequestFilter.java:116)
	at org.apache.catalina.core.ApplicationFilterChain.internalDoFilter(ApplicationFilterChain.java:162)
	at org.apache.catalina.core.ApplicationFilterChain.doFilter(ApplicationFilterChain.java:138)
	at org.springframework.web.filter.FormContentFilter.doFilterInternal(FormContentFilter.java:93)
	at org.springframework.web.filter.OncePerRequestFilter.doFilter(OncePerRequestFilter.java:116)
	at org.apache.catalina.core.ApplicationFilterChain.internalDoFilter(ApplicationFilterChain.java:162)
	at org.apache.catalina.core.ApplicationFilterChain.doFilter(ApplicationFilterChain.java:138)
	at org.springframework.web.filter.ServerHttpObservationFilter.doFilterInternal(ServerHttpObservationFilter.java:110)
	at org.springframework.web.filter.OncePerRequestFilter.doFilter(OncePerRequestFilter.java:116)
	at org.apache.catalina.core.ApplicationFilterChain.internalDoFilter(ApplicationFilterChain.java:162)
	at org.apache.catalina.core.ApplicationFilterChain.doFilter(ApplicationFilterChain.java:138)
	at org.springframework.web.filter.CharacterEncodingFilter.doFilterInternal(CharacterEncodingFilter.java:201)
	at org.springframework.web.filter.OncePerRequestFilter.doFilter(OncePerRequestFilter.java:116)
	at org.apache.catalina.core.ApplicationFilterChain.internalDoFilter(ApplicationFilterChain.java:162)
	at org.apache.catalina.core.ApplicationFilterChain.doFilter(ApplicationFilterChain.java:138)
	at org.apache.catalina.core.StandardWrapperValve.invoke(StandardWrapperValve.java:165)
	at org.apache.catalina.core.StandardContextValve.invoke(StandardContextValve.java:88)
	at org.apache.catalina.authenticator.AuthenticatorBase.invoke(AuthenticatorBase.java:482)
	at org.apache.catalina.core.StandardHostValve.invoke(StandardHostValve.java:113)
	at org.apache.catalina.valves.ErrorReportValve.invoke(ErrorReportValve.java:83)
	at org.apache.catalina.core.StandardEngineValve.invoke(StandardEngineValve.java:72)
	at org.apache.catalina.connector.CoyoteAdapter.service(CoyoteAdapter.java:342)
	at org.apache.coyote.http11.Http11Processor.service(Http11Processor.java:399)
	at org.apache.coyote.AbstractProcessorLight.process(AbstractProcessorLight.java:63)
	at org.apache.coyote.AbstractProtocol$ConnectionHandler.process(AbstractProtocol.java:903)
	at org.apache.tomcat.util.net.NioEndpoint$SocketProcessor.doRun(NioEndpoint.java:1774)
	at org.apache.tomcat.util.net.SocketProcessorBase.run(SocketProcessorBase.java:52)
	at java.base/java.lang.VirtualThread.run(VirtualThread.java:329)
Caused by: java.lang.IllegalArgumentException: Invalid UUID string: undefined
	at java.base/java.util.UUID.fromString1(UUID.java:282)
	at java.base/java.util.UUID.fromString(UUID.java:260)
	at org.springframework.beans.propertyeditors.UUIDEditor.setAsText(UUIDEditor.java:37)
	at org.springframework.beans.TypeConverterDelegate.doConvertTextValue(TypeConverterDelegate.java:439)
	at org.springframework.beans.TypeConverterDelegate.doConvertValue(TypeConverterDelegate.java:412)
	at org.springframework.beans.TypeConverterDelegate.convertIfNecessary(TypeConverterDelegate.java:161)
	at org.springframework.beans.TypeConverterSupport.convertIfNecessary(TypeConverterSupport.java:80)
	at org.springframework.beans.TypeConverterSupport.convertIfNecessary(TypeConverterSupport.java:53)
	at org.springframework.validation.DataBinder.convertIfNecessary(DataBinder.java:867)
	at org.springframework.web.method.annotation.AbstractNamedValueMethodArgumentResolver.convertIfNecessary(AbstractNamedValueMethodArgumentResolver.java:293)
	... 136 common frames omitted
2026-01-30 19:59:52,990 [34mINFO [0;39m [[34mtomcat-handler-24[0;39m] [33m[XID:awebc7fr3d3q7et][0;39m [32mc.a.o.a.s.impl.ShelfServiceImpl[0;39m - Fetching shelves page 0 size 100 for user 7f000101-9bf3-1319-819b-f35c1d640000
2026-01-30 19:59:52,990 [34mINFO [0;39m [[34mtomcat-handler-24[0;39m] [33m[XID:awebc7fr3d3q7et][0;39m [32mc.a.o.a.s.impl.ShelfServiceImpl[0;39m - Retrieving current user info from UserService
2026-01-30 19:59:52,991 [34mINFO [0;39m [[34mtomcat-handler-25[0;39m] [33m[XID:aweb9vmy55oaahl][0;39m [32mc.a.oopsly.api.config.LoggingConfig[0;39m - Request: GET /api/v1/oopsly/shelves/7f000101-9bf3-1319-819b-f35c75e60002/subjects/undefined | Status: 500 | 4 ms
2026-01-30 19:59:52,992 [34mINFO [0;39m [[34mtomcat-handler-26[0;39m] [33m[XID:][0;39m [32mc.a.o.a.c.JwtAuthenticationFilter[0;39m - Filtering request: /api/v1/oopsly/shelves/7f000101-9bf3-1319-819b-f35c54120001/subjects/7f000101-9bf3-1319-819b-f35c75e60002/cards
2026-01-30 19:59:52,992 [34mINFO [0;39m [[34mtomcat-handler-26[0;39m] [33m[XID:][0;39m [32mc.a.o.a.c.JwtAuthenticationFilter[0;39m - Attempting to authenticate using jwt
2026-01-30 19:59:52,998 [34mINFO [0;39m [[34mtomcat-handler-26[0;39m] [33m[XID:][0;39m [32mc.a.o.a.c.JwtAuthenticationFilter[0;39m - User 7f000101-9bf3-1319-819b-f35c1d640000 authenticated with role USER
2026-01-30 19:59:53,002 [34mINFO [0;39m [[34mtomcat-handler-26[0;39m] [33m[XID:awebsa198iigck][0;39m [32mc.a.o.api.controller.CardController[0;39m - Getting all cards for subject: 7f000101-9bf3-1319-819b-f35c75e60002 in shelve: 7f000101-9bf3-1319-819b-f35c54120001 with page: 0 and size: 1000
2026-01-30 19:59:53,003 [34mINFO [0;39m [[34mtomcat-handler-26[0;39m] [33m[XID:awebsa198iigck][0;39m [32mc.a.o.a.service.impl.CardServiceImpl[0;39m - Getting all cards for subject: 7f000101-9bf3-1319-819b-f35c75e60002 in shelve: 7f000101-9bf3-1319-819b-f35c54120001 with page: 0 and size: 1000
2026-01-30 19:59:53,022 [34mINFO [0;39m [[34mtomcat-handler-26[0;39m] [33m[XID:awebsa198iigck][0;39m [32mc.a.o.a.service.impl.CardServiceImpl[0;39m - Successfully retrieved 0 cards for subject: 7f000101-9bf3-1319-819b-f35c75e60002 (total: 0)
2026-01-30 19:59:53,024 [34mINFO [0;39m [[34mtomcat-handler-26[0;39m] [33m[XID:awebsa198iigck][0;39m [32mc.a.oopsly.api.config.LoggingConfig[0;39m - Request: GET /api/v1/oopsly/shelves/7f000101-9bf3-1319-819b-f35c54120001/subjects/7f000101-9bf3-1319-819b-f35c75e60002/cards | Status: 200 | 24 ms
2026-01-30 19:59:53,025 [34mINFO [0;39m [[34mtomcat-handler-24[0;39m] [33m[XID:awebc7fr3d3q7et][0;39m [32mc.a.oopsly.api.config.LoggingConfig[0;39m - Request: GET /api/v1/oopsly/shelves | Status: 200 | 38 ms
2026-01-30 19:59:53,977 [34mINFO [0;39m [[34mtomcat-handler-27[0;39m] [33m[XID:][0;39m [32mc.a.o.a.c.JwtAuthenticationFilter[0;39m - Filtering request: /api/v1/oopsly/shelves
2026-01-30 19:59:53,978 [34mINFO [0;39m [[34mtomcat-handler-27[0;39m] [33m[XID:][0;39m [32mc.a.o.a.c.JwtAuthenticationFilter[0;39m - Attempting to authenticate using jwt
2026-01-30 19:59:53,979 [34mINFO [0;39m [[34mtomcat-handler-28[0;39m] [33m[XID:][0;39m [32mc.a.o.a.c.JwtAuthenticationFilter[0;39m - Filtering request: /api/v1/oopsly/shelves/7f000101-9bf3-1319-819b-f35c75e60002/subjects/undefined
2026-01-30 19:59:53,979 [34mINFO [0;39m [[34mtomcat-handler-28[0;39m] [33m[XID:][0;39m [32mc.a.o.a.c.JwtAuthenticationFilter[0;39m - Attempting to authenticate using jwt
2026-01-30 19:59:53,980 [34mINFO [0;39m [[34mtomcat-handler-27[0;39m] [33m[XID:][0;39m [32mc.a.o.a.c.JwtAuthenticationFilter[0;39m - User 7f000101-9bf3-1319-819b-f35c1d640000 authenticated with role USER
2026-01-30 19:59:53,980 [34mINFO [0;39m [[34mtomcat-handler-28[0;39m] [33m[XID:][0;39m [32mc.a.o.a.c.JwtAuthenticationFilter[0;39m - User 7f000101-9bf3-1319-819b-f35c1d640000 authenticated with role USER
2026-01-30 19:59:53,983 [34mINFO [0;39m [[34mtomcat-handler-27[0;39m] [33m[XID:aweb24kr0w2vszh][0;39m [32mc.a.o.a.s.impl.ShelfServiceImpl[0;39m - Retrieving current user info from UserService
2026-01-30 19:59:53,983 [1;31mERROR[0;39m [[34mtomcat-handler-28[0;39m] [33m[XID:awebkx8fl5qkdzf][0;39m [32mc.a.o.a.e.GlobalExceptionHandler[0;39m - Generic internal server error: Method parameter 'id': Failed to convert value of type 'java.lang.String' to required type 'java.util.UUID'; Invalid UUID string: undefined
org.springframework.web.method.annotation.MethodArgumentTypeMismatchException: Method parameter 'id': Failed to convert value of type 'java.lang.String' to required type 'java.util.UUID'; Invalid UUID string: undefined
	at org.springframework.web.method.annotation.AbstractNamedValueMethodArgumentResolver.convertIfNecessary(AbstractNamedValueMethodArgumentResolver.java:301)
	at org.springframework.web.method.annotation.AbstractNamedValueMethodArgumentResolver.resolveArgument(AbstractNamedValueMethodArgumentResolver.java:136)
	at org.springframework.web.method.support.HandlerMethodArgumentResolverComposite.resolveArgument(HandlerMethodArgumentResolverComposite.java:122)
	at org.springframework.web.method.support.InvocableHandlerMethod.getMethodArgumentValues(InvocableHandlerMethod.java:227)
	at org.springframework.web.method.support.InvocableHandlerMethod.invokeForRequest(InvocableHandlerMethod.java:181)
	at org.springframework.web.servlet.mvc.method.annotation.ServletInvocableHandlerMethod.invokeAndHandle(ServletInvocableHandlerMethod.java:118)
	at org.springframework.web.servlet.mvc.method.annotation.RequestMappingHandlerAdapter.invokeHandlerMethod(RequestMappingHandlerAdapter.java:991)
	at org.springframework.web.servlet.mvc.method.annotation.RequestMappingHandlerAdapter.handleInternal(RequestMappingHandlerAdapter.java:896)
	at org.springframework.web.servlet.mvc.method.AbstractHandlerMethodAdapter.handle(AbstractHandlerMethodAdapter.java:87)
	at org.springframework.web.servlet.DispatcherServlet.doDispatch(DispatcherServlet.java:1089)
	at org.springframework.web.servlet.DispatcherServlet.doService(DispatcherServlet.java:979)
	at org.springframework.web.servlet.FrameworkServlet.processRequest(FrameworkServlet.java:1014)
	at org.springframework.web.servlet.FrameworkServlet.doGet(FrameworkServlet.java:903)
	at jakarta.servlet.http.HttpServlet.service(HttpServlet.java:564)
	at org.springframework.web.servlet.FrameworkServlet.service(FrameworkServlet.java:885)
	at jakarta.servlet.http.HttpServlet.service(HttpServlet.java:658)
	at org.apache.catalina.core.ApplicationFilterChain.internalDoFilter(ApplicationFilterChain.java:193)
	at org.apache.catalina.core.ApplicationFilterChain.doFilter(ApplicationFilterChain.java:138)
	at org.apache.tomcat.websocket.server.WsFilter.doFilter(WsFilter.java:51)
	at org.apache.catalina.core.ApplicationFilterChain.internalDoFilter(ApplicationFilterChain.java:162)
	at org.apache.catalina.core.ApplicationFilterChain.doFilter(ApplicationFilterChain.java:138)
	at com.app.oopsly.api.config.LoggingConfig.doFilter(LoggingConfig.java:57)
	at org.apache.catalina.core.ApplicationFilterChain.internalDoFilter(ApplicationFilterChain.java:162)
	at org.apache.catalina.core.ApplicationFilterChain.doFilter(ApplicationFilterChain.java:138)
	at org.springframework.web.filter.OncePerRequestFilter.doFilter(OncePerRequestFilter.java:110)
	at org.apache.catalina.core.ApplicationFilterChain.internalDoFilter(ApplicationFilterChain.java:162)
	at org.apache.catalina.core.ApplicationFilterChain.doFilter(ApplicationFilterChain.java:138)
	at org.springframework.web.filter.CompositeFilter$VirtualFilterChain.doFilter(CompositeFilter.java:108)
	at org.springframework.web.filter.CompositeFilter$VirtualFilterChain.doFilter(CompositeFilter.java:108)
	at org.springframework.security.web.FilterChainProxy.lambda$doFilterInternal$3(FilterChainProxy.java:231)
	at org.springframework.security.web.ObservationFilterChainDecorator$FilterObservation$SimpleFilterObservation.lambda$wrap$1(ObservationFilterChainDecorator.java:490)
	at org.springframework.security.web.ObservationFilterChainDecorator$AroundFilterObservation$SimpleAroundFilterObservation.lambda$wrap$1(ObservationFilterChainDecorator.java:351)
	at org.springframework.security.web.ObservationFilterChainDecorator.lambda$wrapSecured$0(ObservationFilterChainDecorator.java:83)
	at org.springframework.security.web.ObservationFilterChainDecorator$VirtualFilterChain.doFilter(ObservationFilterChainDecorator.java:129)
	at org.springframework.security.web.access.intercept.AuthorizationFilter.doFilter(AuthorizationFilter.java:101)
	at org.springframework.security.web.ObservationFilterChainDecorator$ObservationFilter.wrapFilter(ObservationFilterChainDecorator.java:241)
	at org.springframework.security.web.ObservationFilterChainDecorator$ObservationFilter.doFilter(ObservationFilterChainDecorator.java:228)
	at org.springframework.security.web.ObservationFilterChainDecorator$VirtualFilterChain.doFilter(ObservationFilterChainDecorator.java:138)
	at org.springframework.security.web.access.ExceptionTranslationFilter.doFilter(ExceptionTranslationFilter.java:125)
	at org.springframework.security.web.access.ExceptionTranslationFilter.doFilter(ExceptionTranslationFilter.java:119)
	at org.springframework.security.web.ObservationFilterChainDecorator$ObservationFilter.wrapFilter(ObservationFilterChainDecorator.java:241)
	at org.springframework.security.web.ObservationFilterChainDecorator$ObservationFilter.doFilter(ObservationFilterChainDecorator.java:228)
	at org.springframework.security.web.ObservationFilterChainDecorator$VirtualFilterChain.doFilter(ObservationFilterChainDecorator.java:138)
	at org.springframework.security.web.session.SessionManagementFilter.doFilter(SessionManagementFilter.java:131)
	at org.springframework.security.web.session.SessionManagementFilter.doFilter(SessionManagementFilter.java:85)
	at org.springframework.security.web.ObservationFilterChainDecorator$ObservationFilter.wrapFilter(ObservationFilterChainDecorator.java:241)
	at org.springframework.security.web.ObservationFilterChainDecorator$ObservationFilter.doFilter(ObservationFilterChainDecorator.java:228)
	at org.springframework.security.web.ObservationFilterChainDecorator$VirtualFilterChain.doFilter(ObservationFilterChainDecorator.java:138)
	at org.springframework.security.web.authentication.AnonymousAuthenticationFilter.doFilter(AnonymousAuthenticationFilter.java:100)
	at org.springframework.security.web.ObservationFilterChainDecorator$ObservationFilter.wrapFilter(ObservationFilterChainDecorator.java:241)
	at org.springframework.security.web.ObservationFilterChainDecorator$ObservationFilter.doFilter(ObservationFilterChainDecorator.java:228)
	at org.springframework.security.web.ObservationFilterChainDecorator$VirtualFilterChain.doFilter(ObservationFilterChainDecorator.java:138)
	at org.springframework.security.web.servletapi.SecurityContextHolderAwareRequestFilter.doFilter(SecurityContextHolderAwareRequestFilter.java:179)
	at org.springframework.security.web.ObservationFilterChainDecorator$ObservationFilter.wrapFilter(ObservationFilterChainDecorator.java:241)
	at org.springframework.security.web.ObservationFilterChainDecorator$ObservationFilter.doFilter(ObservationFilterChainDecorator.java:228)
	at org.springframework.security.web.ObservationFilterChainDecorator$VirtualFilterChain.doFilter(ObservationFilterChainDecorator.java:138)
	at org.springframework.security.web.savedrequest.RequestCacheAwareFilter.doFilter(RequestCacheAwareFilter.java:63)
	at org.springframework.security.web.ObservationFilterChainDecorator$ObservationFilter.wrapFilter(ObservationFilterChainDecorator.java:241)
	at org.springframework.security.web.ObservationFilterChainDecorator$ObservationFilter.doFilter(ObservationFilterChainDecorator.java:228)
	at org.springframework.security.web.ObservationFilterChainDecorator$VirtualFilterChain.doFilter(ObservationFilterChainDecorator.java:138)
	at com.app.oopsly.api.config.JwtAuthenticationFilter.doFilterInternal(JwtAuthenticationFilter.java:71)
	at org.springframework.web.filter.OncePerRequestFilter.doFilter(OncePerRequestFilter.java:116)
	at org.springframework.security.web.ObservationFilterChainDecorator$ObservationFilter.wrapFilter(ObservationFilterChainDecorator.java:241)
	at org.springframework.security.web.ObservationFilterChainDecorator$ObservationFilter.doFilter(ObservationFilterChainDecorator.java:228)
	at org.springframework.security.web.ObservationFilterChainDecorator$VirtualFilterChain.doFilter(ObservationFilterChainDecorator.java:138)
	at org.springframework.security.web.authentication.logout.LogoutFilter.doFilter(LogoutFilter.java:107)
	at org.springframework.security.web.authentication.logout.LogoutFilter.doFilter(LogoutFilter.java:93)
	at org.springframework.security.web.ObservationFilterChainDecorator$ObservationFilter.wrapFilter(ObservationFilterChainDecorator.java:241)
	at org.springframework.security.web.ObservationFilterChainDecorator$ObservationFilter.doFilter(ObservationFilterChainDecorator.java:228)
	at org.springframework.security.web.ObservationFilterChainDecorator$VirtualFilterChain.doFilter(ObservationFilterChainDecorator.java:138)
	at org.springframework.security.web.header.HeaderWriterFilter.doHeadersAfter(HeaderWriterFilter.java:90)
	at org.springframework.security.web.header.HeaderWriterFilter.doFilterInternal(HeaderWriterFilter.java:75)
	at org.springframework.web.filter.OncePerRequestFilter.doFilter(OncePerRequestFilter.java:116)
	at org.springframework.security.web.ObservationFilterChainDecorator$ObservationFilter.wrapFilter(ObservationFilterChainDecorator.java:241)
	at org.springframework.security.web.ObservationFilterChainDecorator$ObservationFilter.doFilter(ObservationFilterChainDecorator.java:228)
	at org.springframework.security.web.ObservationFilterChainDecorator$VirtualFilterChain.doFilter(ObservationFilterChainDecorator.java:138)
	at org.springframework.security.web.context.SecurityContextHolderFilter.doFilter(SecurityContextHolderFilter.java:82)
	at org.springframework.security.web.context.SecurityContextHolderFilter.doFilter(SecurityContextHolderFilter.java:69)
	at org.springframework.security.web.ObservationFilterChainDecorator$ObservationFilter.wrapFilter(ObservationFilterChainDecorator.java:241)
	at org.springframework.security.web.ObservationFilterChainDecorator$ObservationFilter.doFilter(ObservationFilterChainDecorator.java:228)
	at org.springframework.security.web.ObservationFilterChainDecorator$VirtualFilterChain.doFilter(ObservationFilterChainDecorator.java:138)
	at org.springframework.security.web.context.request.async.WebAsyncManagerIntegrationFilter.doFilterInternal(WebAsyncManagerIntegrationFilter.java:62)
	at org.springframework.web.filter.OncePerRequestFilter.doFilter(OncePerRequestFilter.java:116)
	at org.springframework.security.web.ObservationFilterChainDecorator$ObservationFilter.wrapFilter(ObservationFilterChainDecorator.java:241)
	at org.springframework.security.web.ObservationFilterChainDecorator$ObservationFilter.doFilter(ObservationFilterChainDecorator.java:228)
	at org.springframework.security.web.ObservationFilterChainDecorator$VirtualFilterChain.doFilter(ObservationFilterChainDecorator.java:138)
	at org.springframework.security.web.session.DisableEncodeUrlFilter.doFilterInternal(DisableEncodeUrlFilter.java:42)
	at org.springframework.web.filter.OncePerRequestFilter.doFilter(OncePerRequestFilter.java:116)
	at org.springframework.security.web.ObservationFilterChainDecorator$ObservationFilter.wrapFilter(ObservationFilterChainDecorator.java:241)
	at org.springframework.security.web.ObservationFilterChainDecorator$AroundFilterObservation$SimpleAroundFilterObservation.lambda$wrap$0(ObservationFilterChainDecorator.java:334)
	at org.springframework.security.web.ObservationFilterChainDecorator$ObservationFilter.doFilter(ObservationFilterChainDecorator.java:225)
	at org.springframework.security.web.ObservationFilterChainDecorator$VirtualFilterChain.doFilter(ObservationFilterChainDecorator.java:138)
	at org.springframework.security.web.FilterChainProxy.doFilterInternal(FilterChainProxy.java:233)
	at org.springframework.security.web.FilterChainProxy.doFilter(FilterChainProxy.java:191)
	at org.springframework.web.filter.CompositeFilter$VirtualFilterChain.doFilter(CompositeFilter.java:113)
	at org.springframework.web.filter.ServletRequestPathFilter.doFilter(ServletRequestPathFilter.java:52)
	at org.springframework.web.filter.CompositeFilter$VirtualFilterChain.doFilter(CompositeFilter.java:113)
	at org.springframework.web.filter.CompositeFilter.doFilter(CompositeFilter.java:74)
	at org.springframework.security.config.annotation.web.configuration.WebSecurityConfiguration$CompositeFilterChainProxy.doFilter(WebSecurityConfiguration.java:319)
	at org.springframework.web.filter.CompositeFilter$VirtualFilterChain.doFilter(CompositeFilter.java:113)
	at org.springframework.web.servlet.handler.HandlerMappingIntrospector.lambda$createCacheFilter$4(HandlerMappingIntrospector.java:267)
	at org.springframework.web.filter.CompositeFilter$VirtualFilterChain.doFilter(CompositeFilter.java:113)
	at org.springframework.web.filter.CompositeFilter.doFilter(CompositeFilter.java:74)
	at org.springframework.security.config.annotation.web.configuration.WebMvcSecurityConfiguration$CompositeFilterChainProxy.doFilter(WebMvcSecurityConfiguration.java:240)
	at org.springframework.web.filter.DelegatingFilterProxy.invokeDelegate(DelegatingFilterProxy.java:362)
	at org.springframework.web.filter.DelegatingFilterProxy.doFilter(DelegatingFilterProxy.java:278)
	at org.apache.catalina.core.ApplicationFilterChain.internalDoFilter(ApplicationFilterChain.java:162)
	at org.apache.catalina.core.ApplicationFilterChain.doFilter(ApplicationFilterChain.java:138)
	at org.springframework.web.filter.RequestContextFilter.doFilterInternal(RequestContextFilter.java:100)
	at org.springframework.web.filter.OncePerRequestFilter.doFilter(OncePerRequestFilter.java:116)
	at org.apache.catalina.core.ApplicationFilterChain.internalDoFilter(ApplicationFilterChain.java:162)
	at org.apache.catalina.core.ApplicationFilterChain.doFilter(ApplicationFilterChain.java:138)
	at org.springframework.web.filter.FormContentFilter.doFilterInternal(FormContentFilter.java:93)
	at org.springframework.web.filter.OncePerRequestFilter.doFilter(OncePerRequestFilter.java:116)
	at org.apache.catalina.core.ApplicationFilterChain.internalDoFilter(ApplicationFilterChain.java:162)
	at org.apache.catalina.core.ApplicationFilterChain.doFilter(ApplicationFilterChain.java:138)
	at org.springframework.web.filter.ServerHttpObservationFilter.doFilterInternal(ServerHttpObservationFilter.java:110)
	at org.springframework.web.filter.OncePerRequestFilter.doFilter(OncePerRequestFilter.java:116)
	at org.apache.catalina.core.ApplicationFilterChain.internalDoFilter(ApplicationFilterChain.java:162)
	at org.apache.catalina.core.ApplicationFilterChain.doFilter(ApplicationFilterChain.java:138)
	at org.springframework.web.filter.CharacterEncodingFilter.doFilterInternal(CharacterEncodingFilter.java:201)
	at org.springframework.web.filter.OncePerRequestFilter.doFilter(OncePerRequestFilter.java:116)
	at org.apache.catalina.core.ApplicationFilterChain.internalDoFilter(ApplicationFilterChain.java:162)
	at org.apache.catalina.core.ApplicationFilterChain.doFilter(ApplicationFilterChain.java:138)
	at org.apache.catalina.core.StandardWrapperValve.invoke(StandardWrapperValve.java:165)
	at org.apache.catalina.core.StandardContextValve.invoke(StandardContextValve.java:88)
	at org.apache.catalina.authenticator.AuthenticatorBase.invoke(AuthenticatorBase.java:482)
	at org.apache.catalina.core.StandardHostValve.invoke(StandardHostValve.java:113)
	at org.apache.catalina.valves.ErrorReportValve.invoke(ErrorReportValve.java:83)
	at org.apache.catalina.core.StandardEngineValve.invoke(StandardEngineValve.java:72)
	at org.apache.catalina.connector.CoyoteAdapter.service(CoyoteAdapter.java:342)
	at org.apache.coyote.http11.Http11Processor.service(Http11Processor.java:399)
	at org.apache.coyote.AbstractProcessorLight.process(AbstractProcessorLight.java:63)
	at org.apache.coyote.AbstractProtocol$ConnectionHandler.process(AbstractProtocol.java:903)
	at org.apache.tomcat.util.net.NioEndpoint$SocketProcessor.doRun(NioEndpoint.java:1774)
	at org.apache.tomcat.util.net.SocketProcessorBase.run(SocketProcessorBase.java:52)
	at java.base/java.lang.VirtualThread.run(VirtualThread.java:329)
Caused by: java.lang.IllegalArgumentException: Invalid UUID string: undefined
	at java.base/java.util.UUID.fromString1(UUID.java:282)
	at java.base/java.util.UUID.fromString(UUID.java:260)
	at org.springframework.beans.propertyeditors.UUIDEditor.setAsText(UUIDEditor.java:37)
	at org.springframework.beans.TypeConverterDelegate.doConvertTextValue(TypeConverterDelegate.java:439)
	at org.springframework.beans.TypeConverterDelegate.doConvertValue(TypeConverterDelegate.java:412)
	at org.springframework.beans.TypeConverterDelegate.convertIfNecessary(TypeConverterDelegate.java:161)
	at org.springframework.beans.TypeConverterSupport.convertIfNecessary(TypeConverterSupport.java:80)
	at org.springframework.beans.TypeConverterSupport.convertIfNecessary(TypeConverterSupport.java:53)
	at org.springframework.validation.DataBinder.convertIfNecessary(DataBinder.java:867)
	at org.springframework.web.method.annotation.AbstractNamedValueMethodArgumentResolver.convertIfNecessary(AbstractNamedValueMethodArgumentResolver.java:293)
	... 136 common frames omitted
2026-01-30 19:59:53,985 [34mINFO [0;39m [[34mtomcat-handler-28[0;39m] [33m[XID:awebkx8fl5qkdzf][0;39m [32mc.a.oopsly.api.config.LoggingConfig[0;39m - Request: GET /api/v1/oopsly/shelves/7f000101-9bf3-1319-819b-f35c75e60002/subjects/undefined | Status: 500 | 4 ms
2026-01-30 19:59:53,984 [34mINFO [0;39m [[34mtomcat-handler-27[0;39m] [33m[XID:aweb24kr0w2vszh][0;39m [32mc.a.o.a.s.impl.ShelfServiceImpl[0;39m - Fetching shelves page 0 size 100 for user 7f000101-9bf3-1319-819b-f35c1d640000
2026-01-30 19:59:53,986 [34mINFO [0;39m [[34mtomcat-handler-27[0;39m] [33m[XID:aweb24kr0w2vszh][0;39m [32mc.a.o.a.s.impl.ShelfServiceImpl[0;39m - Retrieving current user info from UserService
2026-01-30 19:59:53,992 [34mINFO [0;39m [[34mtomcat-handler-29[0;39m] [33m[XID:][0;39m [32mc.a.o.a.c.JwtAuthenticationFilter[0;39m - Filtering request: /api/v1/oopsly/shelves/7f000101-9bf3-1319-819b-f35c54120001/subjects/7f000101-9bf3-1319-819b-f35c75e60002/cards
2026-01-30 19:59:53,993 [34mINFO [0;39m [[34mtomcat-handler-29[0;39m] [33m[XID:][0;39m [32mc.a.o.a.c.JwtAuthenticationFilter[0;39m - Attempting to authenticate using jwt
2026-01-30 19:59:53,996 [34mINFO [0;39m [[34mtomcat-handler-29[0;39m] [33m[XID:][0;39m [32mc.a.o.a.c.JwtAuthenticationFilter[0;39m - User 7f000101-9bf3-1319-819b-f35c1d640000 authenticated with role USER
2026-01-30 19:59:53,999 [34mINFO [0;39m [[34mtomcat-handler-29[0;39m] [33m[XID:awebslomo470p2l][0;39m [32mc.a.o.api.controller.CardController[0;39m - Getting all cards for subject: 7f000101-9bf3-1319-819b-f35c75e60002 in shelve: 7f000101-9bf3-1319-819b-f35c54120001 with page: 0 and size: 1000
2026-01-30 19:59:54,000 [34mINFO [0;39m [[34mtomcat-handler-29[0;39m] [33m[XID:awebslomo470p2l][0;39m [32mc.a.o.a.service.impl.CardServiceImpl[0;39m - Getting all cards for subject: 7f000101-9bf3-1319-819b-f35c75e60002 in shelve: 7f000101-9bf3-1319-819b-f35c54120001 with page: 0 and size: 1000
2026-01-30 19:59:54,008 [34mINFO [0;39m [[34mtomcat-handler-29[0;39m] [33m[XID:awebslomo470p2l][0;39m [32mc.a.o.a.service.impl.CardServiceImpl[0;39m - Successfully retrieved 0 cards for subject: 7f000101-9bf3-1319-819b-f35c75e60002 (total: 0)
2026-01-30 19:59:54,008 [34mINFO [0;39m [[34mtomcat-handler-27[0;39m] [33m[XID:aweb24kr0w2vszh][0;39m [32mc.a.oopsly.api.config.LoggingConfig[0;39m - Request: GET /api/v1/oopsly/shelves | Status: 200 | 27 ms
2026-01-30 19:59:54,011 [34mINFO [0;39m [[34mtomcat-handler-29[0;39m] [33m[XID:awebslomo470p2l][0;39m [32mc.a.oopsly.api.config.LoggingConfig[0;39m - Request: GET /api/v1/oopsly/shelves/7f000101-9bf3-1319-819b-f35c54120001/subjects/7f000101-9bf3-1319-819b-f35c75e60002/cards | Status: 200 | 14 ms
2026-01-30 19:59:56,278 [34mINFO [0;39m [[34mtomcat-handler-30[0;39m] [33m[XID:][0;39m [32mc.a.o.a.c.JwtAuthenticationFilter[0;39m - Filtering request: /api/v1/oopsly/shelves
2026-01-30 19:59:56,279 [34mINFO [0;39m [[34mtomcat-handler-30[0;39m] [33m[XID:][0;39m [32mc.a.o.a.c.JwtAuthenticationFilter[0;39m - Attempting to authenticate using jwt
2026-01-30 19:59:56,281 [34mINFO [0;39m [[34mtomcat-handler-30[0;39m] [33m[XID:][0;39m [32mc.a.o.a.c.JwtAuthenticationFilter[0;39m - User 7f000101-9bf3-1319-819b-f35c1d640000 authenticated with role USER
2026-01-30 19:59:56,284 [34mINFO [0;39m [[34mtomcat-handler-30[0;39m] [33m[XID:awebj3k51m6r6q][0;39m [32mc.a.o.a.s.impl.ShelfServiceImpl[0;39m - Retrieving current user info from UserService
2026-01-30 19:59:56,285 [34mINFO [0;39m [[34mtomcat-handler-30[0;39m] [33m[XID:awebj3k51m6r6q][0;39m [32mc.a.o.a.s.impl.ShelfServiceImpl[0;39m - Fetching shelves page 0 size 100 for user 7f000101-9bf3-1319-819b-f35c1d640000
2026-01-30 19:59:56,286 [34mINFO [0;39m [[34mtomcat-handler-30[0;39m] [33m[XID:awebj3k51m6r6q][0;39m [32mc.a.o.a.s.impl.ShelfServiceImpl[0;39m - Retrieving current user info from UserService
2026-01-30 19:59:56,324 [34mINFO [0;39m [[34mtomcat-handler-30[0;39m] [33m[XID:awebj3k51m6r6q][0;39m [32mc.a.oopsly.api.config.LoggingConfig[0;39m - Request: GET /api/v1/oopsly/shelves | Status: 200 | 42 ms
2026-01-30 19:59:56,331 [34mINFO [0;39m [[34mtomcat-handler-31[0;39m] [33m[XID:][0;39m [32mc.a.o.a.c.JwtAuthenticationFilter[0;39m - Filtering request: /api/v1/oopsly/shelves/7f000101-9bf3-1319-819b-f35c54120001/subjects/7f000101-9bf3-1319-819b-f35c75e60002
2026-01-30 19:59:56,331 [31mWARN [0;39m [[34mtomcat-handler-31[0;39m] [33m[XID:][0;39m [32mc.a.o.a.c.JwtAuthenticationFilter[0;39m - Authorization header not present
2026-01-30 19:59:56,335 [34mINFO [0;39m [[34mtomcat-handler-31[0;39m] [33m[XID:67d55021-308b-4b8d-8ab7-d7629cc1804d][0;39m [32mc.a.oopsly.api.config.LoggingConfig[0;39m - Request: OPTIONS /api/v1/oopsly/shelves/7f000101-9bf3-1319-819b-f35c54120001/subjects/7f000101-9bf3-1319-819b-f35c75e60002 | Status: 200 | 2 ms
2026-01-30 19:59:56,342 [34mINFO [0;39m [[34mtomcat-handler-32[0;39m] [33m[XID:][0;39m [32mc.a.o.a.c.JwtAuthenticationFilter[0;39m - Filtering request: /api/v1/oopsly/shelves/7f000101-9bf3-1319-819b-f35c54120001/subjects/7f000101-9bf3-1319-819b-f35c75e60002/cards
2026-01-30 19:59:56,342 [34mINFO [0;39m [[34mtomcat-handler-32[0;39m] [33m[XID:][0;39m [32mc.a.o.a.c.JwtAuthenticationFilter[0;39m - Attempting to authenticate using jwt
2026-01-30 19:59:56,345 [34mINFO [0;39m [[34mtomcat-handler-32[0;39m] [33m[XID:][0;39m [32mc.a.o.a.c.JwtAuthenticationFilter[0;39m - User 7f000101-9bf3-1319-819b-f35c1d640000 authenticated with role USER
2026-01-30 19:59:56,348 [34mINFO [0;39m [[34mtomcat-handler-33[0;39m] [33m[XID:][0;39m [32mc.a.o.a.c.JwtAuthenticationFilter[0;39m - Filtering request: /api/v1/oopsly/shelves/7f000101-9bf3-1319-819b-f35c54120001/subjects/7f000101-9bf3-1319-819b-f35c75e60002
2026-01-30 19:59:56,348 [34mINFO [0;39m [[34mtomcat-handler-33[0;39m] [33m[XID:][0;39m [32mc.a.o.a.c.JwtAuthenticationFilter[0;39m - Attempting to authenticate using jwt
2026-01-30 19:59:56,349 [34mINFO [0;39m [[34mtomcat-handler-32[0;39m] [33m[XID:awebexuy4i2u9ie][0;39m [32mc.a.o.api.controller.CardController[0;39m - Getting all cards for subject: 7f000101-9bf3-1319-819b-f35c75e60002 in shelve: 7f000101-9bf3-1319-819b-f35c54120001 with page: 0 and size: 1000
2026-01-30 19:59:56,350 [34mINFO [0;39m [[34mtomcat-handler-32[0;39m] [33m[XID:awebexuy4i2u9ie][0;39m [32mc.a.o.a.service.impl.CardServiceImpl[0;39m - Getting all cards for subject: 7f000101-9bf3-1319-819b-f35c75e60002 in shelve: 7f000101-9bf3-1319-819b-f35c54120001 with page: 0 and size: 1000
2026-01-30 19:59:56,350 [34mINFO [0;39m [[34mtomcat-handler-33[0;39m] [33m[XID:][0;39m [32mc.a.o.a.c.JwtAuthenticationFilter[0;39m - User 7f000101-9bf3-1319-819b-f35c1d640000 authenticated with role USER
2026-01-30 19:59:56,353 [34mINFO [0;39m [[34mtomcat-handler-33[0;39m] [33m[XID:awebbtiogo3erqa][0;39m [32mc.a.o.a.controller.SubjectController[0;39m - Getting subject: 7f000101-9bf3-1319-819b-f35c75e60002 from shelve: 7f000101-9bf3-1319-819b-f35c54120001
2026-01-30 19:59:56,354 [34mINFO [0;39m [[34mtomcat-handler-33[0;39m] [33m[XID:awebbtiogo3erqa][0;39m [32mc.a.o.a.s.impl.SubjectServiceImpl[0;39m - Getting subject: 7f000101-9bf3-1319-819b-f35c75e60002 from shelf: 7f000101-9bf3-1319-819b-f35c54120001
2026-01-30 19:59:56,365 [34mINFO [0;39m [[34mtomcat-handler-33[0;39m] [33m[XID:awebbtiogo3erqa][0;39m [32mc.a.o.a.s.impl.SubjectServiceImpl[0;39m - Successfully retrieved subject: 7f000101-9bf3-1319-819b-f35c75e60002
2026-01-30 19:59:56,369 [34mINFO [0;39m [[34mtomcat-handler-33[0;39m] [33m[XID:awebbtiogo3erqa][0;39m [32mc.a.oopsly.api.config.LoggingConfig[0;39m - Request: GET /api/v1/oopsly/shelves/7f000101-9bf3-1319-819b-f35c54120001/subjects/7f000101-9bf3-1319-819b-f35c75e60002 | Status: 200 | 18 ms
2026-01-30 19:59:56,371 [34mINFO [0;39m [[34mtomcat-handler-32[0;39m] [33m[XID:awebexuy4i2u9ie][0;39m [32mc.a.o.a.service.impl.CardServiceImpl[0;39m - Successfully retrieved 0 cards for subject: 7f000101-9bf3-1319-819b-f35c75e60002 (total: 0)
2026-01-30 19:59:56,373 [34mINFO [0;39m [[34mtomcat-handler-32[0;39m] [33m[XID:awebexuy4i2u9ie][0;39m [32mc.a.oopsly.api.config.LoggingConfig[0;39m - Request: GET /api/v1/oopsly/shelves/7f000101-9bf3-1319-819b-f35c54120001/subjects/7f000101-9bf3-1319-819b-f35c75e60002/cards | Status: 200 | 27 ms
2026-01-30 19:59:59,756 [34mINFO [0;39m [[34mtomcat-handler-34[0;39m] [33m[XID:][0;39m [32mc.a.o.a.c.JwtAuthenticationFilter[0;39m - Filtering request: /api/v1/oopsly/shelves
2026-01-30 19:59:59,757 [34mINFO [0;39m [[34mtomcat-handler-35[0;39m] [33m[XID:][0;39m [32mc.a.o.a.c.JwtAuthenticationFilter[0;39m - Filtering request: /api/v1/oopsly/shelves/7f000101-9bf3-1319-819b-f35c54120001/subjects/7f000101-9bf3-1319-819b-f35c75e60002
2026-01-30 19:59:59,757 [34mINFO [0;39m [[34mtomcat-handler-34[0;39m] [33m[XID:][0;39m [32mc.a.o.a.c.JwtAuthenticationFilter[0;39m - Attempting to authenticate using jwt
2026-01-30 19:59:59,757 [34mINFO [0;39m [[34mtomcat-handler-35[0;39m] [33m[XID:][0;39m [32mc.a.o.a.c.JwtAuthenticationFilter[0;39m - Attempting to authenticate using jwt
2026-01-30 19:59:59,758 [34mINFO [0;39m [[34mtomcat-handler-35[0;39m] [33m[XID:][0;39m [32mc.a.o.a.c.JwtAuthenticationFilter[0;39m - User 7f000101-9bf3-1319-819b-f35c1d640000 authenticated with role USER
2026-01-30 19:59:59,758 [34mINFO [0;39m [[34mtomcat-handler-34[0;39m] [33m[XID:][0;39m [32mc.a.o.a.c.JwtAuthenticationFilter[0;39m - User 7f000101-9bf3-1319-819b-f35c1d640000 authenticated with role USER
2026-01-30 19:59:59,760 [34mINFO [0;39m [[34mtomcat-handler-35[0;39m] [33m[XID:awebkkfxrir4bc][0;39m [32mc.a.o.a.controller.SubjectController[0;39m - Getting subject: 7f000101-9bf3-1319-819b-f35c75e60002 from shelve: 7f000101-9bf3-1319-819b-f35c54120001
2026-01-30 19:59:59,761 [34mINFO [0;39m [[34mtomcat-handler-34[0;39m] [33m[XID:awebam44396nr6][0;39m [32mc.a.o.a.s.impl.ShelfServiceImpl[0;39m - Retrieving current user info from UserService
2026-01-30 19:59:59,761 [34mINFO [0;39m [[34mtomcat-handler-35[0;39m] [33m[XID:awebkkfxrir4bc][0;39m [32mc.a.o.a.s.impl.SubjectServiceImpl[0;39m - Getting subject: 7f000101-9bf3-1319-819b-f35c75e60002 from shelf: 7f000101-9bf3-1319-819b-f35c54120001
2026-01-30 19:59:59,762 [34mINFO [0;39m [[34mtomcat-handler-34[0;39m] [33m[XID:awebam44396nr6][0;39m [32mc.a.o.a.s.impl.ShelfServiceImpl[0;39m - Fetching shelves page 0 size 100 for user 7f000101-9bf3-1319-819b-f35c1d640000
2026-01-30 19:59:59,762 [34mINFO [0;39m [[34mtomcat-handler-34[0;39m] [33m[XID:awebam44396nr6][0;39m [32mc.a.o.a.s.impl.ShelfServiceImpl[0;39m - Retrieving current user info from UserService
2026-01-30 19:59:59,768 [34mINFO [0;39m [[34mtomcat-handler-36[0;39m] [33m[XID:][0;39m [32mc.a.o.a.c.JwtAuthenticationFilter[0;39m - Filtering request: /api/v1/oopsly/shelves/7f000101-9bf3-1319-819b-f35c54120001/subjects/7f000101-9bf3-1319-819b-f35c75e60002/cards
2026-01-30 19:59:59,768 [34mINFO [0;39m [[34mtomcat-handler-36[0;39m] [33m[XID:][0;39m [32mc.a.o.a.c.JwtAuthenticationFilter[0;39m - Attempting to authenticate using jwt
2026-01-30 19:59:59,776 [34mINFO [0;39m [[34mtomcat-handler-36[0;39m] [33m[XID:][0;39m [32mc.a.o.a.c.JwtAuthenticationFilter[0;39m - User 7f000101-9bf3-1319-819b-f35c1d640000 authenticated with role USER
2026-01-30 19:59:59,779 [34mINFO [0;39m [[34mtomcat-handler-35[0;39m] [33m[XID:awebkkfxrir4bc][0;39m [32mc.a.o.a.s.impl.SubjectServiceImpl[0;39m - Successfully retrieved subject: 7f000101-9bf3-1319-819b-f35c75e60002
2026-01-30 19:59:59,779 [34mINFO [0;39m [[34mtomcat-handler-36[0;39m] [33m[XID:awebpubcraqt5rn][0;39m [32mc.a.o.api.controller.CardController[0;39m - Getting all cards for subject: 7f000101-9bf3-1319-819b-f35c75e60002 in shelve: 7f000101-9bf3-1319-819b-f35c54120001 with page: 0 and size: 1000
2026-01-30 19:59:59,780 [34mINFO [0;39m [[34mtomcat-handler-36[0;39m] [33m[XID:awebpubcraqt5rn][0;39m [32mc.a.o.a.service.impl.CardServiceImpl[0;39m - Getting all cards for subject: 7f000101-9bf3-1319-819b-f35c75e60002 in shelve: 7f000101-9bf3-1319-819b-f35c54120001 with page: 0 and size: 1000
2026-01-30 19:59:59,781 [34mINFO [0;39m [[34mtomcat-handler-35[0;39m] [33m[XID:awebkkfxrir4bc][0;39m [32mc.a.oopsly.api.config.LoggingConfig[0;39m - Request: GET /api/v1/oopsly/shelves/7f000101-9bf3-1319-819b-f35c54120001/subjects/7f000101-9bf3-1319-819b-f35c75e60002 | Status: 200 | 22 ms
2026-01-30 19:59:59,792 [34mINFO [0;39m [[34mtomcat-handler-34[0;39m] [33m[XID:awebam44396nr6][0;39m [32mc.a.oopsly.api.config.LoggingConfig[0;39m - Request: GET /api/v1/oopsly/shelves | Status: 200 | 33 ms
2026-01-30 19:59:59,796 [34mINFO [0;39m [[34mtomcat-handler-36[0;39m] [33m[XID:awebpubcraqt5rn][0;39m [32mc.a.o.a.service.impl.CardServiceImpl[0;39m - Successfully retrieved 0 cards for subject: 7f000101-9bf3-1319-819b-f35c75e60002 (total: 0)
2026-01-30 19:59:59,799 [34mINFO [0;39m [[34mtomcat-handler-36[0;39m] [33m[XID:awebpubcraqt5rn][0;39m [32mc.a.oopsly.api.config.LoggingConfig[0;39m - Request: GET /api/v1/oopsly/shelves/7f000101-9bf3-1319-819b-f35c54120001/subjects/7f000101-9bf3-1319-819b-f35c75e60002/cards | Status: 200 | 22 ms
2026-01-30 20:00:03,692 [34mINFO [0;39m [[34mtomcat-handler-38[0;39m] [33m[XID:][0;39m [32mc.a.o.a.c.JwtAuthenticationFilter[0;39m - Filtering request: /api/v1/oopsly/shelves/7f000101-9bf3-1319-819b-f35c54120001/subjects/7f000101-9bf3-1319-819b-f35c75e60002
2026-01-30 20:00:03,692 [34mINFO [0;39m [[34mtomcat-handler-37[0;39m] [33m[XID:][0;39m [32mc.a.o.a.c.JwtAuthenticationFilter[0;39m - Filtering request: /api/v1/oopsly/shelves
2026-01-30 20:00:03,692 [34mINFO [0;39m [[34mtomcat-handler-38[0;39m] [33m[XID:][0;39m [32mc.a.o.a.c.JwtAuthenticationFilter[0;39m - Attempting to authenticate using jwt
2026-01-30 20:00:03,692 [34mINFO [0;39m [[34mtomcat-handler-37[0;39m] [33m[XID:][0;39m [32mc.a.o.a.c.JwtAuthenticationFilter[0;39m - Attempting to authenticate using jwt
2026-01-30 20:00:03,694 [34mINFO [0;39m [[34mtomcat-handler-38[0;39m] [33m[XID:][0;39m [32mc.a.o.a.c.JwtAuthenticationFilter[0;39m - User 7f000101-9bf3-1319-819b-f35c1d640000 authenticated with role USER
2026-01-30 20:00:03,695 [34mINFO [0;39m [[34mtomcat-handler-37[0;39m] [33m[XID:][0;39m [32mc.a.o.a.c.JwtAuthenticationFilter[0;39m - User 7f000101-9bf3-1319-819b-f35c1d640000 authenticated with role USER
2026-01-30 20:00:03,697 [34mINFO [0;39m [[34mtomcat-handler-38[0;39m] [33m[XID:awebn714vskx9wi][0;39m [32mc.a.o.a.controller.SubjectController[0;39m - Getting subject: 7f000101-9bf3-1319-819b-f35c75e60002 from shelve: 7f000101-9bf3-1319-819b-f35c54120001
2026-01-30 20:00:03,698 [34mINFO [0;39m [[34mtomcat-handler-39[0;39m] [33m[XID:][0;39m [32mc.a.o.a.c.JwtAuthenticationFilter[0;39m - Filtering request: /api/v1/oopsly/shelves/7f000101-9bf3-1319-819b-f35c54120001/subjects/7f000101-9bf3-1319-819b-f35c75e60002/cards
2026-01-30 20:00:03,699 [34mINFO [0;39m [[34mtomcat-handler-37[0;39m] [33m[XID:aweb9n5c41hd9xg][0;39m [32mc.a.o.a.s.impl.ShelfServiceImpl[0;39m - Retrieving current user info from UserService
2026-01-30 20:00:03,698 [34mINFO [0;39m [[34mtomcat-handler-38[0;39m] [33m[XID:awebn714vskx9wi][0;39m [32mc.a.o.a.s.impl.SubjectServiceImpl[0;39m - Getting subject: 7f000101-9bf3-1319-819b-f35c75e60002 from shelf: 7f000101-9bf3-1319-819b-f35c54120001
2026-01-30 20:00:03,699 [34mINFO [0;39m [[34mtomcat-handler-39[0;39m] [33m[XID:][0;39m [32mc.a.o.a.c.JwtAuthenticationFilter[0;39m - Attempting to authenticate using jwt
2026-01-30 20:00:03,700 [34mINFO [0;39m [[34mtomcat-handler-37[0;39m] [33m[XID:aweb9n5c41hd9xg][0;39m [32mc.a.o.a.s.impl.ShelfServiceImpl[0;39m - Fetching shelves page 0 size 100 for user 7f000101-9bf3-1319-819b-f35c1d640000
2026-01-30 20:00:03,701 [34mINFO [0;39m [[34mtomcat-handler-37[0;39m] [33m[XID:aweb9n5c41hd9xg][0;39m [32mc.a.o.a.s.impl.ShelfServiceImpl[0;39m - Retrieving current user info from UserService
2026-01-30 20:00:03,705 [34mINFO [0;39m [[34mtomcat-handler-39[0;39m] [33m[XID:][0;39m [32mc.a.o.a.c.JwtAuthenticationFilter[0;39m - User 7f000101-9bf3-1319-819b-f35c1d640000 authenticated with role USER
2026-01-30 20:00:03,708 [34mINFO [0;39m [[34mtomcat-handler-39[0;39m] [33m[XID:awebz6ljywb3fod][0;39m [32mc.a.o.api.controller.CardController[0;39m - Getting all cards for subject: 7f000101-9bf3-1319-819b-f35c75e60002 in shelve: 7f000101-9bf3-1319-819b-f35c54120001 with page: 0 and size: 1000
2026-01-30 20:00:03,709 [34mINFO [0;39m [[34mtomcat-handler-39[0;39m] [33m[XID:awebz6ljywb3fod][0;39m [32mc.a.o.a.service.impl.CardServiceImpl[0;39m - Getting all cards for subject: 7f000101-9bf3-1319-819b-f35c75e60002 in shelve: 7f000101-9bf3-1319-819b-f35c54120001 with page: 0 and size: 1000
2026-01-30 20:00:03,714 [34mINFO [0;39m [[34mtomcat-handler-38[0;39m] [33m[XID:awebn714vskx9wi][0;39m [32mc.a.o.a.s.impl.SubjectServiceImpl[0;39m - Successfully retrieved subject: 7f000101-9bf3-1319-819b-f35c75e60002
2026-01-30 20:00:03,716 [34mINFO [0;39m [[34mtomcat-handler-38[0;39m] [33m[XID:awebn714vskx9wi][0;39m [32mc.a.oopsly.api.config.LoggingConfig[0;39m - Request: GET /api/v1/oopsly/shelves/7f000101-9bf3-1319-819b-f35c54120001/subjects/7f000101-9bf3-1319-819b-f35c75e60002 | Status: 200 | 21 ms
2026-01-30 20:00:03,724 [34mINFO [0;39m [[34mtomcat-handler-39[0;39m] [33m[XID:awebz6ljywb3fod][0;39m [32mc.a.o.a.service.impl.CardServiceImpl[0;39m - Successfully retrieved 0 cards for subject: 7f000101-9bf3-1319-819b-f35c75e60002 (total: 0)
2026-01-30 20:00:03,727 [34mINFO [0;39m [[34mtomcat-handler-39[0;39m] [33m[XID:awebz6ljywb3fod][0;39m [32mc.a.oopsly.api.config.LoggingConfig[0;39m - Request: GET /api/v1/oopsly/shelves/7f000101-9bf3-1319-819b-f35c54120001/subjects/7f000101-9bf3-1319-819b-f35c75e60002/cards | Status: 200 | 21 ms
2026-01-30 20:00:03,732 [34mINFO [0;39m [[34mtomcat-handler-37[0;39m] [33m[XID:aweb9n5c41hd9xg][0;39m [32mc.a.oopsly.api.config.LoggingConfig[0;39m - Request: GET /api/v1/oopsly/shelves | Status: 200 | 36 ms
2026-01-30 20:00:10,477 [34mINFO [0;39m [[34mtomcat-handler-40[0;39m] [33m[XID:][0;39m [32mc.a.o.a.c.JwtAuthenticationFilter[0;39m - Filtering request: /api/v1/oopsly/shelves
2026-01-30 20:00:10,478 [34mINFO [0;39m [[34mtomcat-handler-40[0;39m] [33m[XID:][0;39m [32mc.a.o.a.c.JwtAuthenticationFilter[0;39m - Attempting to authenticate using jwt
2026-01-30 20:00:10,479 [34mINFO [0;39m [[34mtomcat-handler-42[0;39m] [33m[XID:][0;39m [32mc.a.o.a.c.JwtAuthenticationFilter[0;39m - Filtering request: /api/v1/oopsly/shelves/7f000101-9bf3-1319-819b-f35c54120001/subjects/7f000101-9bf3-1319-819b-f35c75e60002/cards
2026-01-30 20:00:10,479 [34mINFO [0;39m [[34mtomcat-handler-41[0;39m] [33m[XID:][0;39m [32mc.a.o.a.c.JwtAuthenticationFilter[0;39m - Filtering request: /api/v1/oopsly/shelves/7f000101-9bf3-1319-819b-f35c54120001/subjects/7f000101-9bf3-1319-819b-f35c75e60002
2026-01-30 20:00:10,479 [34mINFO [0;39m [[34mtomcat-handler-40[0;39m] [33m[XID:][0;39m [32mc.a.o.a.c.JwtAuthenticationFilter[0;39m - User 7f000101-9bf3-1319-819b-f35c1d640000 authenticated with role USER
2026-01-30 20:00:10,480 [34mINFO [0;39m [[34mtomcat-handler-42[0;39m] [33m[XID:][0;39m [32mc.a.o.a.c.JwtAuthenticationFilter[0;39m - Attempting to authenticate using jwt
2026-01-30 20:00:10,480 [34mINFO [0;39m [[34mtomcat-handler-41[0;39m] [33m[XID:][0;39m [32mc.a.o.a.c.JwtAuthenticationFilter[0;39m - Attempting to authenticate using jwt
2026-01-30 20:00:10,481 [34mINFO [0;39m [[34mtomcat-handler-42[0;39m] [33m[XID:][0;39m [32mc.a.o.a.c.JwtAuthenticationFilter[0;39m - User 7f000101-9bf3-1319-819b-f35c1d640000 authenticated with role USER
2026-01-30 20:00:10,481 [34mINFO [0;39m [[34mtomcat-handler-41[0;39m] [33m[XID:][0;39m [32mc.a.o.a.c.JwtAuthenticationFilter[0;39m - User 7f000101-9bf3-1319-819b-f35c1d640000 authenticated with role USER
2026-01-30 20:00:10,482 [34mINFO [0;39m [[34mtomcat-handler-40[0;39m] [33m[XID:aweb8cm11ril3bj][0;39m [32mc.a.o.a.s.impl.ShelfServiceImpl[0;39m - Retrieving current user info from UserService
2026-01-30 20:00:10,483 [34mINFO [0;39m [[34mtomcat-handler-41[0;39m] [33m[XID:awebvwbq4617pea][0;39m [32mc.a.o.a.controller.SubjectController[0;39m - Getting subject: 7f000101-9bf3-1319-819b-f35c75e60002 from shelve: 7f000101-9bf3-1319-819b-f35c54120001
2026-01-30 20:00:10,483 [34mINFO [0;39m [[34mtomcat-handler-40[0;39m] [33m[XID:aweb8cm11ril3bj][0;39m [32mc.a.o.a.s.impl.ShelfServiceImpl[0;39m - Fetching shelves page 0 size 100 for user 7f000101-9bf3-1319-819b-f35c1d640000
2026-01-30 20:00:10,483 [34mINFO [0;39m [[34mtomcat-handler-41[0;39m] [33m[XID:awebvwbq4617pea][0;39m [32mc.a.o.a.s.impl.SubjectServiceImpl[0;39m - Getting subject: 7f000101-9bf3-1319-819b-f35c75e60002 from shelf: 7f000101-9bf3-1319-819b-f35c54120001
2026-01-30 20:00:10,484 [34mINFO [0;39m [[34mtomcat-handler-42[0;39m] [33m[XID:aweb9fcsruepm4][0;39m [32mc.a.o.api.controller.CardController[0;39m - Getting all cards for subject: 7f000101-9bf3-1319-819b-f35c75e60002 in shelve: 7f000101-9bf3-1319-819b-f35c54120001 with page: 0 and size: 1000
2026-01-30 20:00:10,484 [34mINFO [0;39m [[34mtomcat-handler-40[0;39m] [33m[XID:aweb8cm11ril3bj][0;39m [32mc.a.o.a.s.impl.ShelfServiceImpl[0;39m - Retrieving current user info from UserService
2026-01-30 20:00:10,484 [34mINFO [0;39m [[34mtomcat-handler-42[0;39m] [33m[XID:aweb9fcsruepm4][0;39m [32mc.a.o.a.service.impl.CardServiceImpl[0;39m - Getting all cards for subject: 7f000101-9bf3-1319-819b-f35c75e60002 in shelve: 7f000101-9bf3-1319-819b-f35c54120001 with page: 0 and size: 1000
2026-01-30 20:00:10,490 [34mINFO [0;39m [[34mtomcat-handler-41[0;39m] [33m[XID:awebvwbq4617pea][0;39m [32mc.a.o.a.s.impl.SubjectServiceImpl[0;39m - Successfully retrieved subject: 7f000101-9bf3-1319-819b-f35c75e60002
2026-01-30 20:00:10,492 [34mINFO [0;39m [[34mtomcat-handler-42[0;39m] [33m[XID:aweb9fcsruepm4][0;39m [32mc.a.o.a.service.impl.CardServiceImpl[0;39m - Successfully retrieved 0 cards for subject: 7f000101-9bf3-1319-819b-f35c75e60002 (total: 0)
2026-01-30 20:00:10,493 [34mINFO [0;39m [[34mtomcat-handler-41[0;39m] [33m[XID:awebvwbq4617pea][0;39m [32mc.a.oopsly.api.config.LoggingConfig[0;39m - Request: GET /api/v1/oopsly/shelves/7f000101-9bf3-1319-819b-f35c54120001/subjects/7f000101-9bf3-1319-819b-f35c75e60002 | Status: 200 | 11 ms
2026-01-30 20:00:10,495 [34mINFO [0;39m [[34mtomcat-handler-42[0;39m] [33m[XID:aweb9fcsruepm4][0;39m [32mc.a.oopsly.api.config.LoggingConfig[0;39m - Request: GET /api/v1/oopsly/shelves/7f000101-9bf3-1319-819b-f35c54120001/subjects/7f000101-9bf3-1319-819b-f35c75e60002/cards | Status: 200 | 13 ms
2026-01-30 20:00:10,503 [34mINFO [0;39m [[34mtomcat-handler-40[0;39m] [33m[XID:aweb8cm11ril3bj][0;39m [32mc.a.oopsly.api.config.LoggingConfig[0;39m - Request: GET /api/v1/oopsly/shelves | Status: 200 | 23 ms
2026-01-30 20:00:17,338 [34mINFO [0;39m [[34mtomcat-handler-43[0;39m] [33m[XID:][0;39m [32mc.a.o.a.c.JwtAuthenticationFilter[0;39m - Filtering request: /api/v1/oopsly/shelves
2026-01-30 20:00:17,338 [34mINFO [0;39m [[34mtomcat-handler-43[0;39m] [33m[XID:][0;39m [32mc.a.o.a.c.JwtAuthenticationFilter[0;39m - Attempting to authenticate using jwt
2026-01-30 20:00:17,338 [34mINFO [0;39m [[34mtomcat-handler-44[0;39m] [33m[XID:][0;39m [32mc.a.o.a.c.JwtAuthenticationFilter[0;39m - Filtering request: /api/v1/oopsly/shelves/7f000101-9bf3-1319-819b-f35c54120001/subjects/7f000101-9bf3-1319-819b-f35c75e60002
2026-01-30 20:00:17,338 [34mINFO [0;39m [[34mtomcat-handler-44[0;39m] [33m[XID:][0;39m [32mc.a.o.a.c.JwtAuthenticationFilter[0;39m - Attempting to authenticate using jwt
2026-01-30 20:00:17,340 [34mINFO [0;39m [[34mtomcat-handler-44[0;39m] [33m[XID:][0;39m [32mc.a.o.a.c.JwtAuthenticationFilter[0;39m - User 7f000101-9bf3-1319-819b-f35c1d640000 authenticated with role USER
2026-01-30 20:00:17,340 [34mINFO [0;39m [[34mtomcat-handler-43[0;39m] [33m[XID:][0;39m [32mc.a.o.a.c.JwtAuthenticationFilter[0;39m - User 7f000101-9bf3-1319-819b-f35c1d640000 authenticated with role USER
2026-01-30 20:00:17,342 [34mINFO [0;39m [[34mtomcat-handler-44[0;39m] [33m[XID:aweb41cmy3ja2vm][0;39m [32mc.a.o.a.controller.SubjectController[0;39m - Getting subject: 7f000101-9bf3-1319-819b-f35c75e60002 from shelve: 7f000101-9bf3-1319-819b-f35c54120001
2026-01-30 20:00:17,343 [34mINFO [0;39m [[34mtomcat-handler-43[0;39m] [33m[XID:aweb6a4vkz08jg9][0;39m [32mc.a.o.a.s.impl.ShelfServiceImpl[0;39m - Retrieving current user info from UserService
2026-01-30 20:00:17,344 [34mINFO [0;39m [[34mtomcat-handler-45[0;39m] [33m[XID:][0;39m [32mc.a.o.a.c.JwtAuthenticationFilter[0;39m - Filtering request: /api/v1/oopsly/shelves/7f000101-9bf3-1319-819b-f35c54120001/subjects/7f000101-9bf3-1319-819b-f35c75e60002/cards
2026-01-30 20:00:17,344 [34mINFO [0;39m [[34mtomcat-handler-45[0;39m] [33m[XID:][0;39m [32mc.a.o.a.c.JwtAuthenticationFilter[0;39m - Attempting to authenticate using jwt
2026-01-30 20:00:17,344 [34mINFO [0;39m [[34mtomcat-handler-43[0;39m] [33m[XID:aweb6a4vkz08jg9][0;39m [32mc.a.o.a.s.impl.ShelfServiceImpl[0;39m - Fetching shelves page 0 size 100 for user 7f000101-9bf3-1319-819b-f35c1d640000
2026-01-30 20:00:17,345 [34mINFO [0;39m [[34mtomcat-handler-43[0;39m] [33m[XID:aweb6a4vkz08jg9][0;39m [32mc.a.o.a.s.impl.ShelfServiceImpl[0;39m - Retrieving current user info from UserService
2026-01-30 20:00:17,347 [34mINFO [0;39m [[34mtomcat-handler-45[0;39m] [33m[XID:][0;39m [32mc.a.o.a.c.JwtAuthenticationFilter[0;39m - User 7f000101-9bf3-1319-819b-f35c1d640000 authenticated with role USER
2026-01-30 20:00:17,352 [34mINFO [0;39m [[34mtomcat-handler-44[0;39m] [33m[XID:aweb41cmy3ja2vm][0;39m [32mc.a.o.a.s.impl.SubjectServiceImpl[0;39m - Getting subject: 7f000101-9bf3-1319-819b-f35c75e60002 from shelf: 7f000101-9bf3-1319-819b-f35c54120001
2026-01-30 20:00:17,353 [34mINFO [0;39m [[34mtomcat-handler-45[0;39m] [33m[XID:aweb5tss4dtkqj][0;39m [32mc.a.o.api.controller.CardController[0;39m - Getting all cards for subject: 7f000101-9bf3-1319-819b-f35c75e60002 in shelve: 7f000101-9bf3-1319-819b-f35c54120001 with page: 0 and size: 1000
2026-01-30 20:00:17,354 [34mINFO [0;39m [[34mtomcat-handler-45[0;39m] [33m[XID:aweb5tss4dtkqj][0;39m [32mc.a.o.a.service.impl.CardServiceImpl[0;39m - Getting all cards for subject: 7f000101-9bf3-1319-819b-f35c75e60002 in shelve: 7f000101-9bf3-1319-819b-f35c54120001 with page: 0 and size: 1000
2026-01-30 20:00:17,360 [34mINFO [0;39m [[34mtomcat-handler-44[0;39m] [33m[XID:aweb41cmy3ja2vm][0;39m [32mc.a.o.a.s.impl.SubjectServiceImpl[0;39m - Successfully retrieved subject: 7f000101-9bf3-1319-819b-f35c75e60002
2026-01-30 20:00:17,362 [34mINFO [0;39m [[34mtomcat-handler-44[0;39m] [33m[XID:aweb41cmy3ja2vm][0;39m [32mc.a.oopsly.api.config.LoggingConfig[0;39m - Request: GET /api/v1/oopsly/shelves/7f000101-9bf3-1319-819b-f35c54120001/subjects/7f000101-9bf3-1319-819b-f35c75e60002 | Status: 200 | 21 ms
2026-01-30 20:00:17,367 [34mINFO [0;39m [[34mtomcat-handler-45[0;39m] [33m[XID:aweb5tss4dtkqj][0;39m [32mc.a.o.a.service.impl.CardServiceImpl[0;39m - Successfully retrieved 0 cards for subject: 7f000101-9bf3-1319-819b-f35c75e60002 (total: 0)
2026-01-30 20:00:17,371 [34mINFO [0;39m [[34mtomcat-handler-45[0;39m] [33m[XID:aweb5tss4dtkqj][0;39m [32mc.a.oopsly.api.config.LoggingConfig[0;39m - Request: GET /api/v1/oopsly/shelves/7f000101-9bf3-1319-819b-f35c54120001/subjects/7f000101-9bf3-1319-819b-f35c75e60002/cards | Status: 200 | 22 ms
2026-01-30 20:00:17,375 [34mINFO [0;39m [[34mtomcat-handler-43[0;39m] [33m[XID:aweb6a4vkz08jg9][0;39m [32mc.a.oopsly.api.config.LoggingConfig[0;39m - Request: GET /api/v1/oopsly/shelves | Status: 200 | 34 ms
2026-01-30 20:00:37,549 [34mINFO [0;39m [[34mtomcat-handler-46[0;39m] [33m[XID:][0;39m [32mc.a.o.a.c.JwtAuthenticationFilter[0;39m - Filtering request: /api/v1/oopsly/shelves
2026-01-30 20:00:37,550 [34mINFO [0;39m [[34mtomcat-handler-46[0;39m] [33m[XID:][0;39m [32mc.a.o.a.c.JwtAuthenticationFilter[0;39m - Attempting to authenticate using jwt
2026-01-30 20:00:37,550 [34mINFO [0;39m [[34mtomcat-handler-47[0;39m] [33m[XID:][0;39m [32mc.a.o.a.c.JwtAuthenticationFilter[0;39m - Filtering request: /api/v1/oopsly/shelves/7f000101-9bf3-1319-819b-f35c54120001/subjects/7f000101-9bf3-1319-819b-f35c75e60002
2026-01-30 20:00:37,550 [34mINFO [0;39m [[34mtomcat-handler-47[0;39m] [33m[XID:][0;39m [32mc.a.o.a.c.JwtAuthenticationFilter[0;39m - Attempting to authenticate using jwt
2026-01-30 20:00:37,551 [34mINFO [0;39m [[34mtomcat-handler-46[0;39m] [33m[XID:][0;39m [32mc.a.o.a.c.JwtAuthenticationFilter[0;39m - User 7f000101-9bf3-1319-819b-f35c1d640000 authenticated with role USER
2026-01-30 20:00:37,551 [34mINFO [0;39m [[34mtomcat-handler-47[0;39m] [33m[XID:][0;39m [32mc.a.o.a.c.JwtAuthenticationFilter[0;39m - User 7f000101-9bf3-1319-819b-f35c1d640000 authenticated with role USER
2026-01-30 20:00:37,553 [34mINFO [0;39m [[34mtomcat-handler-47[0;39m] [33m[XID:awebiwnxibcagjq][0;39m [32mc.a.o.a.controller.SubjectController[0;39m - Getting subject: 7f000101-9bf3-1319-819b-f35c75e60002 from shelve: 7f000101-9bf3-1319-819b-f35c54120001
2026-01-30 20:00:37,554 [34mINFO [0;39m [[34mtomcat-handler-46[0;39m] [33m[XID:awebi4tsjq0p5f][0;39m [32mc.a.o.a.s.impl.ShelfServiceImpl[0;39m - Retrieving current user info from UserService
2026-01-30 20:00:37,554 [34mINFO [0;39m [[34mtomcat-handler-47[0;39m] [33m[XID:awebiwnxibcagjq][0;39m [32mc.a.o.a.s.impl.SubjectServiceImpl[0;39m - Getting subject: 7f000101-9bf3-1319-819b-f35c75e60002 from shelf: 7f000101-9bf3-1319-819b-f35c54120001
2026-01-30 20:00:37,555 [34mINFO [0;39m [[34mtomcat-handler-46[0;39m] [33m[XID:awebi4tsjq0p5f][0;39m [32mc.a.o.a.s.impl.ShelfServiceImpl[0;39m - Fetching shelves page 0 size 100 for user 7f000101-9bf3-1319-819b-f35c1d640000
2026-01-30 20:00:37,555 [34mINFO [0;39m [[34mtomcat-handler-46[0;39m] [33m[XID:awebi4tsjq0p5f][0;39m [32mc.a.o.a.s.impl.ShelfServiceImpl[0;39m - Retrieving current user info from UserService
2026-01-30 20:00:37,556 [34mINFO [0;39m [[34mtomcat-handler-48[0;39m] [33m[XID:][0;39m [32mc.a.o.a.c.JwtAuthenticationFilter[0;39m - Filtering request: /api/v1/oopsly/shelves/7f000101-9bf3-1319-819b-f35c54120001/subjects/7f000101-9bf3-1319-819b-f35c75e60002/cards
2026-01-30 20:00:37,556 [34mINFO [0;39m [[34mtomcat-handler-48[0;39m] [33m[XID:][0;39m [32mc.a.o.a.c.JwtAuthenticationFilter[0;39m - Attempting to authenticate using jwt
2026-01-30 20:00:37,557 [34mINFO [0;39m [[34mtomcat-handler-48[0;39m] [33m[XID:][0;39m [32mc.a.o.a.c.JwtAuthenticationFilter[0;39m - User 7f000101-9bf3-1319-819b-f35c1d640000 authenticated with role USER
2026-01-30 20:00:37,560 [34mINFO [0;39m [[34mtomcat-handler-48[0;39m] [33m[XID:aweb3egqkmx3ovu][0;39m [32mc.a.o.api.controller.CardController[0;39m - Getting all cards for subject: 7f000101-9bf3-1319-819b-f35c75e60002 in shelve: 7f000101-9bf3-1319-819b-f35c54120001 with page: 0 and size: 1000
2026-01-30 20:00:37,561 [34mINFO [0;39m [[34mtomcat-handler-48[0;39m] [33m[XID:aweb3egqkmx3ovu][0;39m [32mc.a.o.a.service.impl.CardServiceImpl[0;39m - Getting all cards for subject: 7f000101-9bf3-1319-819b-f35c75e60002 in shelve: 7f000101-9bf3-1319-819b-f35c54120001 with page: 0 and size: 1000
2026-01-30 20:00:37,567 [34mINFO [0;39m [[34mtomcat-handler-47[0;39m] [33m[XID:awebiwnxibcagjq][0;39m [32mc.a.o.a.s.impl.SubjectServiceImpl[0;39m - Successfully retrieved subject: 7f000101-9bf3-1319-819b-f35c75e60002
2026-01-30 20:00:37,571 [34mINFO [0;39m [[34mtomcat-handler-47[0;39m] [33m[XID:awebiwnxibcagjq][0;39m [32mc.a.oopsly.api.config.LoggingConfig[0;39m - Request: GET /api/v1/oopsly/shelves/7f000101-9bf3-1319-819b-f35c54120001/subjects/7f000101-9bf3-1319-819b-f35c75e60002 | Status: 200 | 19 ms
2026-01-30 20:00:37,575 [34mINFO [0;39m [[34mtomcat-handler-46[0;39m] [33m[XID:awebi4tsjq0p5f][0;39m [32mc.a.oopsly.api.config.LoggingConfig[0;39m - Request: GET /api/v1/oopsly/shelves | Status: 200 | 23 ms
2026-01-30 20:00:37,575 [34mINFO [0;39m [[34mtomcat-handler-48[0;39m] [33m[XID:aweb3egqkmx3ovu][0;39m [32mc.a.o.a.service.impl.CardServiceImpl[0;39m - Successfully retrieved 0 cards for subject: 7f000101-9bf3-1319-819b-f35c75e60002 (total: 0)
2026-01-30 20:00:37,578 [34mINFO [0;39m [[34mtomcat-handler-48[0;39m] [33m[XID:aweb3egqkmx3ovu][0;39m [32mc.a.oopsly.api.config.LoggingConfig[0;39m - Request: GET /api/v1/oopsly/shelves/7f000101-9bf3-1319-819b-f35c54120001/subjects/7f000101-9bf3-1319-819b-f35c75e60002/cards | Status: 200 | 20 ms
2026-01-30 20:00:47,374 [34mINFO [0;39m [[34mtomcat-handler-49[0;39m] [33m[XID:][0;39m [32mc.a.o.a.c.JwtAuthenticationFilter[0;39m - Filtering request: /api/v1/oopsly/shelves
2026-01-30 20:00:47,374 [34mINFO [0;39m [[34mtomcat-handler-50[0;39m] [33m[XID:][0;39m [32mc.a.o.a.c.JwtAuthenticationFilter[0;39m - Filtering request: /api/v1/oopsly/shelves/7f000101-9bf3-1319-819b-f35c54120001/subjects/7f000101-9bf3-1319-819b-f35c75e60002
2026-01-30 20:00:47,374 [34mINFO [0;39m [[34mtomcat-handler-49[0;39m] [33m[XID:][0;39m [32mc.a.o.a.c.JwtAuthenticationFilter[0;39m - Attempting to authenticate using jwt
2026-01-30 20:00:47,374 [34mINFO [0;39m [[34mtomcat-handler-50[0;39m] [33m[XID:][0;39m [32mc.a.o.a.c.JwtAuthenticationFilter[0;39m - Attempting to authenticate using jwt
2026-01-30 20:00:47,375 [34mINFO [0;39m [[34mtomcat-handler-51[0;39m] [33m[XID:][0;39m [32mc.a.o.a.c.JwtAuthenticationFilter[0;39m - Filtering request: /api/v1/oopsly/shelves/7f000101-9bf3-1319-819b-f35c54120001/subjects/7f000101-9bf3-1319-819b-f35c75e60002/cards
2026-01-30 20:00:47,375 [34mINFO [0;39m [[34mtomcat-handler-51[0;39m] [33m[XID:][0;39m [32mc.a.o.a.c.JwtAuthenticationFilter[0;39m - Attempting to authenticate using jwt
2026-01-30 20:00:47,376 [34mINFO [0;39m [[34mtomcat-handler-51[0;39m] [33m[XID:][0;39m [32mc.a.o.a.c.JwtAuthenticationFilter[0;39m - User 7f000101-9bf3-1319-819b-f35c1d640000 authenticated with role USER
2026-01-30 20:00:47,376 [34mINFO [0;39m [[34mtomcat-handler-49[0;39m] [33m[XID:][0;39m [32mc.a.o.a.c.JwtAuthenticationFilter[0;39m - User 7f000101-9bf3-1319-819b-f35c1d640000 authenticated with role USER
2026-01-30 20:00:47,376 [34mINFO [0;39m [[34mtomcat-handler-50[0;39m] [33m[XID:][0;39m [32mc.a.o.a.c.JwtAuthenticationFilter[0;39m - User 7f000101-9bf3-1319-819b-f35c1d640000 authenticated with role USER
2026-01-30 20:00:47,378 [34mINFO [0;39m [[34mtomcat-handler-50[0;39m] [33m[XID:aweb3wxi3s476l6][0;39m [32mc.a.o.a.controller.SubjectController[0;39m - Getting subject: 7f000101-9bf3-1319-819b-f35c75e60002 from shelve: 7f000101-9bf3-1319-819b-f35c54120001
2026-01-30 20:00:47,379 [34mINFO [0;39m [[34mtomcat-handler-51[0;39m] [33m[XID:aweb07pjan6rsggl][0;39m [32mc.a.o.api.controller.CardController[0;39m - Getting all cards for subject: 7f000101-9bf3-1319-819b-f35c75e60002 in shelve: 7f000101-9bf3-1319-819b-f35c54120001 with page: 0 and size: 1000
2026-01-30 20:00:47,379 [34mINFO [0;39m [[34mtomcat-handler-50[0;39m] [33m[XID:aweb3wxi3s476l6][0;39m [32mc.a.o.a.s.impl.SubjectServiceImpl[0;39m - Getting subject: 7f000101-9bf3-1319-819b-f35c75e60002 from shelf: 7f000101-9bf3-1319-819b-f35c54120001
2026-01-30 20:00:47,379 [34mINFO [0;39m [[34mtomcat-handler-49[0;39m] [33m[XID:awebpyamaixk2wf][0;39m [32mc.a.o.a.s.impl.ShelfServiceImpl[0;39m - Retrieving current user info from UserService
2026-01-30 20:00:47,379 [34mINFO [0;39m [[34mtomcat-handler-51[0;39m] [33m[XID:aweb07pjan6rsggl][0;39m [32mc.a.o.a.service.impl.CardServiceImpl[0;39m - Getting all cards for subject: 7f000101-9bf3-1319-819b-f35c75e60002 in shelve: 7f000101-9bf3-1319-819b-f35c54120001 with page: 0 and size: 1000
2026-01-30 20:00:47,379 [34mINFO [0;39m [[34mtomcat-handler-49[0;39m] [33m[XID:awebpyamaixk2wf][0;39m [32mc.a.o.a.s.impl.ShelfServiceImpl[0;39m - Fetching shelves page 0 size 100 for user 7f000101-9bf3-1319-819b-f35c1d640000
2026-01-30 20:00:47,379 [34mINFO [0;39m [[34mtomcat-handler-49[0;39m] [33m[XID:awebpyamaixk2wf][0;39m [32mc.a.o.a.s.impl.ShelfServiceImpl[0;39m - Retrieving current user info from UserService
2026-01-30 20:00:47,387 [34mINFO [0;39m [[34mtomcat-handler-50[0;39m] [33m[XID:aweb3wxi3s476l6][0;39m [32mc.a.o.a.s.impl.SubjectServiceImpl[0;39m - Successfully retrieved subject: 7f000101-9bf3-1319-819b-f35c75e60002
2026-01-30 20:00:47,390 [34mINFO [0;39m [[34mtomcat-handler-51[0;39m] [33m[XID:aweb07pjan6rsggl][0;39m [32mc.a.o.a.service.impl.CardServiceImpl[0;39m - Successfully retrieved 0 cards for subject: 7f000101-9bf3-1319-819b-f35c75e60002 (total: 0)
2026-01-30 20:00:47,390 [34mINFO [0;39m [[34mtomcat-handler-50[0;39m] [33m[XID:aweb3wxi3s476l6][0;39m [32mc.a.oopsly.api.config.LoggingConfig[0;39m - Request: GET /api/v1/oopsly/shelves/7f000101-9bf3-1319-819b-f35c54120001/subjects/7f000101-9bf3-1319-819b-f35c75e60002 | Status: 200 | 14 ms
2026-01-30 20:00:47,394 [34mINFO [0;39m [[34mtomcat-handler-51[0;39m] [33m[XID:aweb07pjan6rsggl][0;39m [32mc.a.oopsly.api.config.LoggingConfig[0;39m - Request: GET /api/v1/oopsly/shelves/7f000101-9bf3-1319-819b-f35c54120001/subjects/7f000101-9bf3-1319-819b-f35c75e60002/cards | Status: 200 | 18 ms
2026-01-30 20:00:47,404 [34mINFO [0;39m [[34mtomcat-handler-49[0;39m] [33m[XID:awebpyamaixk2wf][0;39m [32mc.a.oopsly.api.config.LoggingConfig[0;39m - Request: GET /api/v1/oopsly/shelves | Status: 200 | 28 ms
2026-01-30 20:00:49,340 [34mINFO [0;39m [[34mtomcat-handler-52[0;39m] [33m[XID:][0;39m [32mc.a.o.a.c.JwtAuthenticationFilter[0;39m - Filtering request: /api/v1/oopsly/shelves
2026-01-30 20:00:49,341 [34mINFO [0;39m [[34mtomcat-handler-52[0;39m] [33m[XID:][0;39m [32mc.a.o.a.c.JwtAuthenticationFilter[0;39m - Attempting to authenticate using jwt
2026-01-30 20:00:49,343 [34mINFO [0;39m [[34mtomcat-handler-53[0;39m] [33m[XID:][0;39m [32mc.a.o.a.c.JwtAuthenticationFilter[0;39m - Filtering request: /api/v1/oopsly/shelves/7f000101-9bf3-1319-819b-f35c54120001/subjects/7f000101-9bf3-1319-819b-f35c75e60002
2026-01-30 20:00:49,343 [34mINFO [0;39m [[34mtomcat-handler-52[0;39m] [33m[XID:][0;39m [32mc.a.o.a.c.JwtAuthenticationFilter[0;39m - User 7f000101-9bf3-1319-819b-f35c1d640000 authenticated with role USER
2026-01-30 20:00:49,343 [34mINFO [0;39m [[34mtomcat-handler-53[0;39m] [33m[XID:][0;39m [32mc.a.o.a.c.JwtAuthenticationFilter[0;39m - Attempting to authenticate using jwt
2026-01-30 20:00:49,343 [34mINFO [0;39m [[34mtomcat-handler-54[0;39m] [33m[XID:][0;39m [32mc.a.o.a.c.JwtAuthenticationFilter[0;39m - Filtering request: /api/v1/oopsly/shelves/7f000101-9bf3-1319-819b-f35c54120001/subjects/7f000101-9bf3-1319-819b-f35c75e60002/cards
2026-01-30 20:00:49,343 [34mINFO [0;39m [[34mtomcat-handler-54[0;39m] [33m[XID:][0;39m [32mc.a.o.a.c.JwtAuthenticationFilter[0;39m - Attempting to authenticate using jwt
2026-01-30 20:00:49,344 [34mINFO [0;39m [[34mtomcat-handler-53[0;39m] [33m[XID:][0;39m [32mc.a.o.a.c.JwtAuthenticationFilter[0;39m - User 7f000101-9bf3-1319-819b-f35c1d640000 authenticated with role USER
2026-01-30 20:00:49,344 [34mINFO [0;39m [[34mtomcat-handler-54[0;39m] [33m[XID:][0;39m [32mc.a.o.a.c.JwtAuthenticationFilter[0;39m - User 7f000101-9bf3-1319-819b-f35c1d640000 authenticated with role USER
2026-01-30 20:00:49,345 [34mINFO [0;39m [[34mtomcat-handler-52[0;39m] [33m[XID:aweboqo1cil5st][0;39m [32mc.a.o.a.s.impl.ShelfServiceImpl[0;39m - Retrieving current user info from UserService
2026-01-30 20:00:49,346 [34mINFO [0;39m [[34mtomcat-handler-52[0;39m] [33m[XID:aweboqo1cil5st][0;39m [32mc.a.o.a.s.impl.ShelfServiceImpl[0;39m - Fetching shelves page 0 size 100 for user 7f000101-9bf3-1319-819b-f35c1d640000
2026-01-30 20:00:49,347 [34mINFO [0;39m [[34mtomcat-handler-53[0;39m] [33m[XID:awebgpz0nwjmse][0;39m [32mc.a.o.a.controller.SubjectController[0;39m - Getting subject: 7f000101-9bf3-1319-819b-f35c75e60002 from shelve: 7f000101-9bf3-1319-819b-f35c54120001
2026-01-30 20:00:49,347 [34mINFO [0;39m [[34mtomcat-handler-52[0;39m] [33m[XID:aweboqo1cil5st][0;39m [32mc.a.o.a.s.impl.ShelfServiceImpl[0;39m - Retrieving current user info from UserService
2026-01-30 20:00:49,347 [34mINFO [0;39m [[34mtomcat-handler-53[0;39m] [33m[XID:awebgpz0nwjmse][0;39m [32mc.a.o.a.s.impl.SubjectServiceImpl[0;39m - Getting subject: 7f000101-9bf3-1319-819b-f35c75e60002 from shelf: 7f000101-9bf3-1319-819b-f35c54120001
2026-01-30 20:00:49,352 [34mINFO [0;39m [[34mtomcat-handler-54[0;39m] [33m[XID:awebshj3mwx08a][0;39m [32mc.a.o.api.controller.CardController[0;39m - Getting all cards for subject: 7f000101-9bf3-1319-819b-f35c75e60002 in shelve: 7f000101-9bf3-1319-819b-f35c54120001 with page: 0 and size: 1000
2026-01-30 20:00:49,353 [34mINFO [0;39m [[34mtomcat-handler-54[0;39m] [33m[XID:awebshj3mwx08a][0;39m [32mc.a.o.a.service.impl.CardServiceImpl[0;39m - Getting all cards for subject: 7f000101-9bf3-1319-819b-f35c75e60002 in shelve: 7f000101-9bf3-1319-819b-f35c54120001 with page: 0 and size: 1000
2026-01-30 20:00:49,356 [34mINFO [0;39m [[34mtomcat-handler-53[0;39m] [33m[XID:awebgpz0nwjmse][0;39m [32mc.a.o.a.s.impl.SubjectServiceImpl[0;39m - Successfully retrieved subject: 7f000101-9bf3-1319-819b-f35c75e60002
2026-01-30 20:00:49,359 [34mINFO [0;39m [[34mtomcat-handler-53[0;39m] [33m[XID:awebgpz0nwjmse][0;39m [32mc.a.oopsly.api.config.LoggingConfig[0;39m - Request: GET /api/v1/oopsly/shelves/7f000101-9bf3-1319-819b-f35c54120001/subjects/7f000101-9bf3-1319-819b-f35c75e60002 | Status: 200 | 14 ms
2026-01-30 20:00:49,362 [34mINFO [0;39m [[34mtomcat-handler-54[0;39m] [33m[XID:awebshj3mwx08a][0;39m [32mc.a.o.a.service.impl.CardServiceImpl[0;39m - Successfully retrieved 0 cards for subject: 7f000101-9bf3-1319-819b-f35c75e60002 (total: 0)
2026-01-30 20:00:49,364 [34mINFO [0;39m [[34mtomcat-handler-54[0;39m] [33m[XID:awebshj3mwx08a][0;39m [32mc.a.oopsly.api.config.LoggingConfig[0;39m - Request: GET /api/v1/oopsly/shelves/7f000101-9bf3-1319-819b-f35c54120001/subjects/7f000101-9bf3-1319-819b-f35c75e60002/cards | Status: 200 | 19 ms
2026-01-30 20:00:49,371 [34mINFO [0;39m [[34mtomcat-handler-52[0;39m] [33m[XID:aweboqo1cil5st][0;39m [32mc.a.oopsly.api.config.LoggingConfig[0;39m - Request: GET /api/v1/oopsly/shelves | Status: 200 | 28 ms
2026-01-30 20:01:13,613 [34mINFO [0;39m [[34mtomcat-handler-57[0;39m] [33m[XID:][0;39m [32mc.a.o.a.c.JwtAuthenticationFilter[0;39m - Filtering request: /api/v1/oopsly/shelves/7f000101-9bf3-1319-819b-f35c54120001/subjects/7f000101-9bf3-1319-819b-f35c75e60002/cards
2026-01-30 20:01:13,613 [34mINFO [0;39m [[34mtomcat-handler-56[0;39m] [33m[XID:][0;39m [32mc.a.o.a.c.JwtAuthenticationFilter[0;39m - Filtering request: /api/v1/oopsly/shelves/7f000101-9bf3-1319-819b-f35c54120001/subjects/7f000101-9bf3-1319-819b-f35c75e60002
2026-01-30 20:01:13,613 [34mINFO [0;39m [[34mtomcat-handler-55[0;39m] [33m[XID:][0;39m [32mc.a.o.a.c.JwtAuthenticationFilter[0;39m - Filtering request: /api/v1/oopsly/shelves
2026-01-30 20:01:13,613 [34mINFO [0;39m [[34mtomcat-handler-56[0;39m] [33m[XID:][0;39m [32mc.a.o.a.c.JwtAuthenticationFilter[0;39m - Attempting to authenticate using jwt
2026-01-30 20:01:13,613 [34mINFO [0;39m [[34mtomcat-handler-57[0;39m] [33m[XID:][0;39m [32mc.a.o.a.c.JwtAuthenticationFilter[0;39m - Attempting to authenticate using jwt
2026-01-30 20:01:13,613 [34mINFO [0;39m [[34mtomcat-handler-55[0;39m] [33m[XID:][0;39m [32mc.a.o.a.c.JwtAuthenticationFilter[0;39m - Attempting to authenticate using jwt
2026-01-30 20:01:13,616 [34mINFO [0;39m [[34mtomcat-handler-56[0;39m] [33m[XID:][0;39m [32mc.a.o.a.c.JwtAuthenticationFilter[0;39m - User 7f000101-9bf3-1319-819b-f35c1d640000 authenticated with role USER
2026-01-30 20:01:13,616 [34mINFO [0;39m [[34mtomcat-handler-55[0;39m] [33m[XID:][0;39m [32mc.a.o.a.c.JwtAuthenticationFilter[0;39m - User 7f000101-9bf3-1319-819b-f35c1d640000 authenticated with role USER
2026-01-30 20:01:13,618 [34mINFO [0;39m [[34mtomcat-handler-57[0;39m] [33m[XID:][0;39m [32mc.a.o.a.c.JwtAuthenticationFilter[0;39m - User 7f000101-9bf3-1319-819b-f35c1d640000 authenticated with role USER
2026-01-30 20:01:13,621 [34mINFO [0;39m [[34mtomcat-handler-55[0;39m] [33m[XID:awebwnfpuoo1vj][0;39m [32mc.a.o.a.s.impl.ShelfServiceImpl[0;39m - Retrieving current user info from UserService
2026-01-30 20:01:13,622 [34mINFO [0;39m [[34mtomcat-handler-55[0;39m] [33m[XID:awebwnfpuoo1vj][0;39m [32mc.a.o.a.s.impl.ShelfServiceImpl[0;39m - Fetching shelves page 0 size 100 for user 7f000101-9bf3-1319-819b-f35c1d640000
2026-01-30 20:01:13,623 [34mINFO [0;39m [[34mtomcat-handler-55[0;39m] [33m[XID:awebwnfpuoo1vj][0;39m [32mc.a.o.a.s.impl.ShelfServiceImpl[0;39m - Retrieving current user info from UserService
2026-01-30 20:01:13,624 [34mINFO [0;39m [[34mtomcat-handler-57[0;39m] [33m[XID:awebzsdzeodxmj][0;39m [32mc.a.o.api.controller.CardController[0;39m - Getting all cards for subject: 7f000101-9bf3-1319-819b-f35c75e60002 in shelve: 7f000101-9bf3-1319-819b-f35c54120001 with page: 0 and size: 1000
2026-01-30 20:01:13,624 [34mINFO [0;39m [[34mtomcat-handler-57[0;39m] [33m[XID:awebzsdzeodxmj][0;39m [32mc.a.o.a.service.impl.CardServiceImpl[0;39m - Getting all cards for subject: 7f000101-9bf3-1319-819b-f35c75e60002 in shelve: 7f000101-9bf3-1319-819b-f35c54120001 with page: 0 and size: 1000
2026-01-30 20:01:13,625 [34mINFO [0;39m [[34mtomcat-handler-56[0;39m] [33m[XID:awebq6aoveqt1ce][0;39m [32mc.a.o.a.controller.SubjectController[0;39m - Getting subject: 7f000101-9bf3-1319-819b-f35c75e60002 from shelve: 7f000101-9bf3-1319-819b-f35c54120001
2026-01-30 20:01:13,626 [34mINFO [0;39m [[34mtomcat-handler-56[0;39m] [33m[XID:awebq6aoveqt1ce][0;39m [32mc.a.o.a.s.impl.SubjectServiceImpl[0;39m - Getting subject: 7f000101-9bf3-1319-819b-f35c75e60002 from shelf: 7f000101-9bf3-1319-819b-f35c54120001
2026-01-30 20:01:13,633 [34mINFO [0;39m [[34mtomcat-handler-56[0;39m] [33m[XID:awebq6aoveqt1ce][0;39m [32mc.a.o.a.s.impl.SubjectServiceImpl[0;39m - Successfully retrieved subject: 7f000101-9bf3-1319-819b-f35c75e60002
2026-01-30 20:01:13,636 [34mINFO [0;39m [[34mtomcat-handler-57[0;39m] [33m[XID:awebzsdzeodxmj][0;39m [32mc.a.o.a.service.impl.CardServiceImpl[0;39m - Successfully retrieved 0 cards for subject: 7f000101-9bf3-1319-819b-f35c75e60002 (total: 0)
2026-01-30 20:01:13,636 [34mINFO [0;39m [[34mtomcat-handler-56[0;39m] [33m[XID:awebq6aoveqt1ce][0;39m [32mc.a.oopsly.api.config.LoggingConfig[0;39m - Request: GET /api/v1/oopsly/shelves/7f000101-9bf3-1319-819b-f35c54120001/subjects/7f000101-9bf3-1319-819b-f35c75e60002 | Status: 200 | 19 ms
2026-01-30 20:01:13,638 [34mINFO [0;39m [[34mtomcat-handler-57[0;39m] [33m[XID:awebzsdzeodxmj][0;39m [32mc.a.oopsly.api.config.LoggingConfig[0;39m - Request: GET /api/v1/oopsly/shelves/7f000101-9bf3-1319-819b-f35c54120001/subjects/7f000101-9bf3-1319-819b-f35c75e60002/cards | Status: 200 | 17 ms
2026-01-30 20:01:13,656 [34mINFO [0;39m [[34mtomcat-handler-55[0;39m] [33m[XID:awebwnfpuoo1vj][0;39m [32mc.a.oopsly.api.config.LoggingConfig[0;39m - Request: GET /api/v1/oopsly/shelves | Status: 200 | 39 ms
2026-01-30 20:01:31,895 [34mINFO [0;39m [[34mtomcat-handler-58[0;39m] [33m[XID:][0;39m [32mc.a.o.a.c.JwtAuthenticationFilter[0;39m - Filtering request: /api/v1/oopsly/shelves/7f000101-9bf3-1319-819b-f35c54120001/subjects/7f000101-9bf3-1319-819b-f35c75e60002
2026-01-30 20:01:31,895 [34mINFO [0;39m [[34mtomcat-handler-58[0;39m] [33m[XID:][0;39m [32mc.a.o.a.c.JwtAuthenticationFilter[0;39m - Attempting to authenticate using jwt
2026-01-30 20:01:31,895 [34mINFO [0;39m [[34mtomcat-handler-59[0;39m] [33m[XID:][0;39m [32mc.a.o.a.c.JwtAuthenticationFilter[0;39m - Filtering request: /api/v1/oopsly/shelves/7f000101-9bf3-1319-819b-f35c54120001/subjects/7f000101-9bf3-1319-819b-f35c75e60002/cards
2026-01-30 20:01:31,896 [34mINFO [0;39m [[34mtomcat-handler-59[0;39m] [33m[XID:][0;39m [32mc.a.o.a.c.JwtAuthenticationFilter[0;39m - Attempting to authenticate using jwt
2026-01-30 20:01:31,897 [34mINFO [0;39m [[34mtomcat-handler-58[0;39m] [33m[XID:][0;39m [32mc.a.o.a.c.JwtAuthenticationFilter[0;39m - User 7f000101-9bf3-1319-819b-f35c1d640000 authenticated with role USER
2026-01-30 20:01:31,897 [34mINFO [0;39m [[34mtomcat-handler-59[0;39m] [33m[XID:][0;39m [32mc.a.o.a.c.JwtAuthenticationFilter[0;39m - User 7f000101-9bf3-1319-819b-f35c1d640000 authenticated with role USER
2026-01-30 20:01:31,901 [34mINFO [0;39m [[34mtomcat-handler-58[0;39m] [33m[XID:aweb74ccbbd6686][0;39m [32mc.a.o.a.controller.SubjectController[0;39m - Getting subject: 7f000101-9bf3-1319-819b-f35c75e60002 from shelve: 7f000101-9bf3-1319-819b-f35c54120001
2026-01-30 20:01:31,901 [34mINFO [0;39m [[34mtomcat-handler-59[0;39m] [33m[XID:aweb988yfzy19xv][0;39m [32mc.a.o.api.controller.CardController[0;39m - Getting all cards for subject: 7f000101-9bf3-1319-819b-f35c75e60002 in shelve: 7f000101-9bf3-1319-819b-f35c54120001 with page: 0 and size: 1000
2026-01-30 20:01:31,902 [34mINFO [0;39m [[34mtomcat-handler-58[0;39m] [33m[XID:aweb74ccbbd6686][0;39m [32mc.a.o.a.s.impl.SubjectServiceImpl[0;39m - Getting subject: 7f000101-9bf3-1319-819b-f35c75e60002 from shelf: 7f000101-9bf3-1319-819b-f35c54120001
2026-01-30 20:01:31,902 [34mINFO [0;39m [[34mtomcat-handler-59[0;39m] [33m[XID:aweb988yfzy19xv][0;39m [32mc.a.o.a.service.impl.CardServiceImpl[0;39m - Getting all cards for subject: 7f000101-9bf3-1319-819b-f35c75e60002 in shelve: 7f000101-9bf3-1319-819b-f35c54120001 with page: 0 and size: 1000
2026-01-30 20:01:31,917 [34mINFO [0;39m [[34mtomcat-handler-58[0;39m] [33m[XID:aweb74ccbbd6686][0;39m [32mc.a.o.a.s.impl.SubjectServiceImpl[0;39m - Successfully retrieved subject: 7f000101-9bf3-1319-819b-f35c75e60002
2026-01-30 20:01:31,919 [34mINFO [0;39m [[34mtomcat-handler-59[0;39m] [33m[XID:aweb988yfzy19xv][0;39m [32mc.a.o.a.service.impl.CardServiceImpl[0;39m - Successfully retrieved 0 cards for subject: 7f000101-9bf3-1319-819b-f35c75e60002 (total: 0)
2026-01-30 20:01:31,920 [34mINFO [0;39m [[34mtomcat-handler-58[0;39m] [33m[XID:aweb74ccbbd6686][0;39m [32mc.a.oopsly.api.config.LoggingConfig[0;39m - Request: GET /api/v1/oopsly/shelves/7f000101-9bf3-1319-819b-f35c54120001/subjects/7f000101-9bf3-1319-819b-f35c75e60002 | Status: 200 | 23 ms
2026-01-30 20:01:31,921 [34mINFO [0;39m [[34mtomcat-handler-59[0;39m] [33m[XID:aweb988yfzy19xv][0;39m [32mc.a.oopsly.api.config.LoggingConfig[0;39m - Request: GET /api/v1/oopsly/shelves/7f000101-9bf3-1319-819b-f35c54120001/subjects/7f000101-9bf3-1319-819b-f35c75e60002/cards | Status: 200 | 23 ms
2026-01-30 20:01:45,509 [34mINFO [0;39m [[34mtomcat-handler-61[0;39m] [33m[XID:][0;39m [32mc.a.o.a.c.JwtAuthenticationFilter[0;39m - Filtering request: /api/v1/oopsly/shelves/7f000101-9bf3-1319-819b-f35c54120001/subjects/7f000101-9bf3-1319-819b-f35c75e60002/cards
2026-01-30 20:01:45,509 [34mINFO [0;39m [[34mtomcat-handler-60[0;39m] [33m[XID:][0;39m [32mc.a.o.a.c.JwtAuthenticationFilter[0;39m - Filtering request: /api/v1/oopsly/shelves/7f000101-9bf3-1319-819b-f35c54120001/subjects/7f000101-9bf3-1319-819b-f35c75e60002
2026-01-30 20:01:45,509 [34mINFO [0;39m [[34mtomcat-handler-61[0;39m] [33m[XID:][0;39m [32mc.a.o.a.c.JwtAuthenticationFilter[0;39m - Attempting to authenticate using jwt
2026-01-30 20:01:45,509 [34mINFO [0;39m [[34mtomcat-handler-60[0;39m] [33m[XID:][0;39m [32mc.a.o.a.c.JwtAuthenticationFilter[0;39m - Attempting to authenticate using jwt
2026-01-30 20:01:45,511 [34mINFO [0;39m [[34mtomcat-handler-60[0;39m] [33m[XID:][0;39m [32mc.a.o.a.c.JwtAuthenticationFilter[0;39m - User 7f000101-9bf3-1319-819b-f35c1d640000 authenticated with role USER
2026-01-30 20:01:45,511 [34mINFO [0;39m [[34mtomcat-handler-61[0;39m] [33m[XID:][0;39m [32mc.a.o.a.c.JwtAuthenticationFilter[0;39m - User 7f000101-9bf3-1319-819b-f35c1d640000 authenticated with role USER
2026-01-30 20:01:45,513 [34mINFO [0;39m [[34mtomcat-handler-60[0;39m] [33m[XID:awebj75szg7rdfn][0;39m [32mc.a.o.a.controller.SubjectController[0;39m - Getting subject: 7f000101-9bf3-1319-819b-f35c75e60002 from shelve: 7f000101-9bf3-1319-819b-f35c54120001
2026-01-30 20:01:45,514 [34mINFO [0;39m [[34mtomcat-handler-61[0;39m] [33m[XID:awebo2gc95rvg5m][0;39m [32mc.a.o.api.controller.CardController[0;39m - Getting all cards for subject: 7f000101-9bf3-1319-819b-f35c75e60002 in shelve: 7f000101-9bf3-1319-819b-f35c54120001 with page: 0 and size: 1000
2026-01-30 20:01:45,514 [34mINFO [0;39m [[34mtomcat-handler-60[0;39m] [33m[XID:awebj75szg7rdfn][0;39m [32mc.a.o.a.s.impl.SubjectServiceImpl[0;39m - Getting subject: 7f000101-9bf3-1319-819b-f35c75e60002 from shelf: 7f000101-9bf3-1319-819b-f35c54120001
2026-01-30 20:01:45,514 [34mINFO [0;39m [[34mtomcat-handler-61[0;39m] [33m[XID:awebo2gc95rvg5m][0;39m [32mc.a.o.a.service.impl.CardServiceImpl[0;39m - Getting all cards for subject: 7f000101-9bf3-1319-819b-f35c75e60002 in shelve: 7f000101-9bf3-1319-819b-f35c54120001 with page: 0 and size: 1000
2026-01-30 20:01:45,520 [34mINFO [0;39m [[34mtomcat-handler-60[0;39m] [33m[XID:awebj75szg7rdfn][0;39m [32mc.a.o.a.s.impl.SubjectServiceImpl[0;39m - Successfully retrieved subject: 7f000101-9bf3-1319-819b-f35c75e60002
2026-01-30 20:01:45,522 [34mINFO [0;39m [[34mtomcat-handler-60[0;39m] [33m[XID:awebj75szg7rdfn][0;39m [32mc.a.oopsly.api.config.LoggingConfig[0;39m - Request: GET /api/v1/oopsly/shelves/7f000101-9bf3-1319-819b-f35c54120001/subjects/7f000101-9bf3-1319-819b-f35c75e60002 | Status: 200 | 11 ms
2026-01-30 20:01:45,524 [34mINFO [0;39m [[34mtomcat-handler-61[0;39m] [33m[XID:awebo2gc95rvg5m][0;39m [32mc.a.o.a.service.impl.CardServiceImpl[0;39m - Successfully retrieved 0 cards for subject: 7f000101-9bf3-1319-819b-f35c75e60002 (total: 0)
2026-01-30 20:01:45,526 [34mINFO [0;39m [[34mtomcat-handler-61[0;39m] [33m[XID:awebo2gc95rvg5m][0;39m [32mc.a.oopsly.api.config.LoggingConfig[0;39m - Request: GET /api/v1/oopsly/shelves/7f000101-9bf3-1319-819b-f35c54120001/subjects/7f000101-9bf3-1319-819b-f35c75e60002/cards | Status: 200 | 15 ms
2026-01-30 20:02:39,817 [34mINFO [0;39m [[34mtomcat-handler-63[0;39m] [33m[XID:][0;39m [32mc.a.o.a.c.JwtAuthenticationFilter[0;39m - Filtering request: /api/v1/oopsly/shelves/7f000101-9bf3-1319-819b-f35c54120001/subjects/7f000101-9bf3-1319-819b-f35c75e60002
2026-01-30 20:02:39,817 [34mINFO [0;39m [[34mtomcat-handler-63[0;39m] [33m[XID:][0;39m [32mc.a.o.a.c.JwtAuthenticationFilter[0;39m - Attempting to authenticate using jwt
2026-01-30 20:02:39,817 [34mINFO [0;39m [[34mtomcat-handler-64[0;39m] [33m[XID:][0;39m [32mc.a.o.a.c.JwtAuthenticationFilter[0;39m - Filtering request: /api/v1/oopsly/shelves/7f000101-9bf3-1319-819b-f35c54120001/subjects/7f000101-9bf3-1319-819b-f35c75e60002/cards
2026-01-30 20:02:39,817 [34mINFO [0;39m [[34mtomcat-handler-64[0;39m] [33m[XID:][0;39m [32mc.a.o.a.c.JwtAuthenticationFilter[0;39m - Attempting to authenticate using jwt
2026-01-30 20:02:39,818 [34mINFO [0;39m [[34mtomcat-handler-63[0;39m] [33m[XID:][0;39m [32mc.a.o.a.c.JwtAuthenticationFilter[0;39m - User 7f000101-9bf3-1319-819b-f35c1d640000 authenticated with role USER
2026-01-30 20:02:39,818 [34mINFO [0;39m [[34mtomcat-handler-64[0;39m] [33m[XID:][0;39m [32mc.a.o.a.c.JwtAuthenticationFilter[0;39m - User 7f000101-9bf3-1319-819b-f35c1d640000 authenticated with role USER
2026-01-30 20:02:39,820 [34mINFO [0;39m [[34mtomcat-handler-63[0;39m] [33m[XID:aweb0668lh9tvpcw][0;39m [32mc.a.o.a.controller.SubjectController[0;39m - Getting subject: 7f000101-9bf3-1319-819b-f35c75e60002 from shelve: 7f000101-9bf3-1319-819b-f35c54120001
2026-01-30 20:02:39,821 [34mINFO [0;39m [[34mtomcat-handler-63[0;39m] [33m[XID:aweb0668lh9tvpcw][0;39m [32mc.a.o.a.s.impl.SubjectServiceImpl[0;39m - Getting subject: 7f000101-9bf3-1319-819b-f35c75e60002 from shelf: 7f000101-9bf3-1319-819b-f35c54120001
2026-01-30 20:02:39,822 [34mINFO [0;39m [[34mtomcat-handler-64[0;39m] [33m[XID:aweb1tw1kl9vknh][0;39m [32mc.a.o.api.controller.CardController[0;39m - Getting all cards for subject: 7f000101-9bf3-1319-819b-f35c75e60002 in shelve: 7f000101-9bf3-1319-819b-f35c54120001 with page: 0 and size: 1000
2026-01-30 20:02:39,823 [34mINFO [0;39m [[34mtomcat-handler-64[0;39m] [33m[XID:aweb1tw1kl9vknh][0;39m [32mc.a.o.a.service.impl.CardServiceImpl[0;39m - Getting all cards for subject: 7f000101-9bf3-1319-819b-f35c75e60002 in shelve: 7f000101-9bf3-1319-819b-f35c54120001 with page: 0 and size: 1000
2026-01-30 20:02:39,828 [34mINFO [0;39m [[34mtomcat-handler-63[0;39m] [33m[XID:aweb0668lh9tvpcw][0;39m [32mc.a.o.a.s.impl.SubjectServiceImpl[0;39m - Successfully retrieved subject: 7f000101-9bf3-1319-819b-f35c75e60002
2026-01-30 20:02:39,831 [34mINFO [0;39m [[34mtomcat-handler-63[0;39m] [33m[XID:aweb0668lh9tvpcw][0;39m [32mc.a.oopsly.api.config.LoggingConfig[0;39m - Request: GET /api/v1/oopsly/shelves/7f000101-9bf3-1319-819b-f35c54120001/subjects/7f000101-9bf3-1319-819b-f35c75e60002 | Status: 200 | 12 ms
2026-01-30 20:02:39,831 [34mINFO [0;39m [[34mtomcat-handler-64[0;39m] [33m[XID:aweb1tw1kl9vknh][0;39m [32mc.a.o.a.service.impl.CardServiceImpl[0;39m - Successfully retrieved 0 cards for subject: 7f000101-9bf3-1319-819b-f35c75e60002 (total: 0)
2026-01-30 20:02:39,833 [34mINFO [0;39m [[34mtomcat-handler-64[0;39m] [33m[XID:aweb1tw1kl9vknh][0;39m [32mc.a.oopsly.api.config.LoggingConfig[0;39m - Request: GET /api/v1/oopsly/shelves/7f000101-9bf3-1319-819b-f35c54120001/subjects/7f000101-9bf3-1319-819b-f35c75e60002/cards | Status: 200 | 14 ms
2026-01-30 20:02:42,745 [34mINFO [0;39m [[34mtomcat-handler-65[0;39m] [33m[XID:][0;39m [32mc.a.o.a.c.JwtAuthenticationFilter[0;39m - Filtering request: /api/v1/oopsly/shelves/7f000101-9bf3-1319-819b-f35c54120001/subjects/7f000101-9bf3-1319-819b-f35c75e60002
2026-01-30 20:02:42,746 [34mINFO [0;39m [[34mtomcat-handler-65[0;39m] [33m[XID:][0;39m [32mc.a.o.a.c.JwtAuthenticationFilter[0;39m - Attempting to authenticate using jwt
2026-01-30 20:02:42,747 [34mINFO [0;39m [[34mtomcat-handler-66[0;39m] [33m[XID:][0;39m [32mc.a.o.a.c.JwtAuthenticationFilter[0;39m - Filtering request: /api/v1/oopsly/shelves/7f000101-9bf3-1319-819b-f35c54120001/subjects/7f000101-9bf3-1319-819b-f35c75e60002/cards
2026-01-30 20:02:42,747 [34mINFO [0;39m [[34mtomcat-handler-65[0;39m] [33m[XID:][0;39m [32mc.a.o.a.c.JwtAuthenticationFilter[0;39m - User 7f000101-9bf3-1319-819b-f35c1d640000 authenticated with role USER
2026-01-30 20:02:42,747 [34mINFO [0;39m [[34mtomcat-handler-66[0;39m] [33m[XID:][0;39m [32mc.a.o.a.c.JwtAuthenticationFilter[0;39m - Attempting to authenticate using jwt
2026-01-30 20:02:42,748 [34mINFO [0;39m [[34mtomcat-handler-66[0;39m] [33m[XID:][0;39m [32mc.a.o.a.c.JwtAuthenticationFilter[0;39m - User 7f000101-9bf3-1319-819b-f35c1d640000 authenticated with role USER
2026-01-30 20:02:42,750 [34mINFO [0;39m [[34mtomcat-handler-65[0;39m] [33m[XID:awebkoym0aw58xh][0;39m [32mc.a.o.a.controller.SubjectController[0;39m - Getting subject: 7f000101-9bf3-1319-819b-f35c75e60002 from shelve: 7f000101-9bf3-1319-819b-f35c54120001
2026-01-30 20:02:42,750 [34mINFO [0;39m [[34mtomcat-handler-65[0;39m] [33m[XID:awebkoym0aw58xh][0;39m [32mc.a.o.a.s.impl.SubjectServiceImpl[0;39m - Getting subject: 7f000101-9bf3-1319-819b-f35c75e60002 from shelf: 7f000101-9bf3-1319-819b-f35c54120001
2026-01-30 20:02:42,751 [34mINFO [0;39m [[34mtomcat-handler-66[0;39m] [33m[XID:awebv01x2kdg45][0;39m [32mc.a.o.api.controller.CardController[0;39m - Getting all cards for subject: 7f000101-9bf3-1319-819b-f35c75e60002 in shelve: 7f000101-9bf3-1319-819b-f35c54120001 with page: 0 and size: 1000
2026-01-30 20:02:42,752 [34mINFO [0;39m [[34mtomcat-handler-66[0;39m] [33m[XID:awebv01x2kdg45][0;39m [32mc.a.o.a.service.impl.CardServiceImpl[0;39m - Getting all cards for subject: 7f000101-9bf3-1319-819b-f35c75e60002 in shelve: 7f000101-9bf3-1319-819b-f35c54120001 with page: 0 and size: 1000
2026-01-30 20:02:42,766 [34mINFO [0;39m [[34mtomcat-handler-65[0;39m] [33m[XID:awebkoym0aw58xh][0;39m [32mc.a.o.a.s.impl.SubjectServiceImpl[0;39m - Successfully retrieved subject: 7f000101-9bf3-1319-819b-f35c75e60002
2026-01-30 20:02:42,768 [34mINFO [0;39m [[34mtomcat-handler-65[0;39m] [33m[XID:awebkoym0aw58xh][0;39m [32mc.a.oopsly.api.config.LoggingConfig[0;39m - Request: GET /api/v1/oopsly/shelves/7f000101-9bf3-1319-819b-f35c54120001/subjects/7f000101-9bf3-1319-819b-f35c75e60002 | Status: 200 | 20 ms
2026-01-30 20:02:42,773 [34mINFO [0;39m [[34mtomcat-handler-66[0;39m] [33m[XID:awebv01x2kdg45][0;39m [32mc.a.o.a.service.impl.CardServiceImpl[0;39m - Successfully retrieved 0 cards for subject: 7f000101-9bf3-1319-819b-f35c75e60002 (total: 0)
2026-01-30 20:02:42,779 [34mINFO [0;39m [[34mtomcat-handler-66[0;39m] [33m[XID:awebv01x2kdg45][0;39m [32mc.a.oopsly.api.config.LoggingConfig[0;39m - Request: GET /api/v1/oopsly/shelves/7f000101-9bf3-1319-819b-f35c54120001/subjects/7f000101-9bf3-1319-819b-f35c75e60002/cards | Status: 200 | 30 ms
2026-01-30 20:03:30,440 [34mINFO [0;39m [[34mtomcat-handler-67[0;39m] [33m[XID:][0;39m [32mc.a.o.a.c.JwtAuthenticationFilter[0;39m - Filtering request: /api/v1/oopsly/shelves/7f000101-9bf3-1319-819b-f35c54120001/subjects/7f000101-9bf3-1319-819b-f35c75e60002
2026-01-30 20:03:30,440 [34mINFO [0;39m [[34mtomcat-handler-67[0;39m] [33m[XID:][0;39m [32mc.a.o.a.c.JwtAuthenticationFilter[0;39m - Attempting to authenticate using jwt
2026-01-30 20:03:30,441 [34mINFO [0;39m [[34mtomcat-handler-68[0;39m] [33m[XID:][0;39m [32mc.a.o.a.c.JwtAuthenticationFilter[0;39m - Filtering request: /api/v1/oopsly/shelves/7f000101-9bf3-1319-819b-f35c54120001/subjects/7f000101-9bf3-1319-819b-f35c75e60002/cards
2026-01-30 20:03:30,441 [34mINFO [0;39m [[34mtomcat-handler-68[0;39m] [33m[XID:][0;39m [32mc.a.o.a.c.JwtAuthenticationFilter[0;39m - Attempting to authenticate using jwt
2026-01-30 20:03:30,442 [34mINFO [0;39m [[34mtomcat-handler-67[0;39m] [33m[XID:][0;39m [32mc.a.o.a.c.JwtAuthenticationFilter[0;39m - User 7f000101-9bf3-1319-819b-f35c1d640000 authenticated with role USER
2026-01-30 20:03:30,442 [34mINFO [0;39m [[34mtomcat-handler-68[0;39m] [33m[XID:][0;39m [32mc.a.o.a.c.JwtAuthenticationFilter[0;39m - User 7f000101-9bf3-1319-819b-f35c1d640000 authenticated with role USER
2026-01-30 20:03:30,444 [34mINFO [0;39m [[34mtomcat-handler-68[0;39m] [33m[XID:awebns5tkjf67go][0;39m [32mc.a.o.api.controller.CardController[0;39m - Getting all cards for subject: 7f000101-9bf3-1319-819b-f35c75e60002 in shelve: 7f000101-9bf3-1319-819b-f35c54120001 with page: 0 and size: 1000
2026-01-30 20:03:30,445 [34mINFO [0;39m [[34mtomcat-handler-68[0;39m] [33m[XID:awebns5tkjf67go][0;39m [32mc.a.o.a.service.impl.CardServiceImpl[0;39m - Getting all cards for subject: 7f000101-9bf3-1319-819b-f35c75e60002 in shelve: 7f000101-9bf3-1319-819b-f35c54120001 with page: 0 and size: 1000
2026-01-30 20:03:30,458 [34mINFO [0;39m [[34mtomcat-handler-67[0;39m] [33m[XID:awebz6v74k18z3h][0;39m [32mc.a.o.a.controller.SubjectController[0;39m - Getting subject: 7f000101-9bf3-1319-819b-f35c75e60002 from shelve: 7f000101-9bf3-1319-819b-f35c54120001
2026-01-30 20:03:30,459 [34mINFO [0;39m [[34mtomcat-handler-67[0;39m] [33m[XID:awebz6v74k18z3h][0;39m [32mc.a.o.a.s.impl.SubjectServiceImpl[0;39m - Getting subject: 7f000101-9bf3-1319-819b-f35c75e60002 from shelf: 7f000101-9bf3-1319-819b-f35c54120001
2026-01-30 20:03:30,468 [34mINFO [0;39m [[34mtomcat-handler-67[0;39m] [33m[XID:awebz6v74k18z3h][0;39m [32mc.a.o.a.s.impl.SubjectServiceImpl[0;39m - Successfully retrieved subject: 7f000101-9bf3-1319-819b-f35c75e60002
2026-01-30 20:03:30,470 [34mINFO [0;39m [[34mtomcat-handler-68[0;39m] [33m[XID:awebns5tkjf67go][0;39m [32mc.a.o.a.service.impl.CardServiceImpl[0;39m - Successfully retrieved 0 cards for subject: 7f000101-9bf3-1319-819b-f35c75e60002 (total: 0)
2026-01-30 20:03:30,473 [34mINFO [0;39m [[34mtomcat-handler-68[0;39m] [33m[XID:awebns5tkjf67go][0;39m [32mc.a.oopsly.api.config.LoggingConfig[0;39m - Request: GET /api/v1/oopsly/shelves/7f000101-9bf3-1319-819b-f35c54120001/subjects/7f000101-9bf3-1319-819b-f35c75e60002/cards | Status: 200 | 31 ms
2026-01-30 20:03:30,476 [34mINFO [0;39m [[34mtomcat-handler-67[0;39m] [33m[XID:awebz6v74k18z3h][0;39m [32mc.a.oopsly.api.config.LoggingConfig[0;39m - Request: GET /api/v1/oopsly/shelves/7f000101-9bf3-1319-819b-f35c54120001/subjects/7f000101-9bf3-1319-819b-f35c75e60002 | Status: 200 | 34 ms
2026-01-30 20:03:33,353 [34mINFO [0;39m [[34mtomcat-handler-69[0;39m] [33m[XID:][0;39m [32mc.a.o.a.c.JwtAuthenticationFilter[0;39m - Filtering request: /api/v1/oopsly/shelves/7f000101-9bf3-1319-819b-f35c54120001/subjects/7f000101-9bf3-1319-819b-f35c75e60002
2026-01-30 20:03:33,353 [34mINFO [0;39m [[34mtomcat-handler-70[0;39m] [33m[XID:][0;39m [32mc.a.o.a.c.JwtAuthenticationFilter[0;39m - Filtering request: /api/v1/oopsly/shelves/7f000101-9bf3-1319-819b-f35c54120001/subjects/7f000101-9bf3-1319-819b-f35c75e60002/cards
2026-01-30 20:03:33,353 [34mINFO [0;39m [[34mtomcat-handler-69[0;39m] [33m[XID:][0;39m [32mc.a.o.a.c.JwtAuthenticationFilter[0;39m - Attempting to authenticate using jwt
2026-01-30 20:03:33,353 [34mINFO [0;39m [[34mtomcat-handler-70[0;39m] [33m[XID:][0;39m [32mc.a.o.a.c.JwtAuthenticationFilter[0;39m - Attempting to authenticate using jwt
2026-01-30 20:03:33,355 [34mINFO [0;39m [[34mtomcat-handler-69[0;39m] [33m[XID:][0;39m [32mc.a.o.a.c.JwtAuthenticationFilter[0;39m - User 7f000101-9bf3-1319-819b-f35c1d640000 authenticated with role USER
2026-01-30 20:03:33,355 [34mINFO [0;39m [[34mtomcat-handler-70[0;39m] [33m[XID:][0;39m [32mc.a.o.a.c.JwtAuthenticationFilter[0;39m - User 7f000101-9bf3-1319-819b-f35c1d640000 authenticated with role USER
2026-01-30 20:03:33,359 [34mINFO [0;39m [[34mtomcat-handler-69[0;39m] [33m[XID:awebegyvrbeaqy][0;39m [32mc.a.o.a.controller.SubjectController[0;39m - Getting subject: 7f000101-9bf3-1319-819b-f35c75e60002 from shelve: 7f000101-9bf3-1319-819b-f35c54120001
2026-01-30 20:03:33,359 [34mINFO [0;39m [[34mtomcat-handler-70[0;39m] [33m[XID:aweb8yszcbo7g4h][0;39m [32mc.a.o.api.controller.CardController[0;39m - Getting all cards for subject: 7f000101-9bf3-1319-819b-f35c75e60002 in shelve: 7f000101-9bf3-1319-819b-f35c54120001 with page: 0 and size: 1000
2026-01-30 20:03:33,360 [34mINFO [0;39m [[34mtomcat-handler-70[0;39m] [33m[XID:aweb8yszcbo7g4h][0;39m [32mc.a.o.a.service.impl.CardServiceImpl[0;39m - Getting all cards for subject: 7f000101-9bf3-1319-819b-f35c75e60002 in shelve: 7f000101-9bf3-1319-819b-f35c54120001 with page: 0 and size: 1000
2026-01-30 20:03:33,360 [34mINFO [0;39m [[34mtomcat-handler-69[0;39m] [33m[XID:awebegyvrbeaqy][0;39m [32mc.a.o.a.s.impl.SubjectServiceImpl[0;39m - Getting subject: 7f000101-9bf3-1319-819b-f35c75e60002 from shelf: 7f000101-9bf3-1319-819b-f35c54120001
2026-01-30 20:03:33,370 [34mINFO [0;39m [[34mtomcat-handler-69[0;39m] [33m[XID:awebegyvrbeaqy][0;39m [32mc.a.o.a.s.impl.SubjectServiceImpl[0;39m - Successfully retrieved subject: 7f000101-9bf3-1319-819b-f35c75e60002
2026-01-30 20:03:33,374 [34mINFO [0;39m [[34mtomcat-handler-69[0;39m] [33m[XID:awebegyvrbeaqy][0;39m [32mc.a.oopsly.api.config.LoggingConfig[0;39m - Request: GET /api/v1/oopsly/shelves/7f000101-9bf3-1319-819b-f35c54120001/subjects/7f000101-9bf3-1319-819b-f35c75e60002 | Status: 200 | 18 ms
2026-01-30 20:03:33,376 [34mINFO [0;39m [[34mtomcat-handler-70[0;39m] [33m[XID:aweb8yszcbo7g4h][0;39m [32mc.a.o.a.service.impl.CardServiceImpl[0;39m - Successfully retrieved 0 cards for subject: 7f000101-9bf3-1319-819b-f35c75e60002 (total: 0)
2026-01-30 20:03:33,380 [34mINFO [0;39m [[34mtomcat-handler-70[0;39m] [33m[XID:aweb8yszcbo7g4h][0;39m [32mc.a.oopsly.api.config.LoggingConfig[0;39m - Request: GET /api/v1/oopsly/shelves/7f000101-9bf3-1319-819b-f35c54120001/subjects/7f000101-9bf3-1319-819b-f35c75e60002/cards | Status: 200 | 24 ms
2026-01-30 20:03:45,511 [34mINFO [0;39m [[34mtomcat-handler-71[0;39m] [33m[XID:][0;39m [32mc.a.o.a.c.JwtAuthenticationFilter[0;39m - Filtering request: /api/v1/oopsly/shelves/7f000101-9bf3-1319-819b-f35c54120001/subjects/7f000101-9bf3-1319-819b-f35c75e60002
2026-01-30 20:03:45,511 [34mINFO [0;39m [[34mtomcat-handler-71[0;39m] [33m[XID:][0;39m [32mc.a.o.a.c.JwtAuthenticationFilter[0;39m - Attempting to authenticate using jwt
2026-01-30 20:03:45,512 [34mINFO [0;39m [[34mtomcat-handler-71[0;39m] [33m[XID:][0;39m [32mc.a.o.a.c.JwtAuthenticationFilter[0;39m - User 7f000101-9bf3-1319-819b-f35c1d640000 authenticated with role USER
2026-01-30 20:03:45,515 [34mINFO [0;39m [[34mtomcat-handler-71[0;39m] [33m[XID:awebx7bav70aoor][0;39m [32mc.a.o.a.controller.SubjectController[0;39m - Getting subject: 7f000101-9bf3-1319-819b-f35c75e60002 from shelve: 7f000101-9bf3-1319-819b-f35c54120001
2026-01-30 20:03:45,516 [34mINFO [0;39m [[34mtomcat-handler-71[0;39m] [33m[XID:awebx7bav70aoor][0;39m [32mc.a.o.a.s.impl.SubjectServiceImpl[0;39m - Getting subject: 7f000101-9bf3-1319-819b-f35c75e60002 from shelf: 7f000101-9bf3-1319-819b-f35c54120001
2026-01-30 20:03:45,525 [34mINFO [0;39m [[34mtomcat-handler-72[0;39m] [33m[XID:][0;39m [32mc.a.o.a.c.JwtAuthenticationFilter[0;39m - Filtering request: /api/v1/oopsly/shelves/7f000101-9bf3-1319-819b-f35c54120001/subjects/7f000101-9bf3-1319-819b-f35c75e60002/cards
2026-01-30 20:03:45,526 [34mINFO [0;39m [[34mtomcat-handler-72[0;39m] [33m[XID:][0;39m [32mc.a.o.a.c.JwtAuthenticationFilter[0;39m - Attempting to authenticate using jwt
2026-01-30 20:03:45,529 [34mINFO [0;39m [[34mtomcat-handler-72[0;39m] [33m[XID:][0;39m [32mc.a.o.a.c.JwtAuthenticationFilter[0;39m - User 7f000101-9bf3-1319-819b-f35c1d640000 authenticated with role USER
2026-01-30 20:03:45,531 [34mINFO [0;39m [[34mtomcat-handler-71[0;39m] [33m[XID:awebx7bav70aoor][0;39m [32mc.a.o.a.s.impl.SubjectServiceImpl[0;39m - Successfully retrieved subject: 7f000101-9bf3-1319-819b-f35c75e60002
2026-01-30 20:03:45,533 [34mINFO [0;39m [[34mtomcat-handler-71[0;39m] [33m[XID:awebx7bav70aoor][0;39m [32mc.a.oopsly.api.config.LoggingConfig[0;39m - Request: GET /api/v1/oopsly/shelves/7f000101-9bf3-1319-819b-f35c54120001/subjects/7f000101-9bf3-1319-819b-f35c75e60002 | Status: 200 | 20 ms
2026-01-30 20:03:45,539 [34mINFO [0;39m [[34mtomcat-handler-72[0;39m] [33m[XID:awebrpi6dxyqhn][0;39m [32mc.a.o.api.controller.CardController[0;39m - Getting all cards for subject: 7f000101-9bf3-1319-819b-f35c75e60002 in shelve: 7f000101-9bf3-1319-819b-f35c54120001 with page: 0 and size: 1000
2026-01-30 20:03:45,539 [34mINFO [0;39m [[34mtomcat-handler-72[0;39m] [33m[XID:awebrpi6dxyqhn][0;39m [32mc.a.o.a.service.impl.CardServiceImpl[0;39m - Getting all cards for subject: 7f000101-9bf3-1319-819b-f35c75e60002 in shelve: 7f000101-9bf3-1319-819b-f35c54120001 with page: 0 and size: 1000
2026-01-30 20:03:45,554 [34mINFO [0;39m [[34mtomcat-handler-72[0;39m] [33m[XID:awebrpi6dxyqhn][0;39m [32mc.a.o.a.service.impl.CardServiceImpl[0;39m - Successfully retrieved 0 cards for subject: 7f000101-9bf3-1319-819b-f35c75e60002 (total: 0)
2026-01-30 20:03:45,557 [34mINFO [0;39m [[34mtomcat-handler-72[0;39m] [33m[XID:awebrpi6dxyqhn][0;39m [32mc.a.oopsly.api.config.LoggingConfig[0;39m - Request: GET /api/v1/oopsly/shelves/7f000101-9bf3-1319-819b-f35c54120001/subjects/7f000101-9bf3-1319-819b-f35c75e60002/cards | Status: 200 | 27 ms
2026-01-30 20:03:58,117 [34mINFO [0;39m [[34mtomcat-handler-73[0;39m] [33m[XID:][0;39m [32mc.a.o.a.c.JwtAuthenticationFilter[0;39m - Filtering request: /api/v1/oopsly/shelves/7f000101-9bf3-1319-819b-f35c54120001/subjects/7f000101-9bf3-1319-819b-f35c75e60002
2026-01-30 20:03:58,117 [31mWARN [0;39m [[34mtomcat-handler-73[0;39m] [33m[XID:][0;39m [32mc.a.o.a.c.JwtAuthenticationFilter[0;39m - Authorization header not present
2026-01-30 20:03:58,120 [34mINFO [0;39m [[34mtomcat-handler-73[0;39m] [33m[XID:a8b43cfa-3403-47b4-92b9-fd99e6ff4191][0;39m [32mc.a.oopsly.api.config.LoggingConfig[0;39m - Request: OPTIONS /api/v1/oopsly/shelves/7f000101-9bf3-1319-819b-f35c54120001/subjects/7f000101-9bf3-1319-819b-f35c75e60002 | Status: 200 | 2 ms
2026-01-30 20:03:58,132 [34mINFO [0;39m [[34mtomcat-handler-74[0;39m] [33m[XID:][0;39m [32mc.a.o.a.c.JwtAuthenticationFilter[0;39m - Filtering request: /api/v1/oopsly/shelves/7f000101-9bf3-1319-819b-f35c54120001/subjects/7f000101-9bf3-1319-819b-f35c75e60002
2026-01-30 20:03:58,132 [34mINFO [0;39m [[34mtomcat-handler-74[0;39m] [33m[XID:][0;39m [32mc.a.o.a.c.JwtAuthenticationFilter[0;39m - Attempting to authenticate using jwt
2026-01-30 20:03:58,134 [34mINFO [0;39m [[34mtomcat-handler-74[0;39m] [33m[XID:][0;39m [32mc.a.o.a.c.JwtAuthenticationFilter[0;39m - User 7f000101-9bf3-1319-819b-f35c1d640000 authenticated with role USER
2026-01-30 20:03:58,302 [1;31mERROR[0;39m [[34mtomcat-handler-74[0;39m] [33m[XID:awebc0as7p28rv][0;39m [32mc.a.o.a.e.GlobalExceptionHandler[0;39m - Servlet error occurred: Validation failed for argument [2] in com.app.oopsly.api.viewmodel.ApiRes com.app.oopsly.api.controller.SubjectController.update(java.util.UUID,java.util.UUID,com.app.oopsly.api.viewmodel.SubjectReq): [Field error in object 'subjectReq' on field 'name': rejected value [null]; codes [NotBlank.subjectReq.name,NotBlank.name,NotBlank.java.lang.String,NotBlank]; arguments [org.springframework.context.support.DefaultMessageSourceResolvable: codes [subjectReq.name,name]; arguments []; default message [name]]; default message [Name is required]] 
org.springframework.web.bind.MethodArgumentNotValidException: Validation failed for argument [2] in com.app.oopsly.api.viewmodel.ApiRes com.app.oopsly.api.controller.SubjectController.update(java.util.UUID,java.util.UUID,com.app.oopsly.api.viewmodel.SubjectReq): [Field error in object 'subjectReq' on field 'name': rejected value [null]; codes [NotBlank.subjectReq.name,NotBlank.name,NotBlank.java.lang.String,NotBlank]; arguments [org.springframework.context.support.DefaultMessageSourceResolvable: codes [subjectReq.name,name]; arguments []; default message [name]]; default message [Name is required]] 
	at org.springframework.web.servlet.mvc.method.annotation.RequestResponseBodyMethodProcessor.resolveArgument(RequestResponseBodyMethodProcessor.java:159)
	at org.springframework.web.method.support.HandlerMethodArgumentResolverComposite.resolveArgument(HandlerMethodArgumentResolverComposite.java:122)
	at org.springframework.web.method.support.InvocableHandlerMethod.getMethodArgumentValues(InvocableHandlerMethod.java:227)
	at org.springframework.web.method.support.InvocableHandlerMethod.invokeForRequest(InvocableHandlerMethod.java:181)
	at org.springframework.web.servlet.mvc.method.annotation.ServletInvocableHandlerMethod.invokeAndHandle(ServletInvocableHandlerMethod.java:118)
	at org.springframework.web.servlet.mvc.method.annotation.RequestMappingHandlerAdapter.invokeHandlerMethod(RequestMappingHandlerAdapter.java:991)
	at org.springframework.web.servlet.mvc.method.annotation.RequestMappingHandlerAdapter.handleInternal(RequestMappingHandlerAdapter.java:896)
	at org.springframework.web.servlet.mvc.method.AbstractHandlerMethodAdapter.handle(AbstractHandlerMethodAdapter.java:87)
	at org.springframework.web.servlet.DispatcherServlet.doDispatch(DispatcherServlet.java:1089)
	at org.springframework.web.servlet.DispatcherServlet.doService(DispatcherServlet.java:979)
	at org.springframework.web.servlet.FrameworkServlet.processRequest(FrameworkServlet.java:1014)
	at org.springframework.web.servlet.FrameworkServlet.doPut(FrameworkServlet.java:925)
	at jakarta.servlet.http.HttpServlet.service(HttpServlet.java:593)
	at org.springframework.web.servlet.FrameworkServlet.service(FrameworkServlet.java:885)
	at jakarta.servlet.http.HttpServlet.service(HttpServlet.java:658)
	at org.apache.catalina.core.ApplicationFilterChain.internalDoFilter(ApplicationFilterChain.java:193)
	at org.apache.catalina.core.ApplicationFilterChain.doFilter(ApplicationFilterChain.java:138)
	at org.apache.tomcat.websocket.server.WsFilter.doFilter(WsFilter.java:51)
	at org.apache.catalina.core.ApplicationFilterChain.internalDoFilter(ApplicationFilterChain.java:162)
	at org.apache.catalina.core.ApplicationFilterChain.doFilter(ApplicationFilterChain.java:138)
	at com.app.oopsly.api.config.LoggingConfig.doFilter(LoggingConfig.java:57)
	at org.apache.catalina.core.ApplicationFilterChain.internalDoFilter(ApplicationFilterChain.java:162)
	at org.apache.catalina.core.ApplicationFilterChain.doFilter(ApplicationFilterChain.java:138)
	at org.springframework.web.filter.OncePerRequestFilter.doFilter(OncePerRequestFilter.java:110)
	at org.apache.catalina.core.ApplicationFilterChain.internalDoFilter(ApplicationFilterChain.java:162)
	at org.apache.catalina.core.ApplicationFilterChain.doFilter(ApplicationFilterChain.java:138)
	at org.springframework.web.filter.CompositeFilter$VirtualFilterChain.doFilter(CompositeFilter.java:108)
	at org.springframework.web.filter.CompositeFilter$VirtualFilterChain.doFilter(CompositeFilter.java:108)
	at org.springframework.security.web.FilterChainProxy.lambda$doFilterInternal$3(FilterChainProxy.java:231)
	at org.springframework.security.web.ObservationFilterChainDecorator$FilterObservation$SimpleFilterObservation.lambda$wrap$1(ObservationFilterChainDecorator.java:490)
	at org.springframework.security.web.ObservationFilterChainDecorator$AroundFilterObservation$SimpleAroundFilterObservation.lambda$wrap$1(ObservationFilterChainDecorator.java:351)
	at org.springframework.security.web.ObservationFilterChainDecorator.lambda$wrapSecured$0(ObservationFilterChainDecorator.java:83)
	at org.springframework.security.web.ObservationFilterChainDecorator$VirtualFilterChain.doFilter(ObservationFilterChainDecorator.java:129)
	at org.springframework.security.web.access.intercept.AuthorizationFilter.doFilter(AuthorizationFilter.java:101)
	at org.springframework.security.web.ObservationFilterChainDecorator$ObservationFilter.wrapFilter(ObservationFilterChainDecorator.java:241)
	at org.springframework.security.web.ObservationFilterChainDecorator$ObservationFilter.doFilter(ObservationFilterChainDecorator.java:228)
	at org.springframework.security.web.ObservationFilterChainDecorator$VirtualFilterChain.doFilter(ObservationFilterChainDecorator.java:138)
	at org.springframework.security.web.access.ExceptionTranslationFilter.doFilter(ExceptionTranslationFilter.java:125)
	at org.springframework.security.web.access.ExceptionTranslationFilter.doFilter(ExceptionTranslationFilter.java:119)
	at org.springframework.security.web.ObservationFilterChainDecorator$ObservationFilter.wrapFilter(ObservationFilterChainDecorator.java:241)
	at org.springframework.security.web.ObservationFilterChainDecorator$ObservationFilter.doFilter(ObservationFilterChainDecorator.java:228)
	at org.springframework.security.web.ObservationFilterChainDecorator$VirtualFilterChain.doFilter(ObservationFilterChainDecorator.java:138)
	at org.springframework.security.web.session.SessionManagementFilter.doFilter(SessionManagementFilter.java:131)
	at org.springframework.security.web.session.SessionManagementFilter.doFilter(SessionManagementFilter.java:85)
	at org.springframework.security.web.ObservationFilterChainDecorator$ObservationFilter.wrapFilter(ObservationFilterChainDecorator.java:241)
	at org.springframework.security.web.ObservationFilterChainDecorator$ObservationFilter.doFilter(ObservationFilterChainDecorator.java:228)
	at org.springframework.security.web.ObservationFilterChainDecorator$VirtualFilterChain.doFilter(ObservationFilterChainDecorator.java:138)
	at org.springframework.security.web.authentication.AnonymousAuthenticationFilter.doFilter(AnonymousAuthenticationFilter.java:100)
	at org.springframework.security.web.ObservationFilterChainDecorator$ObservationFilter.wrapFilter(ObservationFilterChainDecorator.java:241)
	at org.springframework.security.web.ObservationFilterChainDecorator$ObservationFilter.doFilter(ObservationFilterChainDecorator.java:228)
	at org.springframework.security.web.ObservationFilterChainDecorator$VirtualFilterChain.doFilter(ObservationFilterChainDecorator.java:138)
	at org.springframework.security.web.servletapi.SecurityContextHolderAwareRequestFilter.doFilter(SecurityContextHolderAwareRequestFilter.java:179)
	at org.springframework.security.web.ObservationFilterChainDecorator$ObservationFilter.wrapFilter(ObservationFilterChainDecorator.java:241)
	at org.springframework.security.web.ObservationFilterChainDecorator$ObservationFilter.doFilter(ObservationFilterChainDecorator.java:228)
	at org.springframework.security.web.ObservationFilterChainDecorator$VirtualFilterChain.doFilter(ObservationFilterChainDecorator.java:138)
	at org.springframework.security.web.savedrequest.RequestCacheAwareFilter.doFilter(RequestCacheAwareFilter.java:63)
	at org.springframework.security.web.ObservationFilterChainDecorator$ObservationFilter.wrapFilter(ObservationFilterChainDecorator.java:241)
	at org.springframework.security.web.ObservationFilterChainDecorator$ObservationFilter.doFilter(ObservationFilterChainDecorator.java:228)
	at org.springframework.security.web.ObservationFilterChainDecorator$VirtualFilterChain.doFilter(ObservationFilterChainDecorator.java:138)
	at com.app.oopsly.api.config.JwtAuthenticationFilter.doFilterInternal(JwtAuthenticationFilter.java:71)
	at org.springframework.web.filter.OncePerRequestFilter.doFilter(OncePerRequestFilter.java:116)
	at org.springframework.security.web.ObservationFilterChainDecorator$ObservationFilter.wrapFilter(ObservationFilterChainDecorator.java:241)
	at org.springframework.security.web.ObservationFilterChainDecorator$ObservationFilter.doFilter(ObservationFilterChainDecorator.java:228)
	at org.springframework.security.web.ObservationFilterChainDecorator$VirtualFilterChain.doFilter(ObservationFilterChainDecorator.java:138)
	at org.springframework.security.web.authentication.logout.LogoutFilter.doFilter(LogoutFilter.java:107)
	at org.springframework.security.web.authentication.logout.LogoutFilter.doFilter(LogoutFilter.java:93)
	at org.springframework.security.web.ObservationFilterChainDecorator$ObservationFilter.wrapFilter(ObservationFilterChainDecorator.java:241)
	at org.springframework.security.web.ObservationFilterChainDecorator$ObservationFilter.doFilter(ObservationFilterChainDecorator.java:228)
	at org.springframework.security.web.ObservationFilterChainDecorator$VirtualFilterChain.doFilter(ObservationFilterChainDecorator.java:138)
	at org.springframework.security.web.header.HeaderWriterFilter.doHeadersAfter(HeaderWriterFilter.java:90)
	at org.springframework.security.web.header.HeaderWriterFilter.doFilterInternal(HeaderWriterFilter.java:75)
	at org.springframework.web.filter.OncePerRequestFilter.doFilter(OncePerRequestFilter.java:116)
	at org.springframework.security.web.ObservationFilterChainDecorator$ObservationFilter.wrapFilter(ObservationFilterChainDecorator.java:241)
	at org.springframework.security.web.ObservationFilterChainDecorator$ObservationFilter.doFilter(ObservationFilterChainDecorator.java:228)
	at org.springframework.security.web.ObservationFilterChainDecorator$VirtualFilterChain.doFilter(ObservationFilterChainDecorator.java:138)
	at org.springframework.security.web.context.SecurityContextHolderFilter.doFilter(SecurityContextHolderFilter.java:82)
	at org.springframework.security.web.context.SecurityContextHolderFilter.doFilter(SecurityContextHolderFilter.java:69)
	at org.springframework.security.web.ObservationFilterChainDecorator$ObservationFilter.wrapFilter(ObservationFilterChainDecorator.java:241)
	at org.springframework.security.web.ObservationFilterChainDecorator$ObservationFilter.doFilter(ObservationFilterChainDecorator.java:228)
	at org.springframework.security.web.ObservationFilterChainDecorator$VirtualFilterChain.doFilter(ObservationFilterChainDecorator.java:138)
	at org.springframework.security.web.context.request.async.WebAsyncManagerIntegrationFilter.doFilterInternal(WebAsyncManagerIntegrationFilter.java:62)
	at org.springframework.web.filter.OncePerRequestFilter.doFilter(OncePerRequestFilter.java:116)
	at org.springframework.security.web.ObservationFilterChainDecorator$ObservationFilter.wrapFilter(ObservationFilterChainDecorator.java:241)
	at org.springframework.security.web.ObservationFilterChainDecorator$ObservationFilter.doFilter(ObservationFilterChainDecorator.java:228)
	at org.springframework.security.web.ObservationFilterChainDecorator$VirtualFilterChain.doFilter(ObservationFilterChainDecorator.java:138)
	at org.springframework.security.web.session.DisableEncodeUrlFilter.doFilterInternal(DisableEncodeUrlFilter.java:42)
	at org.springframework.web.filter.OncePerRequestFilter.doFilter(OncePerRequestFilter.java:116)
	at org.springframework.security.web.ObservationFilterChainDecorator$ObservationFilter.wrapFilter(ObservationFilterChainDecorator.java:241)
	at org.springframework.security.web.ObservationFilterChainDecorator$AroundFilterObservation$SimpleAroundFilterObservation.lambda$wrap$0(ObservationFilterChainDecorator.java:334)
	at org.springframework.security.web.ObservationFilterChainDecorator$ObservationFilter.doFilter(ObservationFilterChainDecorator.java:225)
	at org.springframework.security.web.ObservationFilterChainDecorator$VirtualFilterChain.doFilter(ObservationFilterChainDecorator.java:138)
	at org.springframework.security.web.FilterChainProxy.doFilterInternal(FilterChainProxy.java:233)
	at org.springframework.security.web.FilterChainProxy.doFilter(FilterChainProxy.java:191)
	at org.springframework.web.filter.CompositeFilter$VirtualFilterChain.doFilter(CompositeFilter.java:113)
	at org.springframework.web.filter.ServletRequestPathFilter.doFilter(ServletRequestPathFilter.java:52)
	at org.springframework.web.filter.CompositeFilter$VirtualFilterChain.doFilter(CompositeFilter.java:113)
	at org.springframework.web.filter.CompositeFilter.doFilter(CompositeFilter.java:74)
	at org.springframework.security.config.annotation.web.configuration.WebSecurityConfiguration$CompositeFilterChainProxy.doFilter(WebSecurityConfiguration.java:319)
	at org.springframework.web.filter.CompositeFilter$VirtualFilterChain.doFilter(CompositeFilter.java:113)
	at org.springframework.web.servlet.handler.HandlerMappingIntrospector.lambda$createCacheFilter$4(HandlerMappingIntrospector.java:267)
	at org.springframework.web.filter.CompositeFilter$VirtualFilterChain.doFilter(CompositeFilter.java:113)
	at org.springframework.web.filter.CompositeFilter.doFilter(CompositeFilter.java:74)
	at org.springframework.security.config.annotation.web.configuration.WebMvcSecurityConfiguration$CompositeFilterChainProxy.doFilter(WebMvcSecurityConfiguration.java:240)
	at org.springframework.web.filter.DelegatingFilterProxy.invokeDelegate(DelegatingFilterProxy.java:362)
	at org.springframework.web.filter.DelegatingFilterProxy.doFilter(DelegatingFilterProxy.java:278)
	at org.apache.catalina.core.ApplicationFilterChain.internalDoFilter(ApplicationFilterChain.java:162)
	at org.apache.catalina.core.ApplicationFilterChain.doFilter(ApplicationFilterChain.java:138)
	at org.springframework.web.filter.RequestContextFilter.doFilterInternal(RequestContextFilter.java:100)
	at org.springframework.web.filter.OncePerRequestFilter.doFilter(OncePerRequestFilter.java:116)
	at org.apache.catalina.core.ApplicationFilterChain.internalDoFilter(ApplicationFilterChain.java:162)
	at org.apache.catalina.core.ApplicationFilterChain.doFilter(ApplicationFilterChain.java:138)
	at org.springframework.web.filter.FormContentFilter.doFilterInternal(FormContentFilter.java:93)
	at org.springframework.web.filter.OncePerRequestFilter.doFilter(OncePerRequestFilter.java:116)
	at org.apache.catalina.core.ApplicationFilterChain.internalDoFilter(ApplicationFilterChain.java:162)
	at org.apache.catalina.core.ApplicationFilterChain.doFilter(ApplicationFilterChain.java:138)
	at org.springframework.web.filter.ServerHttpObservationFilter.doFilterInternal(ServerHttpObservationFilter.java:110)
	at org.springframework.web.filter.OncePerRequestFilter.doFilter(OncePerRequestFilter.java:116)
	at org.apache.catalina.core.ApplicationFilterChain.internalDoFilter(ApplicationFilterChain.java:162)
	at org.apache.catalina.core.ApplicationFilterChain.doFilter(ApplicationFilterChain.java:138)
	at org.springframework.web.filter.CharacterEncodingFilter.doFilterInternal(CharacterEncodingFilter.java:201)
	at org.springframework.web.filter.OncePerRequestFilter.doFilter(OncePerRequestFilter.java:116)
	at org.apache.catalina.core.ApplicationFilterChain.internalDoFilter(ApplicationFilterChain.java:162)
	at org.apache.catalina.core.ApplicationFilterChain.doFilter(ApplicationFilterChain.java:138)
	at org.apache.catalina.core.StandardWrapperValve.invoke(StandardWrapperValve.java:165)
	at org.apache.catalina.core.StandardContextValve.invoke(StandardContextValve.java:88)
	at org.apache.catalina.authenticator.AuthenticatorBase.invoke(AuthenticatorBase.java:482)
	at org.apache.catalina.core.StandardHostValve.invoke(StandardHostValve.java:113)
	at org.apache.catalina.valves.ErrorReportValve.invoke(ErrorReportValve.java:83)
	at org.apache.catalina.core.StandardEngineValve.invoke(StandardEngineValve.java:72)
	at org.apache.catalina.connector.CoyoteAdapter.service(CoyoteAdapter.java:342)
	at org.apache.coyote.http11.Http11Processor.service(Http11Processor.java:399)
	at org.apache.coyote.AbstractProcessorLight.process(AbstractProcessorLight.java:63)
	at org.apache.coyote.AbstractProtocol$ConnectionHandler.process(AbstractProtocol.java:903)
	at org.apache.tomcat.util.net.NioEndpoint$SocketProcessor.doRun(NioEndpoint.java:1774)
	at org.apache.tomcat.util.net.SocketProcessorBase.run(SocketProcessorBase.java:52)
	at java.base/java.lang.VirtualThread.run(VirtualThread.java:329)
2026-01-30 20:03:58,305 [34mINFO [0;39m [[34mtomcat-handler-74[0;39m] [33m[XID:awebc0as7p28rv][0;39m [32mc.a.oopsly.api.config.LoggingConfig[0;39m - Request: PUT /api/v1/oopsly/shelves/7f000101-9bf3-1319-819b-f35c54120001/subjects/7f000101-9bf3-1319-819b-f35c75e60002 | Status: 400 | 170 ms
2026-01-30 20:05:09,488 [34mINFO [0;39m [[34mtomcat-handler-76[0;39m] [33m[XID:][0;39m [32mc.a.o.a.c.JwtAuthenticationFilter[0;39m - Filtering request: /api/v1/oopsly/shelves
2026-01-30 20:05:09,489 [34mINFO [0;39m [[34mtomcat-handler-76[0;39m] [33m[XID:][0;39m [32mc.a.o.a.c.JwtAuthenticationFilter[0;39m - Attempting to authenticate using jwt
2026-01-30 20:05:09,490 [34mINFO [0;39m [[34mtomcat-handler-76[0;39m] [33m[XID:][0;39m [32mc.a.o.a.c.JwtAuthenticationFilter[0;39m - User 7f000101-9bf3-1319-819b-f35c1d640000 authenticated with role USER
2026-01-30 20:05:09,493 [34mINFO [0;39m [[34mtomcat-handler-76[0;39m] [33m[XID:aweboa5dr4phnsd][0;39m [32mc.a.o.a.s.impl.ShelfServiceImpl[0;39m - Retrieving current user info from UserService
2026-01-30 20:05:09,494 [34mINFO [0;39m [[34mtomcat-handler-76[0;39m] [33m[XID:aweboa5dr4phnsd][0;39m [32mc.a.o.a.s.impl.ShelfServiceImpl[0;39m - Fetching shelves page 0 size 100 for user 7f000101-9bf3-1319-819b-f35c1d640000
2026-01-30 20:05:09,494 [34mINFO [0;39m [[34mtomcat-handler-76[0;39m] [33m[XID:aweboa5dr4phnsd][0;39m [32mc.a.o.a.s.impl.ShelfServiceImpl[0;39m - Retrieving current user info from UserService
2026-01-30 20:05:09,498 [34mINFO [0;39m [[34mtomcat-handler-77[0;39m] [33m[XID:][0;39m [32mc.a.o.a.c.JwtAuthenticationFilter[0;39m - Filtering request: /api/v1/oopsly/shelves/7f000101-9bf3-1319-819b-f35c54120001/subjects/7f000101-9bf3-1319-819b-f35c75e60002
2026-01-30 20:05:09,499 [34mINFO [0;39m [[34mtomcat-handler-77[0;39m] [33m[XID:][0;39m [32mc.a.o.a.c.JwtAuthenticationFilter[0;39m - Attempting to authenticate using jwt
2026-01-30 20:05:09,501 [34mINFO [0;39m [[34mtomcat-handler-77[0;39m] [33m[XID:][0;39m [32mc.a.o.a.c.JwtAuthenticationFilter[0;39m - User 7f000101-9bf3-1319-819b-f35c1d640000 authenticated with role USER
2026-01-30 20:05:09,503 [34mINFO [0;39m [[34mtomcat-handler-78[0;39m] [33m[XID:][0;39m [32mc.a.o.a.c.JwtAuthenticationFilter[0;39m - Filtering request: /api/v1/oopsly/shelves/7f000101-9bf3-1319-819b-f35c54120001/subjects/7f000101-9bf3-1319-819b-f35c75e60002/cards
2026-01-30 20:05:09,503 [34mINFO [0;39m [[34mtomcat-handler-78[0;39m] [33m[XID:][0;39m [32mc.a.o.a.c.JwtAuthenticationFilter[0;39m - Attempting to authenticate using jwt
2026-01-30 20:05:09,503 [34mINFO [0;39m [[34mtomcat-handler-77[0;39m] [33m[XID:awebwoq6ywgnkjh][0;39m [32mc.a.o.a.controller.SubjectController[0;39m - Getting subject: 7f000101-9bf3-1319-819b-f35c75e60002 from shelve: 7f000101-9bf3-1319-819b-f35c54120001
2026-01-30 20:05:09,504 [34mINFO [0;39m [[34mtomcat-handler-77[0;39m] [33m[XID:awebwoq6ywgnkjh][0;39m [32mc.a.o.a.s.impl.SubjectServiceImpl[0;39m - Getting subject: 7f000101-9bf3-1319-819b-f35c75e60002 from shelf: 7f000101-9bf3-1319-819b-f35c54120001
2026-01-30 20:05:09,504 [34mINFO [0;39m [[34mtomcat-handler-78[0;39m] [33m[XID:][0;39m [32mc.a.o.a.c.JwtAuthenticationFilter[0;39m - User 7f000101-9bf3-1319-819b-f35c1d640000 authenticated with role USER
2026-01-30 20:05:09,508 [34mINFO [0;39m [[34mtomcat-handler-78[0;39m] [33m[XID:awebodx3zoml6ke][0;39m [32mc.a.o.api.controller.CardController[0;39m - Getting all cards for subject: 7f000101-9bf3-1319-819b-f35c75e60002 in shelve: 7f000101-9bf3-1319-819b-f35c54120001 with page: 0 and size: 1000
2026-01-30 20:05:09,509 [34mINFO [0;39m [[34mtomcat-handler-78[0;39m] [33m[XID:awebodx3zoml6ke][0;39m [32mc.a.o.a.service.impl.CardServiceImpl[0;39m - Getting all cards for subject: 7f000101-9bf3-1319-819b-f35c75e60002 in shelve: 7f000101-9bf3-1319-819b-f35c54120001 with page: 0 and size: 1000
2026-01-30 20:05:09,517 [34mINFO [0;39m [[34mtomcat-handler-77[0;39m] [33m[XID:awebwoq6ywgnkjh][0;39m [32mc.a.o.a.s.impl.SubjectServiceImpl[0;39m - Successfully retrieved subject: 7f000101-9bf3-1319-819b-f35c75e60002
2026-01-30 20:05:09,517 [34mINFO [0;39m [[34mtomcat-handler-76[0;39m] [33m[XID:aweboa5dr4phnsd][0;39m [32mc.a.oopsly.api.config.LoggingConfig[0;39m - Request: GET /api/v1/oopsly/shelves | Status: 200 | 26 ms
2026-01-30 20:05:09,518 [34mINFO [0;39m [[34mtomcat-handler-77[0;39m] [33m[XID:awebwoq6ywgnkjh][0;39m [32mc.a.oopsly.api.config.LoggingConfig[0;39m - Request: GET /api/v1/oopsly/shelves/7f000101-9bf3-1319-819b-f35c54120001/subjects/7f000101-9bf3-1319-819b-f35c75e60002 | Status: 200 | 16 ms
2026-01-30 20:05:09,521 [34mINFO [0;39m [[34mtomcat-handler-78[0;39m] [33m[XID:awebodx3zoml6ke][0;39m [32mc.a.o.a.service.impl.CardServiceImpl[0;39m - Successfully retrieved 0 cards for subject: 7f000101-9bf3-1319-819b-f35c75e60002 (total: 0)
2026-01-30 20:05:09,523 [34mINFO [0;39m [[34mtomcat-handler-78[0;39m] [33m[XID:awebodx3zoml6ke][0;39m [32mc.a.oopsly.api.config.LoggingConfig[0;39m - Request: GET /api/v1/oopsly/shelves/7f000101-9bf3-1319-819b-f35c54120001/subjects/7f000101-9bf3-1319-819b-f35c75e60002/cards | Status: 200 | 17 ms
2026-01-30 20:05:14,221 [34mINFO [0;39m [[34mtomcat-handler-80[0;39m] [33m[XID:][0;39m [32mc.a.o.a.c.JwtAuthenticationFilter[0;39m - Filtering request: /api/v1/oopsly/shelves/7f000101-9bf3-1319-819b-f35c54120001/subjects/7f000101-9bf3-1319-819b-f35c75e60002
2026-01-30 20:05:14,221 [34mINFO [0;39m [[34mtomcat-handler-81[0;39m] [33m[XID:][0;39m [32mc.a.o.a.c.JwtAuthenticationFilter[0;39m - Filtering request: /api/v1/oopsly/shelves/7f000101-9bf3-1319-819b-f35c54120001/subjects/7f000101-9bf3-1319-819b-f35c75e60002/cards
2026-01-30 20:05:14,220 [34mINFO [0;39m [[34mtomcat-handler-79[0;39m] [33m[XID:][0;39m [32mc.a.o.a.c.JwtAuthenticationFilter[0;39m - Filtering request: /api/v1/oopsly/shelves
2026-01-30 20:05:14,221 [34mINFO [0;39m [[34mtomcat-handler-80[0;39m] [33m[XID:][0;39m [32mc.a.o.a.c.JwtAuthenticationFilter[0;39m - Attempting to authenticate using jwt
2026-01-30 20:05:14,221 [34mINFO [0;39m [[34mtomcat-handler-79[0;39m] [33m[XID:][0;39m [32mc.a.o.a.c.JwtAuthenticationFilter[0;39m - Attempting to authenticate using jwt
2026-01-30 20:05:14,221 [34mINFO [0;39m [[34mtomcat-handler-81[0;39m] [33m[XID:][0;39m [32mc.a.o.a.c.JwtAuthenticationFilter[0;39m - Attempting to authenticate using jwt
2026-01-30 20:05:14,222 [34mINFO [0;39m [[34mtomcat-handler-79[0;39m] [33m[XID:][0;39m [32mc.a.o.a.c.JwtAuthenticationFilter[0;39m - User 7f000101-9bf3-1319-819b-f35c1d640000 authenticated with role USER
2026-01-30 20:05:14,222 [34mINFO [0;39m [[34mtomcat-handler-80[0;39m] [33m[XID:][0;39m [32mc.a.o.a.c.JwtAuthenticationFilter[0;39m - User 7f000101-9bf3-1319-819b-f35c1d640000 authenticated with role USER
2026-01-30 20:05:14,222 [34mINFO [0;39m [[34mtomcat-handler-81[0;39m] [33m[XID:][0;39m [32mc.a.o.a.c.JwtAuthenticationFilter[0;39m - User 7f000101-9bf3-1319-819b-f35c1d640000 authenticated with role USER
2026-01-30 20:05:14,223 [34mINFO [0;39m [[34mtomcat-handler-80[0;39m] [33m[XID:awebe7erpucrbn][0;39m [32mc.a.o.a.controller.SubjectController[0;39m - Getting subject: 7f000101-9bf3-1319-819b-f35c75e60002 from shelve: 7f000101-9bf3-1319-819b-f35c54120001
2026-01-30 20:05:14,224 [34mINFO [0;39m [[34mtomcat-handler-79[0;39m] [33m[XID:aweby306t4679cj][0;39m [32mc.a.o.a.s.impl.ShelfServiceImpl[0;39m - Retrieving current user info from UserService
2026-01-30 20:05:14,224 [34mINFO [0;39m [[34mtomcat-handler-81[0;39m] [33m[XID:awebatsse9z9vbl][0;39m [32mc.a.o.api.controller.CardController[0;39m - Getting all cards for subject: 7f000101-9bf3-1319-819b-f35c75e60002 in shelve: 7f000101-9bf3-1319-819b-f35c54120001 with page: 0 and size: 1000
2026-01-30 20:05:14,224 [34mINFO [0;39m [[34mtomcat-handler-80[0;39m] [33m[XID:awebe7erpucrbn][0;39m [32mc.a.o.a.s.impl.SubjectServiceImpl[0;39m - Getting subject: 7f000101-9bf3-1319-819b-f35c75e60002 from shelf: 7f000101-9bf3-1319-819b-f35c54120001
2026-01-30 20:05:14,224 [34mINFO [0;39m [[34mtomcat-handler-81[0;39m] [33m[XID:awebatsse9z9vbl][0;39m [32mc.a.o.a.service.impl.CardServiceImpl[0;39m - Getting all cards for subject: 7f000101-9bf3-1319-819b-f35c75e60002 in shelve: 7f000101-9bf3-1319-819b-f35c54120001 with page: 0 and size: 1000
2026-01-30 20:05:14,224 [34mINFO [0;39m [[34mtomcat-handler-79[0;39m] [33m[XID:aweby306t4679cj][0;39m [32mc.a.o.a.s.impl.ShelfServiceImpl[0;39m - Fetching shelves page 0 size 100 for user 7f000101-9bf3-1319-819b-f35c1d640000
2026-01-30 20:05:14,225 [34mINFO [0;39m [[34mtomcat-handler-79[0;39m] [33m[XID:aweby306t4679cj][0;39m [32mc.a.o.a.s.impl.ShelfServiceImpl[0;39m - Retrieving current user info from UserService
2026-01-30 20:05:14,229 [34mINFO [0;39m [[34mtomcat-handler-80[0;39m] [33m[XID:awebe7erpucrbn][0;39m [32mc.a.o.a.s.impl.SubjectServiceImpl[0;39m - Successfully retrieved subject: 7f000101-9bf3-1319-819b-f35c75e60002
2026-01-30 20:05:14,231 [34mINFO [0;39m [[34mtomcat-handler-81[0;39m] [33m[XID:awebatsse9z9vbl][0;39m [32mc.a.o.a.service.impl.CardServiceImpl[0;39m - Successfully retrieved 0 cards for subject: 7f000101-9bf3-1319-819b-f35c75e60002 (total: 0)
2026-01-30 20:05:14,232 [34mINFO [0;39m [[34mtomcat-handler-80[0;39m] [33m[XID:awebe7erpucrbn][0;39m [32mc.a.oopsly.api.config.LoggingConfig[0;39m - Request: GET /api/v1/oopsly/shelves/7f000101-9bf3-1319-819b-f35c54120001/subjects/7f000101-9bf3-1319-819b-f35c75e60002 | Status: 200 | 10 ms
2026-01-30 20:05:14,235 [34mINFO [0;39m [[34mtomcat-handler-81[0;39m] [33m[XID:awebatsse9z9vbl][0;39m [32mc.a.oopsly.api.config.LoggingConfig[0;39m - Request: GET /api/v1/oopsly/shelves/7f000101-9bf3-1319-819b-f35c54120001/subjects/7f000101-9bf3-1319-819b-f35c75e60002/cards | Status: 200 | 13 ms
2026-01-30 20:05:14,247 [34mINFO [0;39m [[34mtomcat-handler-79[0;39m] [33m[XID:aweby306t4679cj][0;39m [32mc.a.oopsly.api.config.LoggingConfig[0;39m - Request: GET /api/v1/oopsly/shelves | Status: 200 | 25 ms
2026-01-30 20:05:21,013 [34mINFO [0;39m [[34mtomcat-handler-82[0;39m] [33m[XID:][0;39m [32mc.a.o.a.c.JwtAuthenticationFilter[0;39m - Filtering request: /api/v1/oopsly/shelves
2026-01-30 20:05:21,013 [34mINFO [0;39m [[34mtomcat-handler-82[0;39m] [33m[XID:][0;39m [32mc.a.o.a.c.JwtAuthenticationFilter[0;39m - Attempting to authenticate using jwt
2026-01-30 20:05:21,014 [34mINFO [0;39m [[34mtomcat-handler-83[0;39m] [33m[XID:][0;39m [32mc.a.o.a.c.JwtAuthenticationFilter[0;39m - Filtering request: /api/v1/oopsly/shelves/7f000101-9bf3-1319-819b-f35c54120001/subjects/7f000101-9bf3-1319-819b-f35c75e60002
2026-01-30 20:05:21,014 [34mINFO [0;39m [[34mtomcat-handler-82[0;39m] [33m[XID:][0;39m [32mc.a.o.a.c.JwtAuthenticationFilter[0;39m - User 7f000101-9bf3-1319-819b-f35c1d640000 authenticated with role USER
2026-01-30 20:05:21,014 [34mINFO [0;39m [[34mtomcat-handler-83[0;39m] [33m[XID:][0;39m [32mc.a.o.a.c.JwtAuthenticationFilter[0;39m - Attempting to authenticate using jwt
2026-01-30 20:05:21,015 [34mINFO [0;39m [[34mtomcat-handler-84[0;39m] [33m[XID:][0;39m [32mc.a.o.a.c.JwtAuthenticationFilter[0;39m - Filtering request: /api/v1/oopsly/shelves/7f000101-9bf3-1319-819b-f35c54120001/subjects/7f000101-9bf3-1319-819b-f35c75e60002/cards
2026-01-30 20:05:21,015 [34mINFO [0;39m [[34mtomcat-handler-83[0;39m] [33m[XID:][0;39m [32mc.a.o.a.c.JwtAuthenticationFilter[0;39m - User 7f000101-9bf3-1319-819b-f35c1d640000 authenticated with role USER
2026-01-30 20:05:21,015 [34mINFO [0;39m [[34mtomcat-handler-84[0;39m] [33m[XID:][0;39m [32mc.a.o.a.c.JwtAuthenticationFilter[0;39m - Attempting to authenticate using jwt
2026-01-30 20:05:21,016 [34mINFO [0;39m [[34mtomcat-handler-84[0;39m] [33m[XID:][0;39m [32mc.a.o.a.c.JwtAuthenticationFilter[0;39m - User 7f000101-9bf3-1319-819b-f35c1d640000 authenticated with role USER
2026-01-30 20:05:21,016 [34mINFO [0;39m [[34mtomcat-handler-83[0;39m] [33m[XID:aweb451oqlf4k2n][0;39m [32mc.a.o.a.controller.SubjectController[0;39m - Getting subject: 7f000101-9bf3-1319-819b-f35c75e60002 from shelve: 7f000101-9bf3-1319-819b-f35c54120001
2026-01-30 20:05:21,017 [34mINFO [0;39m [[34mtomcat-handler-82[0;39m] [33m[XID:aweb3a8ukxb38bm][0;39m [32mc.a.o.a.s.impl.ShelfServiceImpl[0;39m - Retrieving current user info from UserService
2026-01-30 20:05:21,017 [34mINFO [0;39m [[34mtomcat-handler-83[0;39m] [33m[XID:aweb451oqlf4k2n][0;39m [32mc.a.o.a.s.impl.SubjectServiceImpl[0;39m - Getting subject: 7f000101-9bf3-1319-819b-f35c75e60002 from shelf: 7f000101-9bf3-1319-819b-f35c54120001
2026-01-30 20:05:21,017 [34mINFO [0;39m [[34mtomcat-handler-84[0;39m] [33m[XID:aweb4sl9bc0b2uh][0;39m [32mc.a.o.api.controller.CardController[0;39m - Getting all cards for subject: 7f000101-9bf3-1319-819b-f35c75e60002 in shelve: 7f000101-9bf3-1319-819b-f35c54120001 with page: 0 and size: 1000
2026-01-30 20:05:21,017 [34mINFO [0;39m [[34mtomcat-handler-82[0;39m] [33m[XID:aweb3a8ukxb38bm][0;39m [32mc.a.o.a.s.impl.ShelfServiceImpl[0;39m - Fetching shelves page 0 size 100 for user 7f000101-9bf3-1319-819b-f35c1d640000
2026-01-30 20:05:21,018 [34mINFO [0;39m [[34mtomcat-handler-82[0;39m] [33m[XID:aweb3a8ukxb38bm][0;39m [32mc.a.o.a.s.impl.ShelfServiceImpl[0;39m - Retrieving current user info from UserService
2026-01-30 20:05:21,018 [34mINFO [0;39m [[34mtomcat-handler-84[0;39m] [33m[XID:aweb4sl9bc0b2uh][0;39m [32mc.a.o.a.service.impl.CardServiceImpl[0;39m - Getting all cards for subject: 7f000101-9bf3-1319-819b-f35c75e60002 in shelve: 7f000101-9bf3-1319-819b-f35c54120001 with page: 0 and size: 1000
2026-01-30 20:05:21,024 [34mINFO [0;39m [[34mtomcat-handler-84[0;39m] [33m[XID:aweb4sl9bc0b2uh][0;39m [32mc.a.o.a.service.impl.CardServiceImpl[0;39m - Successfully retrieved 0 cards for subject: 7f000101-9bf3-1319-819b-f35c75e60002 (total: 0)
2026-01-30 20:05:21,024 [34mINFO [0;39m [[34mtomcat-handler-83[0;39m] [33m[XID:aweb451oqlf4k2n][0;39m [32mc.a.o.a.s.impl.SubjectServiceImpl[0;39m - Successfully retrieved subject: 7f000101-9bf3-1319-819b-f35c75e60002
2026-01-30 20:05:21,026 [34mINFO [0;39m [[34mtomcat-handler-84[0;39m] [33m[XID:aweb4sl9bc0b2uh][0;39m [32mc.a.oopsly.api.config.LoggingConfig[0;39m - Request: GET /api/v1/oopsly/shelves/7f000101-9bf3-1319-819b-f35c54120001/subjects/7f000101-9bf3-1319-819b-f35c75e60002/cards | Status: 200 | 10 ms
2026-01-30 20:05:21,028 [34mINFO [0;39m [[34mtomcat-handler-83[0;39m] [33m[XID:aweb451oqlf4k2n][0;39m [32mc.a.oopsly.api.config.LoggingConfig[0;39m - Request: GET /api/v1/oopsly/shelves/7f000101-9bf3-1319-819b-f35c54120001/subjects/7f000101-9bf3-1319-819b-f35c75e60002 | Status: 200 | 13 ms
2026-01-30 20:05:21,039 [34mINFO [0;39m [[34mtomcat-handler-82[0;39m] [33m[XID:aweb3a8ukxb38bm][0;39m [32mc.a.oopsly.api.config.LoggingConfig[0;39m - Request: GET /api/v1/oopsly/shelves | Status: 200 | 24 ms
2026-01-30 20:05:28,129 [34mINFO [0;39m [[34mtomcat-handler-85[0;39m] [33m[XID:][0;39m [32mc.a.o.a.c.JwtAuthenticationFilter[0;39m - Filtering request: /api/v1/oopsly/shelves/7f000101-9bf3-1319-819b-f3700e9c0003/subjects/7f000101-9bf3-1319-819b-f37030410004
2026-01-30 20:05:28,130 [31mWARN [0;39m [[34mtomcat-handler-85[0;39m] [33m[XID:][0;39m [32mc.a.o.a.c.JwtAuthenticationFilter[0;39m - Authorization header not present
2026-01-30 20:05:28,132 [34mINFO [0;39m [[34mtomcat-handler-85[0;39m] [33m[XID:83f1946d-a504-4b72-b2ae-b32ff6bf8b25][0;39m [32mc.a.oopsly.api.config.LoggingConfig[0;39m - Request: OPTIONS /api/v1/oopsly/shelves/7f000101-9bf3-1319-819b-f3700e9c0003/subjects/7f000101-9bf3-1319-819b-f37030410004 | Status: 200 | 2 ms
2026-01-30 20:05:28,134 [34mINFO [0;39m [[34mtomcat-handler-86[0;39m] [33m[XID:][0;39m [32mc.a.o.a.c.JwtAuthenticationFilter[0;39m - Filtering request: /api/v1/oopsly/shelves/7f000101-9bf3-1319-819b-f3700e9c0003/subjects/7f000101-9bf3-1319-819b-f37030410004/cards
2026-01-30 20:05:28,134 [31mWARN [0;39m [[34mtomcat-handler-86[0;39m] [33m[XID:][0;39m [32mc.a.o.a.c.JwtAuthenticationFilter[0;39m - Authorization header not present
2026-01-30 20:05:28,137 [34mINFO [0;39m [[34mtomcat-handler-86[0;39m] [33m[XID:14dd6d18-cd22-47de-98e0-279bfcb16222][0;39m [32mc.a.oopsly.api.config.LoggingConfig[0;39m - Request: OPTIONS /api/v1/oopsly/shelves/7f000101-9bf3-1319-819b-f3700e9c0003/subjects/7f000101-9bf3-1319-819b-f37030410004/cards | Status: 200 | 2 ms
2026-01-30 20:05:28,138 [34mINFO [0;39m [[34mtomcat-handler-87[0;39m] [33m[XID:][0;39m [32mc.a.o.a.c.JwtAuthenticationFilter[0;39m - Filtering request: /api/v1/oopsly/shelves/7f000101-9bf3-1319-819b-f3700e9c0003/subjects/7f000101-9bf3-1319-819b-f37030410004
2026-01-30 20:05:28,138 [34mINFO [0;39m [[34mtomcat-handler-87[0;39m] [33m[XID:][0;39m [32mc.a.o.a.c.JwtAuthenticationFilter[0;39m - Attempting to authenticate using jwt
2026-01-30 20:05:28,139 [34mINFO [0;39m [[34mtomcat-handler-87[0;39m] [33m[XID:][0;39m [32mc.a.o.a.c.JwtAuthenticationFilter[0;39m - User 7f000101-9bf3-1319-819b-f35c1d640000 authenticated with role USER
2026-01-30 20:05:28,142 [34mINFO [0;39m [[34mtomcat-handler-87[0;39m] [33m[XID:awebrdke2h7cwq][0;39m [32mc.a.o.a.controller.SubjectController[0;39m - Getting subject: 7f000101-9bf3-1319-819b-f37030410004 from shelve: 7f000101-9bf3-1319-819b-f3700e9c0003
2026-01-30 20:05:28,142 [34mINFO [0;39m [[34mtomcat-handler-87[0;39m] [33m[XID:awebrdke2h7cwq][0;39m [32mc.a.o.a.s.impl.SubjectServiceImpl[0;39m - Getting subject: 7f000101-9bf3-1319-819b-f37030410004 from shelf: 7f000101-9bf3-1319-819b-f3700e9c0003
2026-01-30 20:05:28,148 [34mINFO [0;39m [[34mtomcat-handler-87[0;39m] [33m[XID:awebrdke2h7cwq][0;39m [32mc.a.o.a.s.impl.SubjectServiceImpl[0;39m - Successfully retrieved subject: 7f000101-9bf3-1319-819b-f37030410004
2026-01-30 20:05:28,149 [34mINFO [0;39m [[34mtomcat-handler-88[0;39m] [33m[XID:][0;39m [32mc.a.o.a.c.JwtAuthenticationFilter[0;39m - Filtering request: /api/v1/oopsly/shelves/7f000101-9bf3-1319-819b-f3700e9c0003/subjects/7f000101-9bf3-1319-819b-f37030410004/cards
2026-01-30 20:05:28,150 [34mINFO [0;39m [[34mtomcat-handler-87[0;39m] [33m[XID:awebrdke2h7cwq][0;39m [32mc.a.oopsly.api.config.LoggingConfig[0;39m - Request: GET /api/v1/oopsly/shelves/7f000101-9bf3-1319-819b-f3700e9c0003/subjects/7f000101-9bf3-1319-819b-f37030410004 | Status: 200 | 10 ms
2026-01-30 20:05:28,153 [34mINFO [0;39m [[34mtomcat-handler-88[0;39m] [33m[XID:][0;39m [32mc.a.o.a.c.JwtAuthenticationFilter[0;39m - Attempting to authenticate using jwt
2026-01-30 20:05:28,154 [34mINFO [0;39m [[34mtomcat-handler-88[0;39m] [33m[XID:][0;39m [32mc.a.o.a.c.JwtAuthenticationFilter[0;39m - User 7f000101-9bf3-1319-819b-f35c1d640000 authenticated with role USER
2026-01-30 20:05:28,157 [34mINFO [0;39m [[34mtomcat-handler-88[0;39m] [33m[XID:awebap3aoum9usf][0;39m [32mc.a.o.api.controller.CardController[0;39m - Getting all cards for subject: 7f000101-9bf3-1319-819b-f37030410004 in shelve: 7f000101-9bf3-1319-819b-f3700e9c0003 with page: 0 and size: 1000
2026-01-30 20:05:28,158 [34mINFO [0;39m [[34mtomcat-handler-88[0;39m] [33m[XID:awebap3aoum9usf][0;39m [32mc.a.o.a.service.impl.CardServiceImpl[0;39m - Getting all cards for subject: 7f000101-9bf3-1319-819b-f37030410004 in shelve: 7f000101-9bf3-1319-819b-f3700e9c0003 with page: 0 and size: 1000
2026-01-30 20:05:28,165 [34mINFO [0;39m [[34mtomcat-handler-88[0;39m] [33m[XID:awebap3aoum9usf][0;39m [32mc.a.o.a.service.impl.CardServiceImpl[0;39m - Successfully retrieved 0 cards for subject: 7f000101-9bf3-1319-819b-f37030410004 (total: 0)
2026-01-30 20:05:28,168 [34mINFO [0;39m [[34mtomcat-handler-88[0;39m] [33m[XID:awebap3aoum9usf][0;39m [32mc.a.oopsly.api.config.LoggingConfig[0;39m - Request: GET /api/v1/oopsly/shelves/7f000101-9bf3-1319-819b-f3700e9c0003/subjects/7f000101-9bf3-1319-819b-f37030410004/cards | Status: 200 | 13 ms
2026-01-30 20:05:36,307 [34mINFO [0;39m [[34mtomcat-handler-89[0;39m] [33m[XID:][0;39m [32mc.a.o.a.c.JwtAuthenticationFilter[0;39m - Filtering request: /api/v1/oopsly/shelves/7f000101-9bf3-1319-819b-f3700e9c0003/subjects/7f000101-9bf3-1319-819b-f37030410004/settings
2026-01-30 20:05:36,307 [31mWARN [0;39m [[34mtomcat-handler-89[0;39m] [33m[XID:][0;39m [32mc.a.o.a.c.JwtAuthenticationFilter[0;39m - Authorization header not present
2026-01-30 20:05:36,309 [34mINFO [0;39m [[34mtomcat-handler-89[0;39m] [33m[XID:ff800b08-338f-49c8-9147-00909d55d788][0;39m [32mc.a.oopsly.api.config.LoggingConfig[0;39m - Request: OPTIONS /api/v1/oopsly/shelves/7f000101-9bf3-1319-819b-f3700e9c0003/subjects/7f000101-9bf3-1319-819b-f37030410004/settings | Status: 200 | 1 ms
2026-01-30 20:05:36,314 [34mINFO [0;39m [[34mtomcat-handler-90[0;39m] [33m[XID:][0;39m [32mc.a.o.a.c.JwtAuthenticationFilter[0;39m - Filtering request: /api/v1/oopsly/shelves/7f000101-9bf3-1319-819b-f3700e9c0003/subjects/7f000101-9bf3-1319-819b-f37030410004/settings
2026-01-30 20:05:36,315 [34mINFO [0;39m [[34mtomcat-handler-90[0;39m] [33m[XID:][0;39m [32mc.a.o.a.c.JwtAuthenticationFilter[0;39m - Attempting to authenticate using jwt
2026-01-30 20:05:36,316 [34mINFO [0;39m [[34mtomcat-handler-90[0;39m] [33m[XID:][0;39m [32mc.a.o.a.c.JwtAuthenticationFilter[0;39m - User 7f000101-9bf3-1319-819b-f35c1d640000 authenticated with role USER
2026-01-30 20:05:36,329 [34mINFO [0;39m [[34mtomcat-handler-90[0;39m] [33m[XID:awebs4e72zixxzn][0;39m [32mc.a.o.a.controller.SubjectController[0;39m - Updating Setting for subject: 7f000101-9bf3-1319-819b-f37030410004 in shelve: 7f000101-9bf3-1319-819b-f3700e9c0003
2026-01-30 20:05:36,330 [34mINFO [0;39m [[34mtomcat-handler-90[0;39m] [33m[XID:awebs4e72zixxzn][0;39m [32mc.a.o.a.s.impl.SubjectServiceImpl[0;39m - Updating subject settings: 7f000101-9bf3-1319-819b-f37030410004 in shelf: 7f000101-9bf3-1319-819b-f3700e9c0003
2026-01-30 20:05:36,437 [34mINFO [0;39m [[34mtomcat-handler-90[0;39m] [33m[XID:awebs4e72zixxzn][0;39m [32mc.a.o.a.s.impl.SubjectServiceImpl[0;39m - Successfully updated subject settings: 7f000101-9bf3-1319-819b-f37030410004
2026-01-30 20:05:36,442 [34mINFO [0;39m [[34mtomcat-handler-90[0;39m] [33m[XID:awebs4e72zixxzn][0;39m [32mc.a.oopsly.api.config.LoggingConfig[0;39m - Request: PUT /api/v1/oopsly/shelves/7f000101-9bf3-1319-819b-f3700e9c0003/subjects/7f000101-9bf3-1319-819b-f37030410004/settings | Status: 200 | 126 ms
2026-01-30 20:05:36,449 [34mINFO [0;39m [[34mtomcat-handler-91[0;39m] [33m[XID:][0;39m [32mc.a.o.a.c.JwtAuthenticationFilter[0;39m - Filtering request: /api/v1/oopsly/shelves/7f000101-9bf3-1319-819b-f3700e9c0003/subjects/7f000101-9bf3-1319-819b-f37030410004
2026-01-30 20:05:36,449 [34mINFO [0;39m [[34mtomcat-handler-91[0;39m] [33m[XID:][0;39m [32mc.a.o.a.c.JwtAuthenticationFilter[0;39m - Attempting to authenticate using jwt
2026-01-30 20:05:36,450 [34mINFO [0;39m [[34mtomcat-handler-91[0;39m] [33m[XID:][0;39m [32mc.a.o.a.c.JwtAuthenticationFilter[0;39m - User 7f000101-9bf3-1319-819b-f35c1d640000 authenticated with role USER
2026-01-30 20:05:36,453 [34mINFO [0;39m [[34mtomcat-handler-91[0;39m] [33m[XID:awebxctbq4767m][0;39m [32mc.a.o.a.controller.SubjectController[0;39m - Getting subject: 7f000101-9bf3-1319-819b-f37030410004 from shelve: 7f000101-9bf3-1319-819b-f3700e9c0003
2026-01-30 20:05:36,454 [34mINFO [0;39m [[34mtomcat-handler-91[0;39m] [33m[XID:awebxctbq4767m][0;39m [32mc.a.o.a.s.impl.SubjectServiceImpl[0;39m - Getting subject: 7f000101-9bf3-1319-819b-f37030410004 from shelf: 7f000101-9bf3-1319-819b-f3700e9c0003
2026-01-30 20:05:36,461 [34mINFO [0;39m [[34mtomcat-handler-91[0;39m] [33m[XID:awebxctbq4767m][0;39m [32mc.a.o.a.s.impl.SubjectServiceImpl[0;39m - Successfully retrieved subject: 7f000101-9bf3-1319-819b-f37030410004
2026-01-30 20:05:36,463 [34mINFO [0;39m [[34mtomcat-handler-91[0;39m] [33m[XID:awebxctbq4767m][0;39m [32mc.a.oopsly.api.config.LoggingConfig[0;39m - Request: GET /api/v1/oopsly/shelves/7f000101-9bf3-1319-819b-f3700e9c0003/subjects/7f000101-9bf3-1319-819b-f37030410004 | Status: 200 | 12 ms
2026-01-30 20:09:21,747 [34mINFO [0;39m [[34mtomcat-handler-95[0;39m] [33m[XID:][0;39m [32mc.a.o.a.c.JwtAuthenticationFilter[0;39m - Filtering request: /api/v1/oopsly/shelves/7f000101-9bf3-1319-819b-f3700e9c0003/subjects/7f000101-9bf3-1319-819b-f37030410004
2026-01-30 20:09:21,747 [34mINFO [0;39m [[34mtomcat-handler-96[0;39m] [33m[XID:][0;39m [32mc.a.o.a.c.JwtAuthenticationFilter[0;39m - Filtering request: /api/v1/oopsly/shelves/7f000101-9bf3-1319-819b-f3700e9c0003/subjects/7f000101-9bf3-1319-819b-f37030410004/cards
2026-01-30 20:09:21,748 [34mINFO [0;39m [[34mtomcat-handler-95[0;39m] [33m[XID:][0;39m [32mc.a.o.a.c.JwtAuthenticationFilter[0;39m - Attempting to authenticate using jwt
2026-01-30 20:09:21,748 [34mINFO [0;39m [[34mtomcat-handler-96[0;39m] [33m[XID:][0;39m [32mc.a.o.a.c.JwtAuthenticationFilter[0;39m - Attempting to authenticate using jwt
2026-01-30 20:09:21,750 [34mINFO [0;39m [[34mtomcat-handler-96[0;39m] [33m[XID:][0;39m [32mc.a.o.a.c.JwtAuthenticationFilter[0;39m - User 7f000101-9bf3-1319-819b-f35c1d640000 authenticated with role USER
2026-01-30 20:09:21,750 [34mINFO [0;39m [[34mtomcat-handler-95[0;39m] [33m[XID:][0;39m [32mc.a.o.a.c.JwtAuthenticationFilter[0;39m - User 7f000101-9bf3-1319-819b-f35c1d640000 authenticated with role USER
2026-01-30 20:09:21,756 [34mINFO [0;39m [[34mtomcat-handler-95[0;39m] [33m[XID:awebjun9wv1o5mb][0;39m [32mc.a.o.a.controller.SubjectController[0;39m - Getting subject: 7f000101-9bf3-1319-819b-f37030410004 from shelve: 7f000101-9bf3-1319-819b-f3700e9c0003
2026-01-30 20:09:21,757 [34mINFO [0;39m [[34mtomcat-handler-96[0;39m] [33m[XID:aweb99jstvx2fo7][0;39m [32mc.a.o.api.controller.CardController[0;39m - Getting all cards for subject: 7f000101-9bf3-1319-819b-f37030410004 in shelve: 7f000101-9bf3-1319-819b-f3700e9c0003 with page: 0 and size: 1000
2026-01-30 20:09:21,758 [34mINFO [0;39m [[34mtomcat-handler-95[0;39m] [33m[XID:awebjun9wv1o5mb][0;39m [32mc.a.o.a.s.impl.SubjectServiceImpl[0;39m - Getting subject: 7f000101-9bf3-1319-819b-f37030410004 from shelf: 7f000101-9bf3-1319-819b-f3700e9c0003
2026-01-30 20:09:21,758 [34mINFO [0;39m [[34mtomcat-handler-96[0;39m] [33m[XID:aweb99jstvx2fo7][0;39m [32mc.a.o.a.service.impl.CardServiceImpl[0;39m - Getting all cards for subject: 7f000101-9bf3-1319-819b-f37030410004 in shelve: 7f000101-9bf3-1319-819b-f3700e9c0003 with page: 0 and size: 1000
2026-01-30 20:09:21,766 [34mINFO [0;39m [[34mtomcat-handler-95[0;39m] [33m[XID:awebjun9wv1o5mb][0;39m [32mc.a.o.a.s.impl.SubjectServiceImpl[0;39m - Successfully retrieved subject: 7f000101-9bf3-1319-819b-f37030410004
2026-01-30 20:09:21,768 [34mINFO [0;39m [[34mtomcat-handler-96[0;39m] [33m[XID:aweb99jstvx2fo7][0;39m [32mc.a.o.a.service.impl.CardServiceImpl[0;39m - Successfully retrieved 0 cards for subject: 7f000101-9bf3-1319-819b-f37030410004 (total: 0)
2026-01-30 20:09:21,771 [34mINFO [0;39m [[34mtomcat-handler-96[0;39m] [33m[XID:aweb99jstvx2fo7][0;39m [32mc.a.oopsly.api.config.LoggingConfig[0;39m - Request: GET /api/v1/oopsly/shelves/7f000101-9bf3-1319-819b-f3700e9c0003/subjects/7f000101-9bf3-1319-819b-f37030410004/cards | Status: 200 | 19 ms
2026-01-30 20:09:21,771 [34mINFO [0;39m [[34mtomcat-handler-95[0;39m] [33m[XID:awebjun9wv1o5mb][0;39m [32mc.a.oopsly.api.config.LoggingConfig[0;39m - Request: GET /api/v1/oopsly/shelves/7f000101-9bf3-1319-819b-f3700e9c0003/subjects/7f000101-9bf3-1319-819b-f37030410004 | Status: 200 | 19 ms
2026-01-30 20:09:30,381 [34mINFO [0;39m [[34mtomcat-handler-97[0;39m] [33m[XID:][0;39m [32mc.a.o.a.c.JwtAuthenticationFilter[0;39m - Filtering request: /api/v1/oopsly/shelves/7f000101-9bf3-1319-819b-f3700e9c0003/subjects/7f000101-9bf3-1319-819b-f37030410004
2026-01-30 20:09:30,382 [34mINFO [0;39m [[34mtomcat-handler-97[0;39m] [33m[XID:][0;39m [32mc.a.o.a.c.JwtAuthenticationFilter[0;39m - Attempting to authenticate using jwt
2026-01-30 20:09:30,382 [34mINFO [0;39m [[34mtomcat-handler-98[0;39m] [33m[XID:][0;39m [32mc.a.o.a.c.JwtAuthenticationFilter[0;39m - Filtering request: /api/v1/oopsly/shelves/7f000101-9bf3-1319-819b-f3700e9c0003/subjects/7f000101-9bf3-1319-819b-f37030410004/cards
2026-01-30 20:09:30,382 [34mINFO [0;39m [[34mtomcat-handler-98[0;39m] [33m[XID:][0;39m [32mc.a.o.a.c.JwtAuthenticationFilter[0;39m - Attempting to authenticate using jwt
2026-01-30 20:09:30,383 [34mINFO [0;39m [[34mtomcat-handler-97[0;39m] [33m[XID:][0;39m [32mc.a.o.a.c.JwtAuthenticationFilter[0;39m - User 7f000101-9bf3-1319-819b-f35c1d640000 authenticated with role USER
2026-01-30 20:09:30,383 [34mINFO [0;39m [[34mtomcat-handler-98[0;39m] [33m[XID:][0;39m [32mc.a.o.a.c.JwtAuthenticationFilter[0;39m - User 7f000101-9bf3-1319-819b-f35c1d640000 authenticated with role USER
2026-01-30 20:09:30,385 [34mINFO [0;39m [[34mtomcat-handler-97[0;39m] [33m[XID:awebyun1s93p0vt][0;39m [32mc.a.o.a.controller.SubjectController[0;39m - Getting subject: 7f000101-9bf3-1319-819b-f37030410004 from shelve: 7f000101-9bf3-1319-819b-f3700e9c0003
2026-01-30 20:09:30,385 [34mINFO [0;39m [[34mtomcat-handler-98[0;39m] [33m[XID:awebeifo57cr1mo][0;39m [32mc.a.o.api.controller.CardController[0;39m - Getting all cards for subject: 7f000101-9bf3-1319-819b-f37030410004 in shelve: 7f000101-9bf3-1319-819b-f3700e9c0003 with page: 0 and size: 1000
2026-01-30 20:09:30,385 [34mINFO [0;39m [[34mtomcat-handler-97[0;39m] [33m[XID:awebyun1s93p0vt][0;39m [32mc.a.o.a.s.impl.SubjectServiceImpl[0;39m - Getting subject: 7f000101-9bf3-1319-819b-f37030410004 from shelf: 7f000101-9bf3-1319-819b-f3700e9c0003
2026-01-30 20:09:30,385 [34mINFO [0;39m [[34mtomcat-handler-98[0;39m] [33m[XID:awebeifo57cr1mo][0;39m [32mc.a.o.a.service.impl.CardServiceImpl[0;39m - Getting all cards for subject: 7f000101-9bf3-1319-819b-f37030410004 in shelve: 7f000101-9bf3-1319-819b-f3700e9c0003 with page: 0 and size: 1000
2026-01-30 20:09:30,390 [34mINFO [0;39m [[34mtomcat-handler-97[0;39m] [33m[XID:awebyun1s93p0vt][0;39m [32mc.a.o.a.s.impl.SubjectServiceImpl[0;39m - Successfully retrieved subject: 7f000101-9bf3-1319-819b-f37030410004
2026-01-30 20:09:30,392 [34mINFO [0;39m [[34mtomcat-handler-98[0;39m] [33m[XID:awebeifo57cr1mo][0;39m [32mc.a.o.a.service.impl.CardServiceImpl[0;39m - Successfully retrieved 0 cards for subject: 7f000101-9bf3-1319-819b-f37030410004 (total: 0)
2026-01-30 20:09:30,393 [34mINFO [0;39m [[34mtomcat-handler-98[0;39m] [33m[XID:awebeifo57cr1mo][0;39m [32mc.a.oopsly.api.config.LoggingConfig[0;39m - Request: GET /api/v1/oopsly/shelves/7f000101-9bf3-1319-819b-f3700e9c0003/subjects/7f000101-9bf3-1319-819b-f37030410004/cards | Status: 200 | 10 ms
2026-01-30 20:09:30,393 [34mINFO [0;39m [[34mtomcat-handler-97[0;39m] [33m[XID:awebyun1s93p0vt][0;39m [32mc.a.oopsly.api.config.LoggingConfig[0;39m - Request: GET /api/v1/oopsly/shelves/7f000101-9bf3-1319-819b-f3700e9c0003/subjects/7f000101-9bf3-1319-819b-f37030410004 | Status: 200 | 10 ms
2026-01-30 20:09:33,298 [34mINFO [0;39m [[34mtomcat-handler-99[0;39m] [33m[XID:][0;39m [32mc.a.o.a.c.JwtAuthenticationFilter[0;39m - Filtering request: /api/v1/oopsly/shelves/7f000101-9bf3-1319-819b-f3700e9c0003/subjects/7f000101-9bf3-1319-819b-f37030410004
2026-01-30 20:09:33,298 [34mINFO [0;39m [[34mtomcat-handler-99[0;39m] [33m[XID:][0;39m [32mc.a.o.a.c.JwtAuthenticationFilter[0;39m - Attempting to authenticate using jwt
2026-01-30 20:09:33,298 [34mINFO [0;39m [[34mtomcat-handler-100[0;39m] [33m[XID:][0;39m [32mc.a.o.a.c.JwtAuthenticationFilter[0;39m - Filtering request: /api/v1/oopsly/shelves/7f000101-9bf3-1319-819b-f3700e9c0003/subjects/7f000101-9bf3-1319-819b-f37030410004/cards
2026-01-30 20:09:33,298 [34mINFO [0;39m [[34mtomcat-handler-100[0;39m] [33m[XID:][0;39m [32mc.a.o.a.c.JwtAuthenticationFilter[0;39m - Attempting to authenticate using jwt
2026-01-30 20:09:33,299 [34mINFO [0;39m [[34mtomcat-handler-99[0;39m] [33m[XID:][0;39m [32mc.a.o.a.c.JwtAuthenticationFilter[0;39m - User 7f000101-9bf3-1319-819b-f35c1d640000 authenticated with role USER
2026-01-30 20:09:33,299 [34mINFO [0;39m [[34mtomcat-handler-100[0;39m] [33m[XID:][0;39m [32mc.a.o.a.c.JwtAuthenticationFilter[0;39m - User 7f000101-9bf3-1319-819b-f35c1d640000 authenticated with role USER
2026-01-30 20:09:33,301 [34mINFO [0;39m [[34mtomcat-handler-99[0;39m] [33m[XID:aweb1el2hfr2j4x][0;39m [32mc.a.o.a.controller.SubjectController[0;39m - Getting subject: 7f000101-9bf3-1319-819b-f37030410004 from shelve: 7f000101-9bf3-1319-819b-f3700e9c0003
2026-01-30 20:09:33,301 [34mINFO [0;39m [[34mtomcat-handler-100[0;39m] [33m[XID:awebeb5iv9dj2xv][0;39m [32mc.a.o.api.controller.CardController[0;39m - Getting all cards for subject: 7f000101-9bf3-1319-819b-f37030410004 in shelve: 7f000101-9bf3-1319-819b-f3700e9c0003 with page: 0 and size: 1000
2026-01-30 20:09:33,301 [34mINFO [0;39m [[34mtomcat-handler-99[0;39m] [33m[XID:aweb1el2hfr2j4x][0;39m [32mc.a.o.a.s.impl.SubjectServiceImpl[0;39m - Getting subject: 7f000101-9bf3-1319-819b-f37030410004 from shelf: 7f000101-9bf3-1319-819b-f3700e9c0003
2026-01-30 20:09:33,301 [34mINFO [0;39m [[34mtomcat-handler-100[0;39m] [33m[XID:awebeb5iv9dj2xv][0;39m [32mc.a.o.a.service.impl.CardServiceImpl[0;39m - Getting all cards for subject: 7f000101-9bf3-1319-819b-f37030410004 in shelve: 7f000101-9bf3-1319-819b-f3700e9c0003 with page: 0 and size: 1000
2026-01-30 20:09:33,308 [34mINFO [0;39m [[34mtomcat-handler-99[0;39m] [33m[XID:aweb1el2hfr2j4x][0;39m [32mc.a.o.a.s.impl.SubjectServiceImpl[0;39m - Successfully retrieved subject: 7f000101-9bf3-1319-819b-f37030410004
2026-01-30 20:09:33,310 [34mINFO [0;39m [[34mtomcat-handler-99[0;39m] [33m[XID:aweb1el2hfr2j4x][0;39m [32mc.a.oopsly.api.config.LoggingConfig[0;39m - Request: GET /api/v1/oopsly/shelves/7f000101-9bf3-1319-819b-f3700e9c0003/subjects/7f000101-9bf3-1319-819b-f37030410004 | Status: 200 | 11 ms
2026-01-30 20:09:33,314 [34mINFO [0;39m [[34mtomcat-handler-100[0;39m] [33m[XID:awebeb5iv9dj2xv][0;39m [32mc.a.o.a.service.impl.CardServiceImpl[0;39m - Successfully retrieved 0 cards for subject: 7f000101-9bf3-1319-819b-f37030410004 (total: 0)
2026-01-30 20:09:33,316 [34mINFO [0;39m [[34mtomcat-handler-100[0;39m] [33m[XID:awebeb5iv9dj2xv][0;39m [32mc.a.oopsly.api.config.LoggingConfig[0;39m - Request: GET /api/v1/oopsly/shelves/7f000101-9bf3-1319-819b-f3700e9c0003/subjects/7f000101-9bf3-1319-819b-f37030410004/cards | Status: 200 | 16 ms
2026-01-30 20:10:00,469 [34mINFO [0;39m [[34mtomcat-handler-101[0;39m] [33m[XID:][0;39m [32mc.a.o.a.c.JwtAuthenticationFilter[0;39m - Filtering request: /api/v1/oopsly/shelves/7f000101-9bf3-1319-819b-f3700e9c0003/subjects/7f000101-9bf3-1319-819b-f37030410004
2026-01-30 20:10:00,469 [34mINFO [0;39m [[34mtomcat-handler-101[0;39m] [33m[XID:][0;39m [32mc.a.o.a.c.JwtAuthenticationFilter[0;39m - Attempting to authenticate using jwt
2026-01-30 20:10:00,470 [34mINFO [0;39m [[34mtomcat-handler-102[0;39m] [33m[XID:][0;39m [32mc.a.o.a.c.JwtAuthenticationFilter[0;39m - Filtering request: /api/v1/oopsly/shelves/7f000101-9bf3-1319-819b-f3700e9c0003/subjects/7f000101-9bf3-1319-819b-f37030410004/cards
2026-01-30 20:10:00,470 [34mINFO [0;39m [[34mtomcat-handler-102[0;39m] [33m[XID:][0;39m [32mc.a.o.a.c.JwtAuthenticationFilter[0;39m - Attempting to authenticate using jwt
2026-01-30 20:10:00,471 [34mINFO [0;39m [[34mtomcat-handler-101[0;39m] [33m[XID:][0;39m [32mc.a.o.a.c.JwtAuthenticationFilter[0;39m - User 7f000101-9bf3-1319-819b-f35c1d640000 authenticated with role USER
2026-01-30 20:10:00,471 [34mINFO [0;39m [[34mtomcat-handler-102[0;39m] [33m[XID:][0;39m [32mc.a.o.a.c.JwtAuthenticationFilter[0;39m - User 7f000101-9bf3-1319-819b-f35c1d640000 authenticated with role USER
2026-01-30 20:10:00,473 [34mINFO [0;39m [[34mtomcat-handler-101[0;39m] [33m[XID:awebz1j8y1nfodf][0;39m [32mc.a.o.a.controller.SubjectController[0;39m - Getting subject: 7f000101-9bf3-1319-819b-f37030410004 from shelve: 7f000101-9bf3-1319-819b-f3700e9c0003
2026-01-30 20:10:00,474 [34mINFO [0;39m [[34mtomcat-handler-101[0;39m] [33m[XID:awebz1j8y1nfodf][0;39m [32mc.a.o.a.s.impl.SubjectServiceImpl[0;39m - Getting subject: 7f000101-9bf3-1319-819b-f37030410004 from shelf: 7f000101-9bf3-1319-819b-f3700e9c0003
2026-01-30 20:10:00,474 [34mINFO [0;39m [[34mtomcat-handler-102[0;39m] [33m[XID:awebic6p0vena6][0;39m [32mc.a.o.api.controller.CardController[0;39m - Getting all cards for subject: 7f000101-9bf3-1319-819b-f37030410004 in shelve: 7f000101-9bf3-1319-819b-f3700e9c0003 with page: 0 and size: 1000
2026-01-30 20:10:00,474 [34mINFO [0;39m [[34mtomcat-handler-102[0;39m] [33m[XID:awebic6p0vena6][0;39m [32mc.a.o.a.service.impl.CardServiceImpl[0;39m - Getting all cards for subject: 7f000101-9bf3-1319-819b-f37030410004 in shelve: 7f000101-9bf3-1319-819b-f3700e9c0003 with page: 0 and size: 1000
2026-01-30 20:10:00,480 [34mINFO [0;39m [[34mtomcat-handler-101[0;39m] [33m[XID:awebz1j8y1nfodf][0;39m [32mc.a.o.a.s.impl.SubjectServiceImpl[0;39m - Successfully retrieved subject: 7f000101-9bf3-1319-819b-f37030410004
2026-01-30 20:10:00,483 [34mINFO [0;39m [[34mtomcat-handler-101[0;39m] [33m[XID:awebz1j8y1nfodf][0;39m [32mc.a.oopsly.api.config.LoggingConfig[0;39m - Request: GET /api/v1/oopsly/shelves/7f000101-9bf3-1319-819b-f3700e9c0003/subjects/7f000101-9bf3-1319-819b-f37030410004 | Status: 200 | 11 ms
2026-01-30 20:10:00,486 [34mINFO [0;39m [[34mtomcat-handler-102[0;39m] [33m[XID:awebic6p0vena6][0;39m [32mc.a.o.a.service.impl.CardServiceImpl[0;39m - Successfully retrieved 0 cards for subject: 7f000101-9bf3-1319-819b-f37030410004 (total: 0)
2026-01-30 20:10:00,490 [34mINFO [0;39m [[34mtomcat-handler-102[0;39m] [33m[XID:awebic6p0vena6][0;39m [32mc.a.oopsly.api.config.LoggingConfig[0;39m - Request: GET /api/v1/oopsly/shelves/7f000101-9bf3-1319-819b-f3700e9c0003/subjects/7f000101-9bf3-1319-819b-f37030410004/cards | Status: 200 | 18 ms
2026-01-30 20:10:01,442 [34mINFO [0;39m [[34mtomcat-handler-103[0;39m] [33m[XID:][0;39m [32mc.a.o.a.c.JwtAuthenticationFilter[0;39m - Filtering request: /api/v1/oopsly/shelves/7f000101-9bf3-1319-819b-f3700e9c0003/subjects/7f000101-9bf3-1319-819b-f37030410004
2026-01-30 20:10:01,443 [34mINFO [0;39m [[34mtomcat-handler-103[0;39m] [33m[XID:][0;39m [32mc.a.o.a.c.JwtAuthenticationFilter[0;39m - Attempting to authenticate using jwt
2026-01-30 20:10:01,444 [34mINFO [0;39m [[34mtomcat-handler-103[0;39m] [33m[XID:][0;39m [32mc.a.o.a.c.JwtAuthenticationFilter[0;39m - User 7f000101-9bf3-1319-819b-f35c1d640000 authenticated with role USER
2026-01-30 20:10:01,446 [34mINFO [0;39m [[34mtomcat-handler-104[0;39m] [33m[XID:][0;39m [32mc.a.o.a.c.JwtAuthenticationFilter[0;39m - Filtering request: /api/v1/oopsly/shelves/7f000101-9bf3-1319-819b-f3700e9c0003/subjects/7f000101-9bf3-1319-819b-f37030410004/cards
2026-01-30 20:10:01,446 [34mINFO [0;39m [[34mtomcat-handler-104[0;39m] [33m[XID:][0;39m [32mc.a.o.a.c.JwtAuthenticationFilter[0;39m - Attempting to authenticate using jwt
2026-01-30 20:10:01,447 [34mINFO [0;39m [[34mtomcat-handler-103[0;39m] [33m[XID:aweb8ruemdmt13h][0;39m [32mc.a.o.a.controller.SubjectController[0;39m - Getting subject: 7f000101-9bf3-1319-819b-f37030410004 from shelve: 7f000101-9bf3-1319-819b-f3700e9c0003
2026-01-30 20:10:01,447 [34mINFO [0;39m [[34mtomcat-handler-103[0;39m] [33m[XID:aweb8ruemdmt13h][0;39m [32mc.a.o.a.s.impl.SubjectServiceImpl[0;39m - Getting subject: 7f000101-9bf3-1319-819b-f37030410004 from shelf: 7f000101-9bf3-1319-819b-f3700e9c0003
2026-01-30 20:10:01,447 [34mINFO [0;39m [[34mtomcat-handler-104[0;39m] [33m[XID:][0;39m [32mc.a.o.a.c.JwtAuthenticationFilter[0;39m - User 7f000101-9bf3-1319-819b-f35c1d640000 authenticated with role USER
2026-01-30 20:10:01,450 [34mINFO [0;39m [[34mtomcat-handler-104[0;39m] [33m[XID:awebnpridxlgfg][0;39m [32mc.a.o.api.controller.CardController[0;39m - Getting all cards for subject: 7f000101-9bf3-1319-819b-f37030410004 in shelve: 7f000101-9bf3-1319-819b-f3700e9c0003 with page: 0 and size: 1000
2026-01-30 20:10:01,451 [34mINFO [0;39m [[34mtomcat-handler-104[0;39m] [33m[XID:awebnpridxlgfg][0;39m [32mc.a.o.a.service.impl.CardServiceImpl[0;39m - Getting all cards for subject: 7f000101-9bf3-1319-819b-f37030410004 in shelve: 7f000101-9bf3-1319-819b-f3700e9c0003 with page: 0 and size: 1000
2026-01-30 20:10:01,457 [34mINFO [0;39m [[34mtomcat-handler-103[0;39m] [33m[XID:aweb8ruemdmt13h][0;39m [32mc.a.o.a.s.impl.SubjectServiceImpl[0;39m - Successfully retrieved subject: 7f000101-9bf3-1319-819b-f37030410004
2026-01-30 20:10:01,460 [34mINFO [0;39m [[34mtomcat-handler-103[0;39m] [33m[XID:aweb8ruemdmt13h][0;39m [32mc.a.oopsly.api.config.LoggingConfig[0;39m - Request: GET /api/v1/oopsly/shelves/7f000101-9bf3-1319-819b-f3700e9c0003/subjects/7f000101-9bf3-1319-819b-f37030410004 | Status: 200 | 15 ms
2026-01-30 20:10:01,460 [34mINFO [0;39m [[34mtomcat-handler-104[0;39m] [33m[XID:awebnpridxlgfg][0;39m [32mc.a.o.a.service.impl.CardServiceImpl[0;39m - Successfully retrieved 0 cards for subject: 7f000101-9bf3-1319-819b-f37030410004 (total: 0)
2026-01-30 20:10:01,462 [34mINFO [0;39m [[34mtomcat-handler-104[0;39m] [33m[XID:awebnpridxlgfg][0;39m [32mc.a.oopsly.api.config.LoggingConfig[0;39m - Request: GET /api/v1/oopsly/shelves/7f000101-9bf3-1319-819b-f3700e9c0003/subjects/7f000101-9bf3-1319-819b-f37030410004/cards | Status: 200 | 14 ms
2026-01-30 20:10:18,476 [34mINFO [0;39m [[34mtomcat-handler-106[0;39m] [33m[XID:][0;39m [32mc.a.o.a.c.JwtAuthenticationFilter[0;39m - Filtering request: /api/v1/oopsly/shelves/7f000101-9bf3-1319-819b-f3700e9c0003/subjects/7f000101-9bf3-1319-819b-f37030410004/cards
2026-01-30 20:10:18,477 [34mINFO [0;39m [[34mtomcat-handler-106[0;39m] [33m[XID:][0;39m [32mc.a.o.a.c.JwtAuthenticationFilter[0;39m - Attempting to authenticate using jwt
2026-01-30 20:10:18,487 [34mINFO [0;39m [[34mtomcat-handler-106[0;39m] [33m[XID:][0;39m [32mc.a.o.a.c.JwtAuthenticationFilter[0;39m - User 7f000101-9bf3-1319-819b-f35c1d640000 authenticated with role USER
2026-01-30 20:10:18,492 [34mINFO [0;39m [[34mtomcat-handler-105[0;39m] [33m[XID:][0;39m [32mc.a.o.a.c.JwtAuthenticationFilter[0;39m - Filtering request: /api/v1/oopsly/shelves/7f000101-9bf3-1319-819b-f3700e9c0003/subjects/7f000101-9bf3-1319-819b-f37030410004
2026-01-30 20:10:18,492 [34mINFO [0;39m [[34mtomcat-handler-105[0;39m] [33m[XID:][0;39m [32mc.a.o.a.c.JwtAuthenticationFilter[0;39m - Attempting to authenticate using jwt
2026-01-30 20:10:18,493 [34mINFO [0;39m [[34mtomcat-handler-105[0;39m] [33m[XID:][0;39m [32mc.a.o.a.c.JwtAuthenticationFilter[0;39m - User 7f000101-9bf3-1319-819b-f35c1d640000 authenticated with role USER
2026-01-30 20:10:18,508 [34mINFO [0;39m [[34mtomcat-handler-106[0;39m] [33m[XID:awebsl9fitvw7o][0;39m [32mc.a.o.api.controller.CardController[0;39m - Getting all cards for subject: 7f000101-9bf3-1319-819b-f37030410004 in shelve: 7f000101-9bf3-1319-819b-f3700e9c0003 with page: 0 and size: 1000
2026-01-30 20:10:18,509 [34mINFO [0;39m [[34mtomcat-handler-106[0;39m] [33m[XID:awebsl9fitvw7o][0;39m [32mc.a.o.a.service.impl.CardServiceImpl[0;39m - Getting all cards for subject: 7f000101-9bf3-1319-819b-f37030410004 in shelve: 7f000101-9bf3-1319-819b-f3700e9c0003 with page: 0 and size: 1000
2026-01-30 20:10:18,521 [34mINFO [0;39m [[34mtomcat-handler-105[0;39m] [33m[XID:awebc98xednlhd][0;39m [32mc.a.o.a.controller.SubjectController[0;39m - Getting subject: 7f000101-9bf3-1319-819b-f37030410004 from shelve: 7f000101-9bf3-1319-819b-f3700e9c0003
2026-01-30 20:10:18,522 [34mINFO [0;39m [[34mtomcat-handler-105[0;39m] [33m[XID:awebc98xednlhd][0;39m [32mc.a.o.a.s.impl.SubjectServiceImpl[0;39m - Getting subject: 7f000101-9bf3-1319-819b-f37030410004 from shelf: 7f000101-9bf3-1319-819b-f3700e9c0003
2026-01-30 20:10:18,559 [34mINFO [0;39m [[34mtomcat-handler-105[0;39m] [33m[XID:awebc98xednlhd][0;39m [32mc.a.o.a.s.impl.SubjectServiceImpl[0;39m - Successfully retrieved subject: 7f000101-9bf3-1319-819b-f37030410004
2026-01-30 20:10:18,563 [34mINFO [0;39m [[34mtomcat-handler-106[0;39m] [33m[XID:awebsl9fitvw7o][0;39m [32mc.a.o.a.service.impl.CardServiceImpl[0;39m - Successfully retrieved 0 cards for subject: 7f000101-9bf3-1319-819b-f37030410004 (total: 0)
2026-01-30 20:10:18,569 [34mINFO [0;39m [[34mtomcat-handler-106[0;39m] [33m[XID:awebsl9fitvw7o][0;39m [32mc.a.oopsly.api.config.LoggingConfig[0;39m - Request: GET /api/v1/oopsly/shelves/7f000101-9bf3-1319-819b-f3700e9c0003/subjects/7f000101-9bf3-1319-819b-f37030410004/cards | Status: 200 | 81 ms
2026-01-30 20:10:18,572 [34mINFO [0;39m [[34mtomcat-handler-105[0;39m] [33m[XID:awebc98xednlhd][0;39m [32mc.a.oopsly.api.config.LoggingConfig[0;39m - Request: GET /api/v1/oopsly/shelves/7f000101-9bf3-1319-819b-f3700e9c0003/subjects/7f000101-9bf3-1319-819b-f37030410004 | Status: 200 | 78 ms
2026-01-30 20:11:02,733 [34mINFO [0;39m [[34mtomcat-handler-107[0;39m] [33m[XID:][0;39m [32mc.a.o.a.c.JwtAuthenticationFilter[0;39m - Filtering request: /api/v1/oopsly/shelves/7f000101-9bf3-1319-819b-f3700e9c0003/subjects/7f000101-9bf3-1319-819b-f37030410004
2026-01-30 20:11:02,734 [34mINFO [0;39m [[34mtomcat-handler-107[0;39m] [33m[XID:][0;39m [32mc.a.o.a.c.JwtAuthenticationFilter[0;39m - Attempting to authenticate using jwt
2026-01-30 20:11:02,735 [34mINFO [0;39m [[34mtomcat-handler-107[0;39m] [33m[XID:][0;39m [32mc.a.o.a.c.JwtAuthenticationFilter[0;39m - User 7f000101-9bf3-1319-819b-f35c1d640000 authenticated with role USER
2026-01-30 20:11:02,737 [34mINFO [0;39m [[34mtomcat-handler-108[0;39m] [33m[XID:][0;39m [32mc.a.o.a.c.JwtAuthenticationFilter[0;39m - Filtering request: /api/v1/oopsly/shelves/7f000101-9bf3-1319-819b-f3700e9c0003/subjects/7f000101-9bf3-1319-819b-f37030410004/cards
2026-01-30 20:11:02,741 [34mINFO [0;39m [[34mtomcat-handler-108[0;39m] [33m[XID:][0;39m [32mc.a.o.a.c.JwtAuthenticationFilter[0;39m - Attempting to authenticate using jwt
2026-01-30 20:11:02,743 [34mINFO [0;39m [[34mtomcat-handler-108[0;39m] [33m[XID:][0;39m [32mc.a.o.a.c.JwtAuthenticationFilter[0;39m - User 7f000101-9bf3-1319-819b-f35c1d640000 authenticated with role USER
2026-01-30 20:11:02,746 [34mINFO [0;39m [[34mtomcat-handler-107[0;39m] [33m[XID:aweb6jd6t7w7dk9][0;39m [32mc.a.o.a.controller.SubjectController[0;39m - Getting subject: 7f000101-9bf3-1319-819b-f37030410004 from shelve: 7f000101-9bf3-1319-819b-f3700e9c0003
2026-01-30 20:11:02,747 [34mINFO [0;39m [[34mtomcat-handler-107[0;39m] [33m[XID:aweb6jd6t7w7dk9][0;39m [32mc.a.o.a.s.impl.SubjectServiceImpl[0;39m - Getting subject: 7f000101-9bf3-1319-819b-f37030410004 from shelf: 7f000101-9bf3-1319-819b-f3700e9c0003
2026-01-30 20:11:02,748 [34mINFO [0;39m [[34mtomcat-handler-108[0;39m] [33m[XID:aweb5ei49eyssf6][0;39m [32mc.a.o.api.controller.CardController[0;39m - Getting all cards for subject: 7f000101-9bf3-1319-819b-f37030410004 in shelve: 7f000101-9bf3-1319-819b-f3700e9c0003 with page: 0 and size: 1000
2026-01-30 20:11:02,749 [34mINFO [0;39m [[34mtomcat-handler-108[0;39m] [33m[XID:aweb5ei49eyssf6][0;39m [32mc.a.o.a.service.impl.CardServiceImpl[0;39m - Getting all cards for subject: 7f000101-9bf3-1319-819b-f37030410004 in shelve: 7f000101-9bf3-1319-819b-f3700e9c0003 with page: 0 and size: 1000
2026-01-30 20:11:02,757 [34mINFO [0;39m [[34mtomcat-handler-108[0;39m] [33m[XID:aweb5ei49eyssf6][0;39m [32mc.a.o.a.service.impl.CardServiceImpl[0;39m - Successfully retrieved 0 cards for subject: 7f000101-9bf3-1319-819b-f37030410004 (total: 0)
2026-01-30 20:11:02,761 [34mINFO [0;39m [[34mtomcat-handler-108[0;39m] [33m[XID:aweb5ei49eyssf6][0;39m [32mc.a.oopsly.api.config.LoggingConfig[0;39m - Request: GET /api/v1/oopsly/shelves/7f000101-9bf3-1319-819b-f3700e9c0003/subjects/7f000101-9bf3-1319-819b-f37030410004/cards | Status: 200 | 16 ms
2026-01-30 20:11:02,761 [34mINFO [0;39m [[34mtomcat-handler-107[0;39m] [33m[XID:aweb6jd6t7w7dk9][0;39m [32mc.a.o.a.s.impl.SubjectServiceImpl[0;39m - Successfully retrieved subject: 7f000101-9bf3-1319-819b-f37030410004
2026-01-30 20:11:02,769 [34mINFO [0;39m [[34mtomcat-handler-107[0;39m] [33m[XID:aweb6jd6t7w7dk9][0;39m [32mc.a.oopsly.api.config.LoggingConfig[0;39m - Request: GET /api/v1/oopsly/shelves/7f000101-9bf3-1319-819b-f3700e9c0003/subjects/7f000101-9bf3-1319-819b-f37030410004 | Status: 200 | 33 ms
2026-01-30 20:11:04,667 [34mINFO [0;39m [[34mtomcat-handler-109[0;39m] [33m[XID:][0;39m [32mc.a.o.a.c.JwtAuthenticationFilter[0;39m - Filtering request: /api/v1/oopsly/shelves/7f000101-9bf3-1319-819b-f3700e9c0003/subjects/7f000101-9bf3-1319-819b-f37030410004
2026-01-30 20:11:04,667 [34mINFO [0;39m [[34mtomcat-handler-110[0;39m] [33m[XID:][0;39m [32mc.a.o.a.c.JwtAuthenticationFilter[0;39m - Filtering request: /api/v1/oopsly/shelves/7f000101-9bf3-1319-819b-f3700e9c0003/subjects/7f000101-9bf3-1319-819b-f37030410004/cards
2026-01-30 20:11:04,667 [34mINFO [0;39m [[34mtomcat-handler-109[0;39m] [33m[XID:][0;39m [32mc.a.o.a.c.JwtAuthenticationFilter[0;39m - Attempting to authenticate using jwt
2026-01-30 20:11:04,667 [34mINFO [0;39m [[34mtomcat-handler-110[0;39m] [33m[XID:][0;39m [32mc.a.o.a.c.JwtAuthenticationFilter[0;39m - Attempting to authenticate using jwt
2026-01-30 20:11:04,668 [34mINFO [0;39m [[34mtomcat-handler-110[0;39m] [33m[XID:][0;39m [32mc.a.o.a.c.JwtAuthenticationFilter[0;39m - User 7f000101-9bf3-1319-819b-f35c1d640000 authenticated with role USER
2026-01-30 20:11:04,668 [34mINFO [0;39m [[34mtomcat-handler-109[0;39m] [33m[XID:][0;39m [32mc.a.o.a.c.JwtAuthenticationFilter[0;39m - User 7f000101-9bf3-1319-819b-f35c1d640000 authenticated with role USER
2026-01-30 20:11:04,670 [34mINFO [0;39m [[34mtomcat-handler-109[0;39m] [33m[XID:awebygtypv1sr1][0;39m [32mc.a.o.a.controller.SubjectController[0;39m - Getting subject: 7f000101-9bf3-1319-819b-f37030410004 from shelve: 7f000101-9bf3-1319-819b-f3700e9c0003
2026-01-30 20:11:04,670 [34mINFO [0;39m [[34mtomcat-handler-110[0;39m] [33m[XID:aweb1oesu44s5z5][0;39m [32mc.a.o.api.controller.CardController[0;39m - Getting all cards for subject: 7f000101-9bf3-1319-819b-f37030410004 in shelve: 7f000101-9bf3-1319-819b-f3700e9c0003 with page: 0 and size: 1000
2026-01-30 20:11:04,670 [34mINFO [0;39m [[34mtomcat-handler-109[0;39m] [33m[XID:awebygtypv1sr1][0;39m [32mc.a.o.a.s.impl.SubjectServiceImpl[0;39m - Getting subject: 7f000101-9bf3-1319-819b-f37030410004 from shelf: 7f000101-9bf3-1319-819b-f3700e9c0003
2026-01-30 20:11:04,670 [34mINFO [0;39m [[34mtomcat-handler-110[0;39m] [33m[XID:aweb1oesu44s5z5][0;39m [32mc.a.o.a.service.impl.CardServiceImpl[0;39m - Getting all cards for subject: 7f000101-9bf3-1319-819b-f37030410004 in shelve: 7f000101-9bf3-1319-819b-f3700e9c0003 with page: 0 and size: 1000
2026-01-30 20:11:04,675 [34mINFO [0;39m [[34mtomcat-handler-109[0;39m] [33m[XID:awebygtypv1sr1][0;39m [32mc.a.o.a.s.impl.SubjectServiceImpl[0;39m - Successfully retrieved subject: 7f000101-9bf3-1319-819b-f37030410004
2026-01-30 20:11:04,677 [34mINFO [0;39m [[34mtomcat-handler-109[0;39m] [33m[XID:awebygtypv1sr1][0;39m [32mc.a.oopsly.api.config.LoggingConfig[0;39m - Request: GET /api/v1/oopsly/shelves/7f000101-9bf3-1319-819b-f3700e9c0003/subjects/7f000101-9bf3-1319-819b-f37030410004 | Status: 200 | 9 ms
2026-01-30 20:11:04,678 [34mINFO [0;39m [[34mtomcat-handler-110[0;39m] [33m[XID:aweb1oesu44s5z5][0;39m [32mc.a.o.a.service.impl.CardServiceImpl[0;39m - Successfully retrieved 0 cards for subject: 7f000101-9bf3-1319-819b-f37030410004 (total: 0)
2026-01-30 20:11:04,681 [34mINFO [0;39m [[34mtomcat-handler-110[0;39m] [33m[XID:aweb1oesu44s5z5][0;39m [32mc.a.oopsly.api.config.LoggingConfig[0;39m - Request: GET /api/v1/oopsly/shelves/7f000101-9bf3-1319-819b-f3700e9c0003/subjects/7f000101-9bf3-1319-819b-f37030410004/cards | Status: 200 | 13 ms
2026-01-30 20:11:11,351 [34mINFO [0;39m [[34mtomcat-handler-112[0;39m] [33m[XID:][0;39m [32mc.a.o.a.c.JwtAuthenticationFilter[0;39m - Filtering request: /api/v1/oopsly/shelves/7f000101-9bf3-1319-819b-f3700e9c0003/subjects/7f000101-9bf3-1319-819b-f37030410004/cards
2026-01-30 20:11:11,351 [34mINFO [0;39m [[34mtomcat-handler-111[0;39m] [33m[XID:][0;39m [32mc.a.o.a.c.JwtAuthenticationFilter[0;39m - Filtering request: /api/v1/oopsly/shelves/7f000101-9bf3-1319-819b-f3700e9c0003/subjects/7f000101-9bf3-1319-819b-f37030410004
2026-01-30 20:11:11,351 [34mINFO [0;39m [[34mtomcat-handler-112[0;39m] [33m[XID:][0;39m [32mc.a.o.a.c.JwtAuthenticationFilter[0;39m - Attempting to authenticate using jwt
2026-01-30 20:11:11,351 [34mINFO [0;39m [[34mtomcat-handler-111[0;39m] [33m[XID:][0;39m [32mc.a.o.a.c.JwtAuthenticationFilter[0;39m - Attempting to authenticate using jwt
2026-01-30 20:11:11,352 [34mINFO [0;39m [[34mtomcat-handler-112[0;39m] [33m[XID:][0;39m [32mc.a.o.a.c.JwtAuthenticationFilter[0;39m - User 7f000101-9bf3-1319-819b-f35c1d640000 authenticated with role USER
2026-01-30 20:11:11,352 [34mINFO [0;39m [[34mtomcat-handler-111[0;39m] [33m[XID:][0;39m [32mc.a.o.a.c.JwtAuthenticationFilter[0;39m - User 7f000101-9bf3-1319-819b-f35c1d640000 authenticated with role USER
2026-01-30 20:11:11,354 [34mINFO [0;39m [[34mtomcat-handler-111[0;39m] [33m[XID:aweb0odx1yjupx2p][0;39m [32mc.a.o.a.controller.SubjectController[0;39m - Getting subject: 7f000101-9bf3-1319-819b-f37030410004 from shelve: 7f000101-9bf3-1319-819b-f3700e9c0003
2026-01-30 20:11:11,355 [34mINFO [0;39m [[34mtomcat-handler-112[0;39m] [33m[XID:awebu1dmx0icdt][0;39m [32mc.a.o.api.controller.CardController[0;39m - Getting all cards for subject: 7f000101-9bf3-1319-819b-f37030410004 in shelve: 7f000101-9bf3-1319-819b-f3700e9c0003 with page: 0 and size: 1000
2026-01-30 20:11:11,355 [34mINFO [0;39m [[34mtomcat-handler-111[0;39m] [33m[XID:aweb0odx1yjupx2p][0;39m [32mc.a.o.a.s.impl.SubjectServiceImpl[0;39m - Getting subject: 7f000101-9bf3-1319-819b-f37030410004 from shelf: 7f000101-9bf3-1319-819b-f3700e9c0003
2026-01-30 20:11:11,355 [34mINFO [0;39m [[34mtomcat-handler-112[0;39m] [33m[XID:awebu1dmx0icdt][0;39m [32mc.a.o.a.service.impl.CardServiceImpl[0;39m - Getting all cards for subject: 7f000101-9bf3-1319-819b-f37030410004 in shelve: 7f000101-9bf3-1319-819b-f3700e9c0003 with page: 0 and size: 1000
2026-01-30 20:11:11,360 [34mINFO [0;39m [[34mtomcat-handler-111[0;39m] [33m[XID:aweb0odx1yjupx2p][0;39m [32mc.a.o.a.s.impl.SubjectServiceImpl[0;39m - Successfully retrieved subject: 7f000101-9bf3-1319-819b-f37030410004
2026-01-30 20:11:11,362 [34mINFO [0;39m [[34mtomcat-handler-111[0;39m] [33m[XID:aweb0odx1yjupx2p][0;39m [32mc.a.oopsly.api.config.LoggingConfig[0;39m - Request: GET /api/v1/oopsly/shelves/7f000101-9bf3-1319-819b-f3700e9c0003/subjects/7f000101-9bf3-1319-819b-f37030410004 | Status: 200 | 9 ms
2026-01-30 20:11:11,362 [34mINFO [0;39m [[34mtomcat-handler-112[0;39m] [33m[XID:awebu1dmx0icdt][0;39m [32mc.a.o.a.service.impl.CardServiceImpl[0;39m - Successfully retrieved 0 cards for subject: 7f000101-9bf3-1319-819b-f37030410004 (total: 0)
2026-01-30 20:11:11,364 [34mINFO [0;39m [[34mtomcat-handler-112[0;39m] [33m[XID:awebu1dmx0icdt][0;39m [32mc.a.oopsly.api.config.LoggingConfig[0;39m - Request: GET /api/v1/oopsly/shelves/7f000101-9bf3-1319-819b-f3700e9c0003/subjects/7f000101-9bf3-1319-819b-f37030410004/cards | Status: 200 | 11 ms
2026-01-30 20:11:13,309 [34mINFO [0;39m [[34mtomcat-handler-113[0;39m] [33m[XID:][0;39m [32mc.a.o.a.c.JwtAuthenticationFilter[0;39m - Filtering request: /api/v1/oopsly/shelves/7f000101-9bf3-1319-819b-f3700e9c0003/subjects/7f000101-9bf3-1319-819b-f37030410004
2026-01-30 20:11:13,310 [34mINFO [0;39m [[34mtomcat-handler-113[0;39m] [33m[XID:][0;39m [32mc.a.o.a.c.JwtAuthenticationFilter[0;39m - Attempting to authenticate using jwt
2026-01-30 20:11:13,310 [34mINFO [0;39m [[34mtomcat-handler-114[0;39m] [33m[XID:][0;39m [32mc.a.o.a.c.JwtAuthenticationFilter[0;39m - Filtering request: /api/v1/oopsly/shelves/7f000101-9bf3-1319-819b-f3700e9c0003/subjects/7f000101-9bf3-1319-819b-f37030410004/cards
2026-01-30 20:11:13,310 [34mINFO [0;39m [[34mtomcat-handler-114[0;39m] [33m[XID:][0;39m [32mc.a.o.a.c.JwtAuthenticationFilter[0;39m - Attempting to authenticate using jwt
2026-01-30 20:11:13,314 [34mINFO [0;39m [[34mtomcat-handler-114[0;39m] [33m[XID:][0;39m [32mc.a.o.a.c.JwtAuthenticationFilter[0;39m - User 7f000101-9bf3-1319-819b-f35c1d640000 authenticated with role USER
2026-01-30 20:11:13,317 [34mINFO [0;39m [[34mtomcat-handler-113[0;39m] [33m[XID:][0;39m [32mc.a.o.a.c.JwtAuthenticationFilter[0;39m - User 7f000101-9bf3-1319-819b-f35c1d640000 authenticated with role USER
2026-01-30 20:11:13,317 [34mINFO [0;39m [[34mtomcat-handler-114[0;39m] [33m[XID:awebhhcu16s9wxp][0;39m [32mc.a.o.api.controller.CardController[0;39m - Getting all cards for subject: 7f000101-9bf3-1319-819b-f37030410004 in shelve: 7f000101-9bf3-1319-819b-f3700e9c0003 with page: 0 and size: 1000
2026-01-30 20:11:13,318 [34mINFO [0;39m [[34mtomcat-handler-114[0;39m] [33m[XID:awebhhcu16s9wxp][0;39m [32mc.a.o.a.service.impl.CardServiceImpl[0;39m - Getting all cards for subject: 7f000101-9bf3-1319-819b-f37030410004 in shelve: 7f000101-9bf3-1319-819b-f3700e9c0003 with page: 0 and size: 1000
2026-01-30 20:11:13,323 [34mINFO [0;39m [[34mtomcat-handler-114[0;39m] [33m[XID:awebhhcu16s9wxp][0;39m [32mc.a.o.a.service.impl.CardServiceImpl[0;39m - Successfully retrieved 0 cards for subject: 7f000101-9bf3-1319-819b-f37030410004 (total: 0)
2026-01-30 20:11:13,325 [34mINFO [0;39m [[34mtomcat-handler-113[0;39m] [33m[XID:awebr6p7kx3eycs][0;39m [32mc.a.o.a.controller.SubjectController[0;39m - Getting subject: 7f000101-9bf3-1319-819b-f37030410004 from shelve: 7f000101-9bf3-1319-819b-f3700e9c0003
2026-01-30 20:11:13,325 [34mINFO [0;39m [[34mtomcat-handler-113[0;39m] [33m[XID:awebr6p7kx3eycs][0;39m [32mc.a.o.a.s.impl.SubjectServiceImpl[0;39m - Getting subject: 7f000101-9bf3-1319-819b-f37030410004 from shelf: 7f000101-9bf3-1319-819b-f3700e9c0003
2026-01-30 20:11:13,326 [34mINFO [0;39m [[34mtomcat-handler-114[0;39m] [33m[XID:awebhhcu16s9wxp][0;39m [32mc.a.oopsly.api.config.LoggingConfig[0;39m - Request: GET /api/v1/oopsly/shelves/7f000101-9bf3-1319-819b-f3700e9c0003/subjects/7f000101-9bf3-1319-819b-f37030410004/cards | Status: 200 | 11 ms
2026-01-30 20:11:13,332 [34mINFO [0;39m [[34mtomcat-handler-113[0;39m] [33m[XID:awebr6p7kx3eycs][0;39m [32mc.a.o.a.s.impl.SubjectServiceImpl[0;39m - Successfully retrieved subject: 7f000101-9bf3-1319-819b-f37030410004
2026-01-30 20:11:13,334 [34mINFO [0;39m [[34mtomcat-handler-113[0;39m] [33m[XID:awebr6p7kx3eycs][0;39m [32mc.a.oopsly.api.config.LoggingConfig[0;39m - Request: GET /api/v1/oopsly/shelves/7f000101-9bf3-1319-819b-f3700e9c0003/subjects/7f000101-9bf3-1319-819b-f37030410004 | Status: 200 | 16 ms
2026-01-30 20:11:18,185 [34mINFO [0;39m [[34mtomcat-handler-115[0;39m] [33m[XID:][0;39m [32mc.a.o.a.c.JwtAuthenticationFilter[0;39m - Filtering request: /api/v1/oopsly/shelves/7f000101-9bf3-1319-819b-f3700e9c0003/subjects/7f000101-9bf3-1319-819b-f37030410004/cards
2026-01-30 20:11:18,185 [34mINFO [0;39m [[34mtomcat-handler-115[0;39m] [33m[XID:][0;39m [32mc.a.o.a.c.JwtAuthenticationFilter[0;39m - Attempting to authenticate using jwt
2026-01-30 20:11:18,186 [34mINFO [0;39m [[34mtomcat-handler-116[0;39m] [33m[XID:][0;39m [32mc.a.o.a.c.JwtAuthenticationFilter[0;39m - Filtering request: /api/v1/oopsly/shelves/7f000101-9bf3-1319-819b-f3700e9c0003/subjects/7f000101-9bf3-1319-819b-f37030410004
2026-01-30 20:11:18,187 [34mINFO [0;39m [[34mtomcat-handler-116[0;39m] [33m[XID:][0;39m [32mc.a.o.a.c.JwtAuthenticationFilter[0;39m - Attempting to authenticate using jwt
2026-01-30 20:11:18,186 [34mINFO [0;39m [[34mtomcat-handler-115[0;39m] [33m[XID:][0;39m [32mc.a.o.a.c.JwtAuthenticationFilter[0;39m - User 7f000101-9bf3-1319-819b-f35c1d640000 authenticated with role USER
2026-01-30 20:11:18,192 [34mINFO [0;39m [[34mtomcat-handler-116[0;39m] [33m[XID:][0;39m [32mc.a.o.a.c.JwtAuthenticationFilter[0;39m - User 7f000101-9bf3-1319-819b-f35c1d640000 authenticated with role USER
2026-01-30 20:11:18,202 [34mINFO [0;39m [[34mtomcat-handler-116[0;39m] [33m[XID:awebj6y0tido2m][0;39m [32mc.a.o.a.controller.SubjectController[0;39m - Getting subject: 7f000101-9bf3-1319-819b-f37030410004 from shelve: 7f000101-9bf3-1319-819b-f3700e9c0003
2026-01-30 20:11:18,202 [34mINFO [0;39m [[34mtomcat-handler-116[0;39m] [33m[XID:awebj6y0tido2m][0;39m [32mc.a.o.a.s.impl.SubjectServiceImpl[0;39m - Getting subject: 7f000101-9bf3-1319-819b-f37030410004 from shelf: 7f000101-9bf3-1319-819b-f3700e9c0003
2026-01-30 20:11:18,205 [34mINFO [0;39m [[34mtomcat-handler-115[0;39m] [33m[XID:awebqabb4927di][0;39m [32mc.a.o.api.controller.CardController[0;39m - Getting all cards for subject: 7f000101-9bf3-1319-819b-f37030410004 in shelve: 7f000101-9bf3-1319-819b-f3700e9c0003 with page: 0 and size: 1000
2026-01-30 20:11:18,205 [34mINFO [0;39m [[34mtomcat-handler-115[0;39m] [33m[XID:awebqabb4927di][0;39m [32mc.a.o.a.service.impl.CardServiceImpl[0;39m - Getting all cards for subject: 7f000101-9bf3-1319-819b-f37030410004 in shelve: 7f000101-9bf3-1319-819b-f3700e9c0003 with page: 0 and size: 1000
2026-01-30 20:11:18,212 [34mINFO [0;39m [[34mtomcat-handler-116[0;39m] [33m[XID:awebj6y0tido2m][0;39m [32mc.a.o.a.s.impl.SubjectServiceImpl[0;39m - Successfully retrieved subject: 7f000101-9bf3-1319-819b-f37030410004
2026-01-30 20:11:18,214 [34mINFO [0;39m [[34mtomcat-handler-115[0;39m] [33m[XID:awebqabb4927di][0;39m [32mc.a.o.a.service.impl.CardServiceImpl[0;39m - Successfully retrieved 0 cards for subject: 7f000101-9bf3-1319-819b-f37030410004 (total: 0)
2026-01-30 20:11:18,215 [34mINFO [0;39m [[34mtomcat-handler-116[0;39m] [33m[XID:awebj6y0tido2m][0;39m [32mc.a.oopsly.api.config.LoggingConfig[0;39m - Request: GET /api/v1/oopsly/shelves/7f000101-9bf3-1319-819b-f3700e9c0003/subjects/7f000101-9bf3-1319-819b-f37030410004 | Status: 200 | 21 ms
2026-01-30 20:11:18,219 [34mINFO [0;39m [[34mtomcat-handler-115[0;39m] [33m[XID:awebqabb4927di][0;39m [32mc.a.oopsly.api.config.LoggingConfig[0;39m - Request: GET /api/v1/oopsly/shelves/7f000101-9bf3-1319-819b-f3700e9c0003/subjects/7f000101-9bf3-1319-819b-f37030410004/cards | Status: 200 | 29 ms
2026-01-30 20:11:19,148 [34mINFO [0;39m [[34mtomcat-handler-118[0;39m] [33m[XID:][0;39m [32mc.a.o.a.c.JwtAuthenticationFilter[0;39m - Filtering request: /api/v1/oopsly/shelves/7f000101-9bf3-1319-819b-f3700e9c0003/subjects/7f000101-9bf3-1319-819b-f37030410004/cards
2026-01-30 20:11:19,148 [34mINFO [0;39m [[34mtomcat-handler-117[0;39m] [33m[XID:][0;39m [32mc.a.o.a.c.JwtAuthenticationFilter[0;39m - Filtering request: /api/v1/oopsly/shelves/7f000101-9bf3-1319-819b-f3700e9c0003/subjects/7f000101-9bf3-1319-819b-f37030410004
2026-01-30 20:11:19,148 [34mINFO [0;39m [[34mtomcat-handler-118[0;39m] [33m[XID:][0;39m [32mc.a.o.a.c.JwtAuthenticationFilter[0;39m - Attempting to authenticate using jwt
2026-01-30 20:11:19,148 [34mINFO [0;39m [[34mtomcat-handler-117[0;39m] [33m[XID:][0;39m [32mc.a.o.a.c.JwtAuthenticationFilter[0;39m - Attempting to authenticate using jwt
2026-01-30 20:11:19,149 [34mINFO [0;39m [[34mtomcat-handler-118[0;39m] [33m[XID:][0;39m [32mc.a.o.a.c.JwtAuthenticationFilter[0;39m - User 7f000101-9bf3-1319-819b-f35c1d640000 authenticated with role USER
2026-01-30 20:11:19,149 [34mINFO [0;39m [[34mtomcat-handler-117[0;39m] [33m[XID:][0;39m [32mc.a.o.a.c.JwtAuthenticationFilter[0;39m - User 7f000101-9bf3-1319-819b-f35c1d640000 authenticated with role USER
2026-01-30 20:11:19,151 [34mINFO [0;39m [[34mtomcat-handler-117[0;39m] [33m[XID:awebm69dh3rd6u][0;39m [32mc.a.o.a.controller.SubjectController[0;39m - Getting subject: 7f000101-9bf3-1319-819b-f37030410004 from shelve: 7f000101-9bf3-1319-819b-f3700e9c0003
2026-01-30 20:11:19,151 [34mINFO [0;39m [[34mtomcat-handler-117[0;39m] [33m[XID:awebm69dh3rd6u][0;39m [32mc.a.o.a.s.impl.SubjectServiceImpl[0;39m - Getting subject: 7f000101-9bf3-1319-819b-f37030410004 from shelf: 7f000101-9bf3-1319-819b-f3700e9c0003
2026-01-30 20:11:19,151 [34mINFO [0;39m [[34mtomcat-handler-118[0;39m] [33m[XID:aweb1t0fcdeu6sl][0;39m [32mc.a.o.api.controller.CardController[0;39m - Getting all cards for subject: 7f000101-9bf3-1319-819b-f37030410004 in shelve: 7f000101-9bf3-1319-819b-f3700e9c0003 with page: 0 and size: 1000
2026-01-30 20:11:19,151 [34mINFO [0;39m [[34mtomcat-handler-118[0;39m] [33m[XID:aweb1t0fcdeu6sl][0;39m [32mc.a.o.a.service.impl.CardServiceImpl[0;39m - Getting all cards for subject: 7f000101-9bf3-1319-819b-f37030410004 in shelve: 7f000101-9bf3-1319-819b-f3700e9c0003 with page: 0 and size: 1000
2026-01-30 20:11:19,156 [34mINFO [0;39m [[34mtomcat-handler-117[0;39m] [33m[XID:awebm69dh3rd6u][0;39m [32mc.a.o.a.s.impl.SubjectServiceImpl[0;39m - Successfully retrieved subject: 7f000101-9bf3-1319-819b-f37030410004
2026-01-30 20:11:19,158 [34mINFO [0;39m [[34mtomcat-handler-118[0;39m] [33m[XID:aweb1t0fcdeu6sl][0;39m [32mc.a.o.a.service.impl.CardServiceImpl[0;39m - Successfully retrieved 0 cards for subject: 7f000101-9bf3-1319-819b-f37030410004 (total: 0)
2026-01-30 20:11:19,158 [34mINFO [0;39m [[34mtomcat-handler-117[0;39m] [33m[XID:awebm69dh3rd6u][0;39m [32mc.a.oopsly.api.config.LoggingConfig[0;39m - Request: GET /api/v1/oopsly/shelves/7f000101-9bf3-1319-819b-f3700e9c0003/subjects/7f000101-9bf3-1319-819b-f37030410004 | Status: 200 | 9 ms
2026-01-30 20:11:19,159 [34mINFO [0;39m [[34mtomcat-handler-118[0;39m] [33m[XID:aweb1t0fcdeu6sl][0;39m [32mc.a.oopsly.api.config.LoggingConfig[0;39m - Request: GET /api/v1/oopsly/shelves/7f000101-9bf3-1319-819b-f3700e9c0003/subjects/7f000101-9bf3-1319-819b-f37030410004/cards | Status: 200 | 10 ms
2026-01-30 20:11:39,896 [34mINFO [0;39m [[34mtomcat-handler-119[0;39m] [33m[XID:][0;39m [32mc.a.o.a.c.JwtAuthenticationFilter[0;39m - Filtering request: /api/v1/oopsly/shelves
2026-01-30 20:11:39,896 [34mINFO [0;39m [[34mtomcat-handler-119[0;39m] [33m[XID:][0;39m [32mc.a.o.a.c.JwtAuthenticationFilter[0;39m - Attempting to authenticate using jwt
2026-01-30 20:11:39,897 [34mINFO [0;39m [[34mtomcat-handler-119[0;39m] [33m[XID:][0;39m [32mc.a.o.a.c.JwtAuthenticationFilter[0;39m - User 7f000101-9bf3-1319-819b-f35c1d640000 authenticated with role USER
2026-01-30 20:11:39,901 [34mINFO [0;39m [[34mtomcat-handler-119[0;39m] [33m[XID:awebeiidr8j79d][0;39m [32mc.a.o.a.s.impl.ShelfServiceImpl[0;39m - Retrieving current user info from UserService
2026-01-30 20:11:39,903 [34mINFO [0;39m [[34mtomcat-handler-119[0;39m] [33m[XID:awebeiidr8j79d][0;39m [32mc.a.o.a.s.impl.ShelfServiceImpl[0;39m - Fetching shelves page 0 size 100 for user 7f000101-9bf3-1319-819b-f35c1d640000
2026-01-30 20:11:39,903 [34mINFO [0;39m [[34mtomcat-handler-119[0;39m] [33m[XID:awebeiidr8j79d][0;39m [32mc.a.o.a.s.impl.ShelfServiceImpl[0;39m - Retrieving current user info from UserService
2026-01-30 20:11:39,946 [34mINFO [0;39m [[34mtomcat-handler-119[0;39m] [33m[XID:awebeiidr8j79d][0;39m [32mc.a.oopsly.api.config.LoggingConfig[0;39m - Request: GET /api/v1/oopsly/shelves | Status: 200 | 48 ms
2026-01-30 20:11:40,629 [34mINFO [0;39m [[34mtomcat-handler-120[0;39m] [33m[XID:][0;39m [32mc.a.o.a.c.JwtAuthenticationFilter[0;39m - Filtering request: /api/v1/oopsly/shelves
2026-01-30 20:11:40,630 [34mINFO [0;39m [[34mtomcat-handler-120[0;39m] [33m[XID:][0;39m [32mc.a.o.a.c.JwtAuthenticationFilter[0;39m - Attempting to authenticate using jwt
2026-01-30 20:11:40,631 [34mINFO [0;39m [[34mtomcat-handler-120[0;39m] [33m[XID:][0;39m [32mc.a.o.a.c.JwtAuthenticationFilter[0;39m - User 7f000101-9bf3-1319-819b-f35c1d640000 authenticated with role USER
2026-01-30 20:11:40,634 [34mINFO [0;39m [[34mtomcat-handler-120[0;39m] [33m[XID:awebvkn12d67okl][0;39m [32mc.a.o.a.s.impl.ShelfServiceImpl[0;39m - Retrieving current user info from UserService
2026-01-30 20:11:40,635 [34mINFO [0;39m [[34mtomcat-handler-120[0;39m] [33m[XID:awebvkn12d67okl][0;39m [32mc.a.o.a.s.impl.ShelfServiceImpl[0;39m - Fetching shelves page 0 size 100 for user 7f000101-9bf3-1319-819b-f35c1d640000
2026-01-30 20:11:40,635 [34mINFO [0;39m [[34mtomcat-handler-120[0;39m] [33m[XID:awebvkn12d67okl][0;39m [32mc.a.o.a.s.impl.ShelfServiceImpl[0;39m - Retrieving current user info from UserService
2026-01-30 20:11:40,662 [34mINFO [0;39m [[34mtomcat-handler-120[0;39m] [33m[XID:awebvkn12d67okl][0;39m [32mc.a.oopsly.api.config.LoggingConfig[0;39m - Request: GET /api/v1/oopsly/shelves | Status: 200 | 30 ms
2026-01-30 20:12:13,757 [34mINFO [0;39m [[34mtomcat-handler-121[0;39m] [33m[XID:][0;39m [32mc.a.o.a.c.JwtAuthenticationFilter[0;39m - Filtering request: /api/v1/oopsly/shelves/7f000101-9bf3-1319-819b-f35c54120001/subjects/7f000101-9bf3-1319-819b-f35c75e60002
2026-01-30 20:12:13,758 [34mINFO [0;39m [[34mtomcat-handler-121[0;39m] [33m[XID:][0;39m [32mc.a.o.a.c.JwtAuthenticationFilter[0;39m - Attempting to authenticate using jwt
2026-01-30 20:12:13,759 [34mINFO [0;39m [[34mtomcat-handler-121[0;39m] [33m[XID:][0;39m [32mc.a.o.a.c.JwtAuthenticationFilter[0;39m - User 7f000101-9bf3-1319-819b-f35c1d640000 authenticated with role USER
2026-01-30 20:12:13,761 [34mINFO [0;39m [[34mtomcat-handler-121[0;39m] [33m[XID:aweb8ex7mq08fi4][0;39m [32mc.a.o.a.controller.SubjectController[0;39m - Getting subject: 7f000101-9bf3-1319-819b-f35c75e60002 from shelve: 7f000101-9bf3-1319-819b-f35c54120001
2026-01-30 20:12:13,761 [34mINFO [0;39m [[34mtomcat-handler-121[0;39m] [33m[XID:aweb8ex7mq08fi4][0;39m [32mc.a.o.a.s.impl.SubjectServiceImpl[0;39m - Getting subject: 7f000101-9bf3-1319-819b-f35c75e60002 from shelf: 7f000101-9bf3-1319-819b-f35c54120001
2026-01-30 20:12:13,765 [34mINFO [0;39m [[34mtomcat-handler-122[0;39m] [33m[XID:][0;39m [32mc.a.o.a.c.JwtAuthenticationFilter[0;39m - Filtering request: /api/v1/oopsly/shelves/7f000101-9bf3-1319-819b-f35c54120001/subjects/7f000101-9bf3-1319-819b-f35c75e60002/cards
2026-01-30 20:12:13,765 [34mINFO [0;39m [[34mtomcat-handler-122[0;39m] [33m[XID:][0;39m [32mc.a.o.a.c.JwtAuthenticationFilter[0;39m - Attempting to authenticate using jwt
2026-01-30 20:12:13,766 [34mINFO [0;39m [[34mtomcat-handler-122[0;39m] [33m[XID:][0;39m [32mc.a.o.a.c.JwtAuthenticationFilter[0;39m - User 7f000101-9bf3-1319-819b-f35c1d640000 authenticated with role USER
2026-01-30 20:12:13,767 [34mINFO [0;39m [[34mtomcat-handler-121[0;39m] [33m[XID:aweb8ex7mq08fi4][0;39m [32mc.a.o.a.s.impl.SubjectServiceImpl[0;39m - Successfully retrieved subject: 7f000101-9bf3-1319-819b-f35c75e60002
2026-01-30 20:12:13,768 [34mINFO [0;39m [[34mtomcat-handler-121[0;39m] [33m[XID:aweb8ex7mq08fi4][0;39m [32mc.a.oopsly.api.config.LoggingConfig[0;39m - Request: GET /api/v1/oopsly/shelves/7f000101-9bf3-1319-819b-f35c54120001/subjects/7f000101-9bf3-1319-819b-f35c75e60002 | Status: 200 | 9 ms
2026-01-30 20:12:13,769 [34mINFO [0;39m [[34mtomcat-handler-122[0;39m] [33m[XID:awebb5zgx8eh5xw][0;39m [32mc.a.o.api.controller.CardController[0;39m - Getting all cards for subject: 7f000101-9bf3-1319-819b-f35c75e60002 in shelve: 7f000101-9bf3-1319-819b-f35c54120001 with page: 0 and size: 1000
2026-01-30 20:12:13,769 [34mINFO [0;39m [[34mtomcat-handler-122[0;39m] [33m[XID:awebb5zgx8eh5xw][0;39m [32mc.a.o.a.service.impl.CardServiceImpl[0;39m - Getting all cards for subject: 7f000101-9bf3-1319-819b-f35c75e60002 in shelve: 7f000101-9bf3-1319-819b-f35c54120001 with page: 0 and size: 1000
2026-01-30 20:12:13,776 [34mINFO [0;39m [[34mtomcat-handler-122[0;39m] [33m[XID:awebb5zgx8eh5xw][0;39m [32mc.a.o.a.service.impl.CardServiceImpl[0;39m - Successfully retrieved 0 cards for subject: 7f000101-9bf3-1319-819b-f35c75e60002 (total: 0)
2026-01-30 20:12:13,778 [34mINFO [0;39m [[34mtomcat-handler-122[0;39m] [33m[XID:awebb5zgx8eh5xw][0;39m [32mc.a.oopsly.api.config.LoggingConfig[0;39m - Request: GET /api/v1/oopsly/shelves/7f000101-9bf3-1319-819b-f35c54120001/subjects/7f000101-9bf3-1319-819b-f35c75e60002/cards | Status: 200 | 11 ms
2026-01-30 20:13:18,520 [34mINFO [0;39m [[34mtomcat-handler-125[0;39m] [33m[XID:][0;39m [32mc.a.o.a.c.JwtAuthenticationFilter[0;39m - Filtering request: /api/v1/oopsly/shelves/7f000101-9bf3-1319-819b-f35c54120001/subjects/7f000101-9bf3-1319-819b-f35c75e60002
2026-01-30 20:13:18,524 [34mINFO [0;39m [[34mtomcat-handler-126[0;39m] [33m[XID:][0;39m [32mc.a.o.a.c.JwtAuthenticationFilter[0;39m - Filtering request: /api/v1/oopsly/shelves/7f000101-9bf3-1319-819b-f35c54120001/subjects/7f000101-9bf3-1319-819b-f35c75e60002/cards
2026-01-30 20:13:18,525 [34mINFO [0;39m [[34mtomcat-handler-125[0;39m] [33m[XID:][0;39m [32mc.a.o.a.c.JwtAuthenticationFilter[0;39m - Attempting to authenticate using jwt
2026-01-30 20:13:18,525 [34mINFO [0;39m [[34mtomcat-handler-126[0;39m] [33m[XID:][0;39m [32mc.a.o.a.c.JwtAuthenticationFilter[0;39m - Attempting to authenticate using jwt
2026-01-30 20:13:18,531 [34mINFO [0;39m [[34mtomcat-handler-126[0;39m] [33m[XID:][0;39m [32mc.a.o.a.c.JwtAuthenticationFilter[0;39m - User 7f000101-9bf3-1319-819b-f35c1d640000 authenticated with role USER
2026-01-30 20:13:18,534 [34mINFO [0;39m [[34mtomcat-handler-125[0;39m] [33m[XID:][0;39m [32mc.a.o.a.c.JwtAuthenticationFilter[0;39m - User 7f000101-9bf3-1319-819b-f35c1d640000 authenticated with role USER
2026-01-30 20:13:18,536 [34mINFO [0;39m [[34mtomcat-handler-126[0;39m] [33m[XID:awebs93y2oqq5n7][0;39m [32mc.a.o.api.controller.CardController[0;39m - Getting all cards for subject: 7f000101-9bf3-1319-819b-f35c75e60002 in shelve: 7f000101-9bf3-1319-819b-f35c54120001 with page: 0 and size: 1000
2026-01-30 20:13:18,536 [34mINFO [0;39m [[34mtomcat-handler-125[0;39m] [33m[XID:awebs6l5jq54m3o][0;39m [32mc.a.o.a.controller.SubjectController[0;39m - Getting subject: 7f000101-9bf3-1319-819b-f35c75e60002 from shelve: 7f000101-9bf3-1319-819b-f35c54120001
2026-01-30 20:13:18,542 [34mINFO [0;39m [[34mtomcat-handler-126[0;39m] [33m[XID:awebs93y2oqq5n7][0;39m [32mc.a.o.a.service.impl.CardServiceImpl[0;39m - Getting all cards for subject: 7f000101-9bf3-1319-819b-f35c75e60002 in shelve: 7f000101-9bf3-1319-819b-f35c54120001 with page: 0 and size: 1000
2026-01-30 20:13:18,542 [34mINFO [0;39m [[34mtomcat-handler-125[0;39m] [33m[XID:awebs6l5jq54m3o][0;39m [32mc.a.o.a.s.impl.SubjectServiceImpl[0;39m - Getting subject: 7f000101-9bf3-1319-819b-f35c75e60002 from shelf: 7f000101-9bf3-1319-819b-f35c54120001
2026-01-30 20:13:18,561 [34mINFO [0;39m [[34mtomcat-handler-125[0;39m] [33m[XID:awebs6l5jq54m3o][0;39m [32mc.a.o.a.s.impl.SubjectServiceImpl[0;39m - Successfully retrieved subject: 7f000101-9bf3-1319-819b-f35c75e60002
2026-01-30 20:13:18,565 [34mINFO [0;39m [[34mtomcat-handler-126[0;39m] [33m[XID:awebs93y2oqq5n7][0;39m [32mc.a.o.a.service.impl.CardServiceImpl[0;39m - Successfully retrieved 0 cards for subject: 7f000101-9bf3-1319-819b-f35c75e60002 (total: 0)
2026-01-30 20:13:18,566 [34mINFO [0;39m [[34mtomcat-handler-125[0;39m] [33m[XID:awebs6l5jq54m3o][0;39m [32mc.a.oopsly.api.config.LoggingConfig[0;39m - Request: GET /api/v1/oopsly/shelves/7f000101-9bf3-1319-819b-f35c54120001/subjects/7f000101-9bf3-1319-819b-f35c75e60002 | Status: 200 | 31 ms
2026-01-30 20:13:18,571 [34mINFO [0;39m [[34mtomcat-handler-126[0;39m] [33m[XID:awebs93y2oqq5n7][0;39m [32mc.a.oopsly.api.config.LoggingConfig[0;39m - Request: GET /api/v1/oopsly/shelves/7f000101-9bf3-1319-819b-f35c54120001/subjects/7f000101-9bf3-1319-819b-f35c75e60002/cards | Status: 200 | 39 ms
2026-01-30 20:13:27,245 [34mINFO [0;39m [[34mtomcat-handler-128[0;39m] [33m[XID:][0;39m [32mc.a.o.a.c.JwtAuthenticationFilter[0;39m - Filtering request: /api/v1/oopsly/shelves/7f000101-9bf3-1319-819b-f35c54120001/subjects/7f000101-9bf3-1319-819b-f35c75e60002/cards
2026-01-30 20:13:27,245 [34mINFO [0;39m [[34mtomcat-handler-128[0;39m] [33m[XID:][0;39m [32mc.a.o.a.c.JwtAuthenticationFilter[0;39m - Attempting to authenticate using jwt
2026-01-30 20:13:27,245 [34mINFO [0;39m [[34mtomcat-handler-127[0;39m] [33m[XID:][0;39m [32mc.a.o.a.c.JwtAuthenticationFilter[0;39m - Filtering request: /api/v1/oopsly/shelves/7f000101-9bf3-1319-819b-f35c54120001/subjects/7f000101-9bf3-1319-819b-f35c75e60002
2026-01-30 20:13:27,246 [34mINFO [0;39m [[34mtomcat-handler-127[0;39m] [33m[XID:][0;39m [32mc.a.o.a.c.JwtAuthenticationFilter[0;39m - Attempting to authenticate using jwt
2026-01-30 20:13:27,246 [34mINFO [0;39m [[34mtomcat-handler-128[0;39m] [33m[XID:][0;39m [32mc.a.o.a.c.JwtAuthenticationFilter[0;39m - User 7f000101-9bf3-1319-819b-f35c1d640000 authenticated with role USER
2026-01-30 20:13:27,248 [34mINFO [0;39m [[34mtomcat-handler-127[0;39m] [33m[XID:][0;39m [32mc.a.o.a.c.JwtAuthenticationFilter[0;39m - User 7f000101-9bf3-1319-819b-f35c1d640000 authenticated with role USER
2026-01-30 20:13:27,249 [34mINFO [0;39m [[34mtomcat-handler-128[0;39m] [33m[XID:awebxfh4sgo7j6b][0;39m [32mc.a.o.api.controller.CardController[0;39m - Getting all cards for subject: 7f000101-9bf3-1319-819b-f35c75e60002 in shelve: 7f000101-9bf3-1319-819b-f35c54120001 with page: 0 and size: 1000
2026-01-30 20:13:27,250 [34mINFO [0;39m [[34mtomcat-handler-128[0;39m] [33m[XID:awebxfh4sgo7j6b][0;39m [32mc.a.o.a.service.impl.CardServiceImpl[0;39m - Getting all cards for subject: 7f000101-9bf3-1319-819b-f35c75e60002 in shelve: 7f000101-9bf3-1319-819b-f35c54120001 with page: 0 and size: 1000
2026-01-30 20:13:27,252 [34mINFO [0;39m [[34mtomcat-handler-127[0;39m] [33m[XID:awebarsopny44ua][0;39m [32mc.a.o.a.controller.SubjectController[0;39m - Getting subject: 7f000101-9bf3-1319-819b-f35c75e60002 from shelve: 7f000101-9bf3-1319-819b-f35c54120001
2026-01-30 20:13:27,253 [34mINFO [0;39m [[34mtomcat-handler-127[0;39m] [33m[XID:awebarsopny44ua][0;39m [32mc.a.o.a.s.impl.SubjectServiceImpl[0;39m - Getting subject: 7f000101-9bf3-1319-819b-f35c75e60002 from shelf: 7f000101-9bf3-1319-819b-f35c54120001
2026-01-30 20:13:27,257 [34mINFO [0;39m [[34mtomcat-handler-127[0;39m] [33m[XID:awebarsopny44ua][0;39m [32mc.a.o.a.s.impl.SubjectServiceImpl[0;39m - Successfully retrieved subject: 7f000101-9bf3-1319-819b-f35c75e60002
2026-01-30 20:13:27,259 [34mINFO [0;39m [[34mtomcat-handler-128[0;39m] [33m[XID:awebxfh4sgo7j6b][0;39m [32mc.a.o.a.service.impl.CardServiceImpl[0;39m - Successfully retrieved 0 cards for subject: 7f000101-9bf3-1319-819b-f35c75e60002 (total: 0)
2026-01-30 20:13:27,260 [34mINFO [0;39m [[34mtomcat-handler-127[0;39m] [33m[XID:awebarsopny44ua][0;39m [32mc.a.oopsly.api.config.LoggingConfig[0;39m - Request: GET /api/v1/oopsly/shelves/7f000101-9bf3-1319-819b-f35c54120001/subjects/7f000101-9bf3-1319-819b-f35c75e60002 | Status: 200 | 9 ms
2026-01-30 20:13:27,262 [34mINFO [0;39m [[34mtomcat-handler-128[0;39m] [33m[XID:awebxfh4sgo7j6b][0;39m [32mc.a.oopsly.api.config.LoggingConfig[0;39m - Request: GET /api/v1/oopsly/shelves/7f000101-9bf3-1319-819b-f35c54120001/subjects/7f000101-9bf3-1319-819b-f35c75e60002/cards | Status: 200 | 15 ms
2026-01-30 20:13:28,219 [34mINFO [0;39m [[34mtomcat-handler-130[0;39m] [33m[XID:][0;39m [32mc.a.o.a.c.JwtAuthenticationFilter[0;39m - Filtering request: /api/v1/oopsly/shelves/7f000101-9bf3-1319-819b-f35c54120001/subjects/7f000101-9bf3-1319-819b-f35c75e60002/cards
2026-01-30 20:13:28,219 [34mINFO [0;39m [[34mtomcat-handler-129[0;39m] [33m[XID:][0;39m [32mc.a.o.a.c.JwtAuthenticationFilter[0;39m - Filtering request: /api/v1/oopsly/shelves/7f000101-9bf3-1319-819b-f35c54120001/subjects/7f000101-9bf3-1319-819b-f35c75e60002
2026-01-30 20:13:28,219 [34mINFO [0;39m [[34mtomcat-handler-130[0;39m] [33m[XID:][0;39m [32mc.a.o.a.c.JwtAuthenticationFilter[0;39m - Attempting to authenticate using jwt
2026-01-30 20:13:28,219 [34mINFO [0;39m [[34mtomcat-handler-129[0;39m] [33m[XID:][0;39m [32mc.a.o.a.c.JwtAuthenticationFilter[0;39m - Attempting to authenticate using jwt
2026-01-30 20:13:28,220 [34mINFO [0;39m [[34mtomcat-handler-130[0;39m] [33m[XID:][0;39m [32mc.a.o.a.c.JwtAuthenticationFilter[0;39m - User 7f000101-9bf3-1319-819b-f35c1d640000 authenticated with role USER
2026-01-30 20:13:28,220 [34mINFO [0;39m [[34mtomcat-handler-129[0;39m] [33m[XID:][0;39m [32mc.a.o.a.c.JwtAuthenticationFilter[0;39m - User 7f000101-9bf3-1319-819b-f35c1d640000 authenticated with role USER
2026-01-30 20:13:28,222 [34mINFO [0;39m [[34mtomcat-handler-129[0;39m] [33m[XID:awebxrh6l1errl][0;39m [32mc.a.o.a.controller.SubjectController[0;39m - Getting subject: 7f000101-9bf3-1319-819b-f35c75e60002 from shelve: 7f000101-9bf3-1319-819b-f35c54120001
2026-01-30 20:13:28,222 [34mINFO [0;39m [[34mtomcat-handler-130[0;39m] [33m[XID:awebwllzbjic0uh][0;39m [32mc.a.o.api.controller.CardController[0;39m - Getting all cards for subject: 7f000101-9bf3-1319-819b-f35c75e60002 in shelve: 7f000101-9bf3-1319-819b-f35c54120001 with page: 0 and size: 1000
2026-01-30 20:13:28,222 [34mINFO [0;39m [[34mtomcat-handler-129[0;39m] [33m[XID:awebxrh6l1errl][0;39m [32mc.a.o.a.s.impl.SubjectServiceImpl[0;39m - Getting subject: 7f000101-9bf3-1319-819b-f35c75e60002 from shelf: 7f000101-9bf3-1319-819b-f35c54120001
2026-01-30 20:13:28,223 [34mINFO [0;39m [[34mtomcat-handler-130[0;39m] [33m[XID:awebwllzbjic0uh][0;39m [32mc.a.o.a.service.impl.CardServiceImpl[0;39m - Getting all cards for subject: 7f000101-9bf3-1319-819b-f35c75e60002 in shelve: 7f000101-9bf3-1319-819b-f35c54120001 with page: 0 and size: 1000
2026-01-30 20:13:28,243 [34mINFO [0;39m [[34mtomcat-handler-130[0;39m] [33m[XID:awebwllzbjic0uh][0;39m [32mc.a.o.a.service.impl.CardServiceImpl[0;39m - Successfully retrieved 0 cards for subject: 7f000101-9bf3-1319-819b-f35c75e60002 (total: 0)
2026-01-30 20:13:28,247 [34mINFO [0;39m [[34mtomcat-handler-130[0;39m] [33m[XID:awebwllzbjic0uh][0;39m [32mc.a.oopsly.api.config.LoggingConfig[0;39m - Request: GET /api/v1/oopsly/shelves/7f000101-9bf3-1319-819b-f35c54120001/subjects/7f000101-9bf3-1319-819b-f35c75e60002/cards | Status: 200 | 26 ms
2026-01-30 20:13:28,258 [34mINFO [0;39m [[34mtomcat-handler-129[0;39m] [33m[XID:awebxrh6l1errl][0;39m [32mc.a.o.a.s.impl.SubjectServiceImpl[0;39m - Successfully retrieved subject: 7f000101-9bf3-1319-819b-f35c75e60002
2026-01-30 20:13:28,260 [34mINFO [0;39m [[34mtomcat-handler-129[0;39m] [33m[XID:awebxrh6l1errl][0;39m [32mc.a.oopsly.api.config.LoggingConfig[0;39m - Request: GET /api/v1/oopsly/shelves/7f000101-9bf3-1319-819b-f35c54120001/subjects/7f000101-9bf3-1319-819b-f35c75e60002 | Status: 200 | 39 ms
2026-01-30 20:13:36,658 [34mINFO [0;39m [[34mtomcat-handler-131[0;39m] [33m[XID:][0;39m [32mc.a.o.a.c.JwtAuthenticationFilter[0;39m - Filtering request: /api/v1/oopsly/shelves/7f000101-9bf3-1319-819b-f35c54120001/subjects/7f000101-9bf3-1319-819b-f35c75e60002
2026-01-30 20:13:36,659 [34mINFO [0;39m [[34mtomcat-handler-131[0;39m] [33m[XID:][0;39m [32mc.a.o.a.c.JwtAuthenticationFilter[0;39m - Attempting to authenticate using jwt
2026-01-30 20:13:36,659 [34mINFO [0;39m [[34mtomcat-handler-132[0;39m] [33m[XID:][0;39m [32mc.a.o.a.c.JwtAuthenticationFilter[0;39m - Filtering request: /api/v1/oopsly/shelves/7f000101-9bf3-1319-819b-f35c54120001/subjects/7f000101-9bf3-1319-819b-f35c75e60002/cards
2026-01-30 20:13:36,659 [34mINFO [0;39m [[34mtomcat-handler-132[0;39m] [33m[XID:][0;39m [32mc.a.o.a.c.JwtAuthenticationFilter[0;39m - Attempting to authenticate using jwt
2026-01-30 20:13:36,661 [34mINFO [0;39m [[34mtomcat-handler-132[0;39m] [33m[XID:][0;39m [32mc.a.o.a.c.JwtAuthenticationFilter[0;39m - User 7f000101-9bf3-1319-819b-f35c1d640000 authenticated with role USER
2026-01-30 20:13:36,664 [34mINFO [0;39m [[34mtomcat-handler-132[0;39m] [33m[XID:awebpu0yle6rg8][0;39m [32mc.a.o.api.controller.CardController[0;39m - Getting all cards for subject: 7f000101-9bf3-1319-819b-f35c75e60002 in shelve: 7f000101-9bf3-1319-819b-f35c54120001 with page: 0 and size: 1000
2026-01-30 20:13:36,668 [34mINFO [0;39m [[34mtomcat-handler-132[0;39m] [33m[XID:awebpu0yle6rg8][0;39m [32mc.a.o.a.service.impl.CardServiceImpl[0;39m - Getting all cards for subject: 7f000101-9bf3-1319-819b-f35c75e60002 in shelve: 7f000101-9bf3-1319-819b-f35c54120001 with page: 0 and size: 1000
2026-01-30 20:13:36,676 [34mINFO [0;39m [[34mtomcat-handler-131[0;39m] [33m[XID:][0;39m [32mc.a.o.a.c.JwtAuthenticationFilter[0;39m - User 7f000101-9bf3-1319-819b-f35c1d640000 authenticated with role USER
2026-01-30 20:13:36,679 [34mINFO [0;39m [[34mtomcat-handler-131[0;39m] [33m[XID:aweb5xjjhj2jiiv][0;39m [32mc.a.o.a.controller.SubjectController[0;39m - Getting subject: 7f000101-9bf3-1319-819b-f35c75e60002 from shelve: 7f000101-9bf3-1319-819b-f35c54120001
2026-01-30 20:13:36,679 [34mINFO [0;39m [[34mtomcat-handler-131[0;39m] [33m[XID:aweb5xjjhj2jiiv][0;39m [32mc.a.o.a.s.impl.SubjectServiceImpl[0;39m - Getting subject: 7f000101-9bf3-1319-819b-f35c75e60002 from shelf: 7f000101-9bf3-1319-819b-f35c54120001
2026-01-30 20:13:36,695 [34mINFO [0;39m [[34mtomcat-handler-132[0;39m] [33m[XID:awebpu0yle6rg8][0;39m [32mc.a.o.a.service.impl.CardServiceImpl[0;39m - Successfully retrieved 0 cards for subject: 7f000101-9bf3-1319-819b-f35c75e60002 (total: 0)
2026-01-30 20:13:36,698 [34mINFO [0;39m [[34mtomcat-handler-132[0;39m] [33m[XID:awebpu0yle6rg8][0;39m [32mc.a.oopsly.api.config.LoggingConfig[0;39m - Request: GET /api/v1/oopsly/shelves/7f000101-9bf3-1319-819b-f35c54120001/subjects/7f000101-9bf3-1319-819b-f35c75e60002/cards | Status: 200 | 36 ms
2026-01-30 20:13:36,696 [34mINFO [0;39m [[34mtomcat-handler-131[0;39m] [33m[XID:aweb5xjjhj2jiiv][0;39m [32mc.a.o.a.s.impl.SubjectServiceImpl[0;39m - Successfully retrieved subject: 7f000101-9bf3-1319-819b-f35c75e60002
2026-01-30 20:13:36,701 [34mINFO [0;39m [[34mtomcat-handler-131[0;39m] [33m[XID:aweb5xjjhj2jiiv][0;39m [32mc.a.oopsly.api.config.LoggingConfig[0;39m - Request: GET /api/v1/oopsly/shelves/7f000101-9bf3-1319-819b-f35c54120001/subjects/7f000101-9bf3-1319-819b-f35c75e60002 | Status: 200 | 24 ms
2026-01-30 20:14:34,203 [34mINFO [0;39m [[34mtomcat-handler-134[0;39m] [33m[XID:][0;39m [32mc.a.o.a.c.JwtAuthenticationFilter[0;39m - Filtering request: /api/v1/oopsly/shelves/7f000101-9bf3-1319-819b-f35c54120001/subjects/7f000101-9bf3-1319-819b-f35c75e60002/cards
2026-01-30 20:14:34,203 [34mINFO [0;39m [[34mtomcat-handler-133[0;39m] [33m[XID:][0;39m [32mc.a.o.a.c.JwtAuthenticationFilter[0;39m - Filtering request: /api/v1/oopsly/shelves/7f000101-9bf3-1319-819b-f35c54120001/subjects/7f000101-9bf3-1319-819b-f35c75e60002
2026-01-30 20:14:34,203 [34mINFO [0;39m [[34mtomcat-handler-134[0;39m] [33m[XID:][0;39m [32mc.a.o.a.c.JwtAuthenticationFilter[0;39m - Attempting to authenticate using jwt
2026-01-30 20:14:34,203 [34mINFO [0;39m [[34mtomcat-handler-133[0;39m] [33m[XID:][0;39m [32mc.a.o.a.c.JwtAuthenticationFilter[0;39m - Attempting to authenticate using jwt
2026-01-30 20:14:34,205 [34mINFO [0;39m [[34mtomcat-handler-134[0;39m] [33m[XID:][0;39m [32mc.a.o.a.c.JwtAuthenticationFilter[0;39m - User 7f000101-9bf3-1319-819b-f35c1d640000 authenticated with role USER
2026-01-30 20:14:34,205 [34mINFO [0;39m [[34mtomcat-handler-133[0;39m] [33m[XID:][0;39m [32mc.a.o.a.c.JwtAuthenticationFilter[0;39m - User 7f000101-9bf3-1319-819b-f35c1d640000 authenticated with role USER
2026-01-30 20:14:34,207 [34mINFO [0;39m [[34mtomcat-handler-133[0;39m] [33m[XID:awebrv4j9dhcckr][0;39m [32mc.a.o.a.controller.SubjectController[0;39m - Getting subject: 7f000101-9bf3-1319-819b-f35c75e60002 from shelve: 7f000101-9bf3-1319-819b-f35c54120001
2026-01-30 20:14:34,208 [34mINFO [0;39m [[34mtomcat-handler-134[0;39m] [33m[XID:aweb4htygbeik0m][0;39m [32mc.a.o.api.controller.CardController[0;39m - Getting all cards for subject: 7f000101-9bf3-1319-819b-f35c75e60002 in shelve: 7f000101-9bf3-1319-819b-f35c54120001 with page: 0 and size: 1000
2026-01-30 20:14:34,208 [34mINFO [0;39m [[34mtomcat-handler-133[0;39m] [33m[XID:awebrv4j9dhcckr][0;39m [32mc.a.o.a.s.impl.SubjectServiceImpl[0;39m - Getting subject: 7f000101-9bf3-1319-819b-f35c75e60002 from shelf: 7f000101-9bf3-1319-819b-f35c54120001
2026-01-30 20:14:34,208 [34mINFO [0;39m [[34mtomcat-handler-134[0;39m] [33m[XID:aweb4htygbeik0m][0;39m [32mc.a.o.a.service.impl.CardServiceImpl[0;39m - Getting all cards for subject: 7f000101-9bf3-1319-819b-f35c75e60002 in shelve: 7f000101-9bf3-1319-819b-f35c54120001 with page: 0 and size: 1000
2026-01-30 20:14:34,214 [34mINFO [0;39m [[34mtomcat-handler-133[0;39m] [33m[XID:awebrv4j9dhcckr][0;39m [32mc.a.o.a.s.impl.SubjectServiceImpl[0;39m - Successfully retrieved subject: 7f000101-9bf3-1319-819b-f35c75e60002
2026-01-30 20:14:34,215 [34mINFO [0;39m [[34mtomcat-handler-134[0;39m] [33m[XID:aweb4htygbeik0m][0;39m [32mc.a.o.a.service.impl.CardServiceImpl[0;39m - Successfully retrieved 0 cards for subject: 7f000101-9bf3-1319-819b-f35c75e60002 (total: 0)
2026-01-30 20:14:34,216 [34mINFO [0;39m [[34mtomcat-handler-134[0;39m] [33m[XID:aweb4htygbeik0m][0;39m [32mc.a.oopsly.api.config.LoggingConfig[0;39m - Request: GET /api/v1/oopsly/shelves/7f000101-9bf3-1319-819b-f35c54120001/subjects/7f000101-9bf3-1319-819b-f35c75e60002/cards | Status: 200 | 11 ms
2026-01-30 20:14:34,217 [34mINFO [0;39m [[34mtomcat-handler-133[0;39m] [33m[XID:awebrv4j9dhcckr][0;39m [32mc.a.oopsly.api.config.LoggingConfig[0;39m - Request: GET /api/v1/oopsly/shelves/7f000101-9bf3-1319-819b-f35c54120001/subjects/7f000101-9bf3-1319-819b-f35c75e60002 | Status: 200 | 11 ms
2026-01-30 20:15:38,386 [34mINFO [0;39m [[34mtomcat-handler-137[0;39m] [33m[XID:][0;39m [32mc.a.o.a.c.JwtAuthenticationFilter[0;39m - Filtering request: /api/v1/oopsly/shelves/7f000101-9bf3-1319-819b-f35c54120001/subjects/7f000101-9bf3-1319-819b-f35c75e60002
2026-01-30 20:15:38,386 [34mINFO [0;39m [[34mtomcat-handler-138[0;39m] [33m[XID:][0;39m [32mc.a.o.a.c.JwtAuthenticationFilter[0;39m - Filtering request: /api/v1/oopsly/shelves/7f000101-9bf3-1319-819b-f35c54120001/subjects/7f000101-9bf3-1319-819b-f35c75e60002/cards
2026-01-30 20:15:38,386 [34mINFO [0;39m [[34mtomcat-handler-137[0;39m] [33m[XID:][0;39m [32mc.a.o.a.c.JwtAuthenticationFilter[0;39m - Attempting to authenticate using jwt
2026-01-30 20:15:38,387 [34mINFO [0;39m [[34mtomcat-handler-138[0;39m] [33m[XID:][0;39m [32mc.a.o.a.c.JwtAuthenticationFilter[0;39m - Attempting to authenticate using jwt
2026-01-30 20:15:38,388 [34mINFO [0;39m [[34mtomcat-handler-138[0;39m] [33m[XID:][0;39m [32mc.a.o.a.c.JwtAuthenticationFilter[0;39m - User 7f000101-9bf3-1319-819b-f35c1d640000 authenticated with role USER
2026-01-30 20:15:38,388 [34mINFO [0;39m [[34mtomcat-handler-137[0;39m] [33m[XID:][0;39m [32mc.a.o.a.c.JwtAuthenticationFilter[0;39m - User 7f000101-9bf3-1319-819b-f35c1d640000 authenticated with role USER
2026-01-30 20:15:38,390 [34mINFO [0;39m [[34mtomcat-handler-137[0;39m] [33m[XID:aweb093w15tfi51v][0;39m [32mc.a.o.a.controller.SubjectController[0;39m - Getting subject: 7f000101-9bf3-1319-819b-f35c75e60002 from shelve: 7f000101-9bf3-1319-819b-f35c54120001
2026-01-30 20:15:38,390 [34mINFO [0;39m [[34mtomcat-handler-137[0;39m] [33m[XID:aweb093w15tfi51v][0;39m [32mc.a.o.a.s.impl.SubjectServiceImpl[0;39m - Getting subject: 7f000101-9bf3-1319-819b-f35c75e60002 from shelf: 7f000101-9bf3-1319-819b-f35c54120001
2026-01-30 20:15:38,391 [34mINFO [0;39m [[34mtomcat-handler-138[0;39m] [33m[XID:aweb8z4gfxpa7f6][0;39m [32mc.a.o.api.controller.CardController[0;39m - Getting all cards for subject: 7f000101-9bf3-1319-819b-f35c75e60002 in shelve: 7f000101-9bf3-1319-819b-f35c54120001 with page: 0 and size: 1000
2026-01-30 20:15:38,393 [34mINFO [0;39m [[34mtomcat-handler-138[0;39m] [33m[XID:aweb8z4gfxpa7f6][0;39m [32mc.a.o.a.service.impl.CardServiceImpl[0;39m - Getting all cards for subject: 7f000101-9bf3-1319-819b-f35c75e60002 in shelve: 7f000101-9bf3-1319-819b-f35c54120001 with page: 0 and size: 1000
2026-01-30 20:15:38,398 [34mINFO [0;39m [[34mtomcat-handler-137[0;39m] [33m[XID:aweb093w15tfi51v][0;39m [32mc.a.o.a.s.impl.SubjectServiceImpl[0;39m - Successfully retrieved subject: 7f000101-9bf3-1319-819b-f35c75e60002
2026-01-30 20:15:38,402 [34mINFO [0;39m [[34mtomcat-handler-137[0;39m] [33m[XID:aweb093w15tfi51v][0;39m [32mc.a.oopsly.api.config.LoggingConfig[0;39m - Request: GET /api/v1/oopsly/shelves/7f000101-9bf3-1319-819b-f35c54120001/subjects/7f000101-9bf3-1319-819b-f35c75e60002 | Status: 200 | 13 ms
2026-01-30 20:15:38,407 [34mINFO [0;39m [[34mtomcat-handler-138[0;39m] [33m[XID:aweb8z4gfxpa7f6][0;39m [32mc.a.o.a.service.impl.CardServiceImpl[0;39m - Successfully retrieved 0 cards for subject: 7f000101-9bf3-1319-819b-f35c75e60002 (total: 0)
2026-01-30 20:15:38,410 [34mINFO [0;39m [[34mtomcat-handler-138[0;39m] [33m[XID:aweb8z4gfxpa7f6][0;39m [32mc.a.oopsly.api.config.LoggingConfig[0;39m - Request: GET /api/v1/oopsly/shelves/7f000101-9bf3-1319-819b-f35c54120001/subjects/7f000101-9bf3-1319-819b-f35c75e60002/cards | Status: 200 | 22 ms
2026-01-30 20:15:40,369 [34mINFO [0;39m [[34mtomcat-handler-139[0;39m] [33m[XID:][0;39m [32mc.a.o.a.c.JwtAuthenticationFilter[0;39m - Filtering request: /api/v1/oopsly/shelves/7f000101-9bf3-1319-819b-f35c54120001/subjects/7f000101-9bf3-1319-819b-f35c75e60002
2026-01-30 20:15:40,369 [34mINFO [0;39m [[34mtomcat-handler-139[0;39m] [33m[XID:][0;39m [32mc.a.o.a.c.JwtAuthenticationFilter[0;39m - Attempting to authenticate using jwt
2026-01-30 20:15:40,370 [34mINFO [0;39m [[34mtomcat-handler-139[0;39m] [33m[XID:][0;39m [32mc.a.o.a.c.JwtAuthenticationFilter[0;39m - User 7f000101-9bf3-1319-819b-f35c1d640000 authenticated with role USER
2026-01-30 20:15:40,370 [34mINFO [0;39m [[34mtomcat-handler-140[0;39m] [33m[XID:][0;39m [32mc.a.o.a.c.JwtAuthenticationFilter[0;39m - Filtering request: /api/v1/oopsly/shelves/7f000101-9bf3-1319-819b-f35c54120001/subjects/7f000101-9bf3-1319-819b-f35c75e60002/cards
2026-01-30 20:15:40,370 [34mINFO [0;39m [[34mtomcat-handler-140[0;39m] [33m[XID:][0;39m [32mc.a.o.a.c.JwtAuthenticationFilter[0;39m - Attempting to authenticate using jwt
2026-01-30 20:15:40,371 [34mINFO [0;39m [[34mtomcat-handler-140[0;39m] [33m[XID:][0;39m [32mc.a.o.a.c.JwtAuthenticationFilter[0;39m - User 7f000101-9bf3-1319-819b-f35c1d640000 authenticated with role USER
2026-01-30 20:15:40,374 [34mINFO [0;39m [[34mtomcat-handler-139[0;39m] [33m[XID:aweb6yl0ami1s0i][0;39m [32mc.a.o.a.controller.SubjectController[0;39m - Getting subject: 7f000101-9bf3-1319-819b-f35c75e60002 from shelve: 7f000101-9bf3-1319-819b-f35c54120001
2026-01-30 20:15:40,375 [34mINFO [0;39m [[34mtomcat-handler-140[0;39m] [33m[XID:aweb5054r32i7l3][0;39m [32mc.a.o.api.controller.CardController[0;39m - Getting all cards for subject: 7f000101-9bf3-1319-819b-f35c75e60002 in shelve: 7f000101-9bf3-1319-819b-f35c54120001 with page: 0 and size: 1000
2026-01-30 20:15:40,375 [34mINFO [0;39m [[34mtomcat-handler-139[0;39m] [33m[XID:aweb6yl0ami1s0i][0;39m [32mc.a.o.a.s.impl.SubjectServiceImpl[0;39m - Getting subject: 7f000101-9bf3-1319-819b-f35c75e60002 from shelf: 7f000101-9bf3-1319-819b-f35c54120001
2026-01-30 20:15:40,375 [34mINFO [0;39m [[34mtomcat-handler-140[0;39m] [33m[XID:aweb5054r32i7l3][0;39m [32mc.a.o.a.service.impl.CardServiceImpl[0;39m - Getting all cards for subject: 7f000101-9bf3-1319-819b-f35c75e60002 in shelve: 7f000101-9bf3-1319-819b-f35c54120001 with page: 0 and size: 1000
2026-01-30 20:15:40,380 [34mINFO [0;39m [[34mtomcat-handler-139[0;39m] [33m[XID:aweb6yl0ami1s0i][0;39m [32mc.a.o.a.s.impl.SubjectServiceImpl[0;39m - Successfully retrieved subject: 7f000101-9bf3-1319-819b-f35c75e60002
2026-01-30 20:15:40,383 [34mINFO [0;39m [[34mtomcat-handler-140[0;39m] [33m[XID:aweb5054r32i7l3][0;39m [32mc.a.o.a.service.impl.CardServiceImpl[0;39m - Successfully retrieved 0 cards for subject: 7f000101-9bf3-1319-819b-f35c75e60002 (total: 0)
2026-01-30 20:15:40,384 [34mINFO [0;39m [[34mtomcat-handler-139[0;39m] [33m[XID:aweb6yl0ami1s0i][0;39m [32mc.a.oopsly.api.config.LoggingConfig[0;39m - Request: GET /api/v1/oopsly/shelves/7f000101-9bf3-1319-819b-f35c54120001/subjects/7f000101-9bf3-1319-819b-f35c75e60002 | Status: 200 | 13 ms
2026-01-30 20:15:40,385 [34mINFO [0;39m [[34mtomcat-handler-140[0;39m] [33m[XID:aweb5054r32i7l3][0;39m [32mc.a.oopsly.api.config.LoggingConfig[0;39m - Request: GET /api/v1/oopsly/shelves/7f000101-9bf3-1319-819b-f35c54120001/subjects/7f000101-9bf3-1319-819b-f35c75e60002/cards | Status: 200 | 14 ms
2026-01-30 20:15:42,501 [34mINFO [0;39m [[34mtomcat-handler-141[0;39m] [33m[XID:][0;39m [32mc.a.o.a.c.JwtAuthenticationFilter[0;39m - Filtering request: /api/v1/oopsly/shelves/7f000101-9bf3-1319-819b-f35c54120001/subjects/7f000101-9bf3-1319-819b-f35c75e60002/cards
2026-01-30 20:15:42,501 [34mINFO [0;39m [[34mtomcat-handler-141[0;39m] [33m[XID:][0;39m [32mc.a.o.a.c.JwtAuthenticationFilter[0;39m - Attempting to authenticate using jwt
2026-01-30 20:15:42,501 [34mINFO [0;39m [[34mtomcat-handler-142[0;39m] [33m[XID:][0;39m [32mc.a.o.a.c.JwtAuthenticationFilter[0;39m - Filtering request: /api/v1/oopsly/shelves/7f000101-9bf3-1319-819b-f35c54120001/subjects/7f000101-9bf3-1319-819b-f35c75e60002
2026-01-30 20:15:42,502 [34mINFO [0;39m [[34mtomcat-handler-142[0;39m] [33m[XID:][0;39m [32mc.a.o.a.c.JwtAuthenticationFilter[0;39m - Attempting to authenticate using jwt
2026-01-30 20:15:42,502 [34mINFO [0;39m [[34mtomcat-handler-141[0;39m] [33m[XID:][0;39m [32mc.a.o.a.c.JwtAuthenticationFilter[0;39m - User 7f000101-9bf3-1319-819b-f35c1d640000 authenticated with role USER
2026-01-30 20:15:42,505 [34mINFO [0;39m [[34mtomcat-handler-141[0;39m] [33m[XID:awebgav8l0hm14o][0;39m [32mc.a.o.api.controller.CardController[0;39m - Getting all cards for subject: 7f000101-9bf3-1319-819b-f35c75e60002 in shelve: 7f000101-9bf3-1319-819b-f35c54120001 with page: 0 and size: 1000
2026-01-30 20:15:42,506 [34mINFO [0;39m [[34mtomcat-handler-142[0;39m] [33m[XID:][0;39m [32mc.a.o.a.c.JwtAuthenticationFilter[0;39m - User 7f000101-9bf3-1319-819b-f35c1d640000 authenticated with role USER
2026-01-30 20:15:42,506 [34mINFO [0;39m [[34mtomcat-handler-141[0;39m] [33m[XID:awebgav8l0hm14o][0;39m [32mc.a.o.a.service.impl.CardServiceImpl[0;39m - Getting all cards for subject: 7f000101-9bf3-1319-819b-f35c75e60002 in shelve: 7f000101-9bf3-1319-819b-f35c54120001 with page: 0 and size: 1000
2026-01-30 20:15:42,514 [34mINFO [0;39m [[34mtomcat-handler-142[0;39m] [33m[XID:awebrat2xoddle][0;39m [32mc.a.o.a.controller.SubjectController[0;39m - Getting subject: 7f000101-9bf3-1319-819b-f35c75e60002 from shelve: 7f000101-9bf3-1319-819b-f35c54120001
2026-01-30 20:15:42,516 [34mINFO [0;39m [[34mtomcat-handler-141[0;39m] [33m[XID:awebgav8l0hm14o][0;39m [32mc.a.o.a.service.impl.CardServiceImpl[0;39m - Successfully retrieved 0 cards for subject: 7f000101-9bf3-1319-819b-f35c75e60002 (total: 0)
2026-01-30 20:15:42,517 [34mINFO [0;39m [[34mtomcat-handler-142[0;39m] [33m[XID:awebrat2xoddle][0;39m [32mc.a.o.a.s.impl.SubjectServiceImpl[0;39m - Getting subject: 7f000101-9bf3-1319-819b-f35c75e60002 from shelf: 7f000101-9bf3-1319-819b-f35c54120001
2026-01-30 20:15:42,519 [34mINFO [0;39m [[34mtomcat-handler-141[0;39m] [33m[XID:awebgav8l0hm14o][0;39m [32mc.a.oopsly.api.config.LoggingConfig[0;39m - Request: GET /api/v1/oopsly/shelves/7f000101-9bf3-1319-819b-f35c54120001/subjects/7f000101-9bf3-1319-819b-f35c75e60002/cards | Status: 200 | 16 ms
2026-01-30 20:15:42,529 [34mINFO [0;39m [[34mtomcat-handler-142[0;39m] [33m[XID:awebrat2xoddle][0;39m [32mc.a.o.a.s.impl.SubjectServiceImpl[0;39m - Successfully retrieved subject: 7f000101-9bf3-1319-819b-f35c75e60002
2026-01-30 20:15:42,532 [34mINFO [0;39m [[34mtomcat-handler-142[0;39m] [33m[XID:awebrat2xoddle][0;39m [32mc.a.oopsly.api.config.LoggingConfig[0;39m - Request: GET /api/v1/oopsly/shelves/7f000101-9bf3-1319-819b-f35c54120001/subjects/7f000101-9bf3-1319-819b-f35c75e60002 | Status: 200 | 24 ms
2026-01-30 20:16:08,253 [34mINFO [0;39m [[34mtomcat-handler-144[0;39m] [33m[XID:][0;39m [32mc.a.o.a.c.JwtAuthenticationFilter[0;39m - Filtering request: /api/v1/oopsly/shelves/7f000101-9bf3-1319-819b-f35c54120001/subjects/7f000101-9bf3-1319-819b-f35c75e60002/cards
2026-01-30 20:16:08,254 [34mINFO [0;39m [[34mtomcat-handler-144[0;39m] [33m[XID:][0;39m [32mc.a.o.a.c.JwtAuthenticationFilter[0;39m - Attempting to authenticate using jwt
2026-01-30 20:16:08,253 [34mINFO [0;39m [[34mtomcat-handler-143[0;39m] [33m[XID:][0;39m [32mc.a.o.a.c.JwtAuthenticationFilter[0;39m - Filtering request: /api/v1/oopsly/shelves/7f000101-9bf3-1319-819b-f35c54120001/subjects/7f000101-9bf3-1319-819b-f35c75e60002
2026-01-30 20:16:08,254 [34mINFO [0;39m [[34mtomcat-handler-143[0;39m] [33m[XID:][0;39m [32mc.a.o.a.c.JwtAuthenticationFilter[0;39m - Attempting to authenticate using jwt
2026-01-30 20:16:08,257 [34mINFO [0;39m [[34mtomcat-handler-143[0;39m] [33m[XID:][0;39m [32mc.a.o.a.c.JwtAuthenticationFilter[0;39m - User 7f000101-9bf3-1319-819b-f35c1d640000 authenticated with role USER
2026-01-30 20:16:08,257 [34mINFO [0;39m [[34mtomcat-handler-144[0;39m] [33m[XID:][0;39m [32mc.a.o.a.c.JwtAuthenticationFilter[0;39m - User 7f000101-9bf3-1319-819b-f35c1d640000 authenticated with role USER
2026-01-30 20:16:08,261 [34mINFO [0;39m [[34mtomcat-handler-143[0;39m] [33m[XID:awebftaziqs0shh][0;39m [32mc.a.o.a.controller.SubjectController[0;39m - Getting subject: 7f000101-9bf3-1319-819b-f35c75e60002 from shelve: 7f000101-9bf3-1319-819b-f35c54120001
2026-01-30 20:16:08,261 [34mINFO [0;39m [[34mtomcat-handler-144[0;39m] [33m[XID:aweb025dc6pbx9aw][0;39m [32mc.a.o.api.controller.CardController[0;39m - Getting all cards for subject: 7f000101-9bf3-1319-819b-f35c75e60002 in shelve: 7f000101-9bf3-1319-819b-f35c54120001 with page: 0 and size: 1000
2026-01-30 20:16:08,263 [34mINFO [0;39m [[34mtomcat-handler-143[0;39m] [33m[XID:awebftaziqs0shh][0;39m [32mc.a.o.a.s.impl.SubjectServiceImpl[0;39m - Getting subject: 7f000101-9bf3-1319-819b-f35c75e60002 from shelf: 7f000101-9bf3-1319-819b-f35c54120001
2026-01-30 20:16:08,263 [34mINFO [0;39m [[34mtomcat-handler-144[0;39m] [33m[XID:aweb025dc6pbx9aw][0;39m [32mc.a.o.a.service.impl.CardServiceImpl[0;39m - Getting all cards for subject: 7f000101-9bf3-1319-819b-f35c75e60002 in shelve: 7f000101-9bf3-1319-819b-f35c54120001 with page: 0 and size: 1000
2026-01-30 20:16:08,270 [34mINFO [0;39m [[34mtomcat-handler-143[0;39m] [33m[XID:awebftaziqs0shh][0;39m [32mc.a.o.a.s.impl.SubjectServiceImpl[0;39m - Successfully retrieved subject: 7f000101-9bf3-1319-819b-f35c75e60002
2026-01-30 20:16:08,271 [34mINFO [0;39m [[34mtomcat-handler-144[0;39m] [33m[XID:aweb025dc6pbx9aw][0;39m [32mc.a.o.a.service.impl.CardServiceImpl[0;39m - Successfully retrieved 0 cards for subject: 7f000101-9bf3-1319-819b-f35c75e60002 (total: 0)
2026-01-30 20:16:08,273 [34mINFO [0;39m [[34mtomcat-handler-143[0;39m] [33m[XID:awebftaziqs0shh][0;39m [32mc.a.oopsly.api.config.LoggingConfig[0;39m - Request: GET /api/v1/oopsly/shelves/7f000101-9bf3-1319-819b-f35c54120001/subjects/7f000101-9bf3-1319-819b-f35c75e60002 | Status: 200 | 15 ms
2026-01-30 20:16:08,273 [34mINFO [0;39m [[34mtomcat-handler-144[0;39m] [33m[XID:aweb025dc6pbx9aw][0;39m [32mc.a.oopsly.api.config.LoggingConfig[0;39m - Request: GET /api/v1/oopsly/shelves/7f000101-9bf3-1319-819b-f35c54120001/subjects/7f000101-9bf3-1319-819b-f35c75e60002/cards | Status: 200 | 15 ms
2026-01-30 20:16:13,262 [34mINFO [0;39m [[34mtomcat-handler-145[0;39m] [33m[XID:][0;39m [32mc.a.o.a.c.JwtAuthenticationFilter[0;39m - Filtering request: /api/v1/oopsly/shelves/7f000101-9bf3-1319-819b-f35c54120001/subjects/7f000101-9bf3-1319-819b-f35c75e60002
2026-01-30 20:16:13,262 [34mINFO [0;39m [[34mtomcat-handler-145[0;39m] [33m[XID:][0;39m [32mc.a.o.a.c.JwtAuthenticationFilter[0;39m - Attempting to authenticate using jwt
2026-01-30 20:16:13,267 [34mINFO [0;39m [[34mtomcat-handler-145[0;39m] [33m[XID:][0;39m [32mc.a.o.a.c.JwtAuthenticationFilter[0;39m - User 7f000101-9bf3-1319-819b-f35c1d640000 authenticated with role USER
2026-01-30 20:16:13,271 [34mINFO [0;39m [[34mtomcat-handler-145[0;39m] [33m[XID:awebvtpn21jtjw][0;39m [32mc.a.o.a.controller.SubjectController[0;39m - Getting subject: 7f000101-9bf3-1319-819b-f35c75e60002 from shelve: 7f000101-9bf3-1319-819b-f35c54120001
2026-01-30 20:16:13,273 [34mINFO [0;39m [[34mtomcat-handler-145[0;39m] [33m[XID:awebvtpn21jtjw][0;39m [32mc.a.o.a.s.impl.SubjectServiceImpl[0;39m - Getting subject: 7f000101-9bf3-1319-819b-f35c75e60002 from shelf: 7f000101-9bf3-1319-819b-f35c54120001
2026-01-30 20:16:13,280 [34mINFO [0;39m [[34mtomcat-handler-146[0;39m] [33m[XID:][0;39m [32mc.a.o.a.c.JwtAuthenticationFilter[0;39m - Filtering request: /api/v1/oopsly/shelves/7f000101-9bf3-1319-819b-f35c54120001/subjects/7f000101-9bf3-1319-819b-f35c75e60002/cards
2026-01-30 20:16:13,280 [34mINFO [0;39m [[34mtomcat-handler-146[0;39m] [33m[XID:][0;39m [32mc.a.o.a.c.JwtAuthenticationFilter[0;39m - Attempting to authenticate using jwt
2026-01-30 20:16:13,283 [34mINFO [0;39m [[34mtomcat-handler-145[0;39m] [33m[XID:awebvtpn21jtjw][0;39m [32mc.a.o.a.s.impl.SubjectServiceImpl[0;39m - Successfully retrieved subject: 7f000101-9bf3-1319-819b-f35c75e60002
2026-01-30 20:16:13,285 [34mINFO [0;39m [[34mtomcat-handler-146[0;39m] [33m[XID:][0;39m [32mc.a.o.a.c.JwtAuthenticationFilter[0;39m - User 7f000101-9bf3-1319-819b-f35c1d640000 authenticated with role USER
2026-01-30 20:16:13,288 [34mINFO [0;39m [[34mtomcat-handler-145[0;39m] [33m[XID:awebvtpn21jtjw][0;39m [32mc.a.oopsly.api.config.LoggingConfig[0;39m - Request: GET /api/v1/oopsly/shelves/7f000101-9bf3-1319-819b-f35c54120001/subjects/7f000101-9bf3-1319-819b-f35c75e60002 | Status: 200 | 19 ms
2026-01-30 20:16:13,290 [34mINFO [0;39m [[34mtomcat-handler-146[0;39m] [33m[XID:awebgs3obf8s68i][0;39m [32mc.a.o.api.controller.CardController[0;39m - Getting all cards for subject: 7f000101-9bf3-1319-819b-f35c75e60002 in shelve: 7f000101-9bf3-1319-819b-f35c54120001 with page: 0 and size: 1000
2026-01-30 20:16:13,290 [34mINFO [0;39m [[34mtomcat-handler-146[0;39m] [33m[XID:awebgs3obf8s68i][0;39m [32mc.a.o.a.service.impl.CardServiceImpl[0;39m - Getting all cards for subject: 7f000101-9bf3-1319-819b-f35c75e60002 in shelve: 7f000101-9bf3-1319-819b-f35c54120001 with page: 0 and size: 1000
2026-01-30 20:16:13,299 [34mINFO [0;39m [[34mtomcat-handler-146[0;39m] [33m[XID:awebgs3obf8s68i][0;39m [32mc.a.o.a.service.impl.CardServiceImpl[0;39m - Successfully retrieved 0 cards for subject: 7f000101-9bf3-1319-819b-f35c75e60002 (total: 0)
2026-01-30 20:16:13,310 [34mINFO [0;39m [[34mtomcat-handler-146[0;39m] [33m[XID:awebgs3obf8s68i][0;39m [32mc.a.oopsly.api.config.LoggingConfig[0;39m - Request: GET /api/v1/oopsly/shelves/7f000101-9bf3-1319-819b-f35c54120001/subjects/7f000101-9bf3-1319-819b-f35c75e60002/cards | Status: 200 | 23 ms
2026-01-30 20:18:37,980 [34mINFO [0;39m [[34mtomcat-handler-149[0;39m] [33m[XID:][0;39m [32mc.a.o.a.c.JwtAuthenticationFilter[0;39m - Filtering request: /api/v1/oopsly/shelves/7f000101-9bf3-1319-819b-f35c54120001/subjects/7f000101-9bf3-1319-819b-f35c75e60002
2026-01-30 20:18:37,981 [34mINFO [0;39m [[34mtomcat-handler-149[0;39m] [33m[XID:][0;39m [32mc.a.o.a.c.JwtAuthenticationFilter[0;39m - Attempting to authenticate using jwt
2026-01-30 20:18:37,983 [34mINFO [0;39m [[34mtomcat-handler-149[0;39m] [33m[XID:][0;39m [32mc.a.o.a.c.JwtAuthenticationFilter[0;39m - User 7f000101-9bf3-1319-819b-f35c1d640000 authenticated with role USER
2026-01-30 20:18:37,985 [34mINFO [0;39m [[34mtomcat-handler-150[0;39m] [33m[XID:][0;39m [32mc.a.o.a.c.JwtAuthenticationFilter[0;39m - Filtering request: /api/v1/oopsly/shelves/7f000101-9bf3-1319-819b-f35c54120001/subjects/7f000101-9bf3-1319-819b-f35c75e60002/cards
2026-01-30 20:18:37,985 [34mINFO [0;39m [[34mtomcat-handler-150[0;39m] [33m[XID:][0;39m [32mc.a.o.a.c.JwtAuthenticationFilter[0;39m - Attempting to authenticate using jwt
2026-01-30 20:18:37,986 [34mINFO [0;39m [[34mtomcat-handler-149[0;39m] [33m[XID:awebxs4lipoagwi][0;39m [32mc.a.o.a.controller.SubjectController[0;39m - Getting subject: 7f000101-9bf3-1319-819b-f35c75e60002 from shelve: 7f000101-9bf3-1319-819b-f35c54120001
2026-01-30 20:18:37,987 [34mINFO [0;39m [[34mtomcat-handler-149[0;39m] [33m[XID:awebxs4lipoagwi][0;39m [32mc.a.o.a.s.impl.SubjectServiceImpl[0;39m - Getting subject: 7f000101-9bf3-1319-819b-f35c75e60002 from shelf: 7f000101-9bf3-1319-819b-f35c54120001
2026-01-30 20:18:37,987 [34mINFO [0;39m [[34mtomcat-handler-150[0;39m] [33m[XID:][0;39m [32mc.a.o.a.c.JwtAuthenticationFilter[0;39m - User 7f000101-9bf3-1319-819b-f35c1d640000 authenticated with role USER
2026-01-30 20:18:37,991 [34mINFO [0;39m [[34mtomcat-handler-150[0;39m] [33m[XID:aweb05nod3neg7bt][0;39m [32mc.a.o.api.controller.CardController[0;39m - Getting all cards for subject: 7f000101-9bf3-1319-819b-f35c75e60002 in shelve: 7f000101-9bf3-1319-819b-f35c54120001 with page: 0 and size: 1000
2026-01-30 20:18:37,992 [34mINFO [0;39m [[34mtomcat-handler-150[0;39m] [33m[XID:aweb05nod3neg7bt][0;39m [32mc.a.o.a.service.impl.CardServiceImpl[0;39m - Getting all cards for subject: 7f000101-9bf3-1319-819b-f35c75e60002 in shelve: 7f000101-9bf3-1319-819b-f35c54120001 with page: 0 and size: 1000
2026-01-30 20:18:37,993 [34mINFO [0;39m [[34mtomcat-handler-149[0;39m] [33m[XID:awebxs4lipoagwi][0;39m [32mc.a.o.a.s.impl.SubjectServiceImpl[0;39m - Successfully retrieved subject: 7f000101-9bf3-1319-819b-f35c75e60002
2026-01-30 20:18:37,996 [34mINFO [0;39m [[34mtomcat-handler-149[0;39m] [33m[XID:awebxs4lipoagwi][0;39m [32mc.a.oopsly.api.config.LoggingConfig[0;39m - Request: GET /api/v1/oopsly/shelves/7f000101-9bf3-1319-819b-f35c54120001/subjects/7f000101-9bf3-1319-819b-f35c75e60002 | Status: 200 | 12 ms
2026-01-30 20:18:38,000 [34mINFO [0;39m [[34mtomcat-handler-150[0;39m] [33m[XID:aweb05nod3neg7bt][0;39m [32mc.a.o.a.service.impl.CardServiceImpl[0;39m - Successfully retrieved 0 cards for subject: 7f000101-9bf3-1319-819b-f35c75e60002 (total: 0)
2026-01-30 20:18:38,004 [34mINFO [0;39m [[34mtomcat-handler-150[0;39m] [33m[XID:aweb05nod3neg7bt][0;39m [32mc.a.oopsly.api.config.LoggingConfig[0;39m - Request: GET /api/v1/oopsly/shelves/7f000101-9bf3-1319-819b-f35c54120001/subjects/7f000101-9bf3-1319-819b-f35c75e60002/cards | Status: 200 | 16 ms
2026-01-30 20:18:41,864 [34mINFO [0;39m [[34mtomcat-handler-152[0;39m] [33m[XID:][0;39m [32mc.a.o.a.c.JwtAuthenticationFilter[0;39m - Filtering request: /api/v1/oopsly/shelves/7f000101-9bf3-1319-819b-f35c54120001/subjects/7f000101-9bf3-1319-819b-f35c75e60002/cards
2026-01-30 20:18:41,864 [34mINFO [0;39m [[34mtomcat-handler-151[0;39m] [33m[XID:][0;39m [32mc.a.o.a.c.JwtAuthenticationFilter[0;39m - Filtering request: /api/v1/oopsly/shelves/7f000101-9bf3-1319-819b-f35c54120001/subjects/7f000101-9bf3-1319-819b-f35c75e60002
2026-01-30 20:18:41,864 [34mINFO [0;39m [[34mtomcat-handler-151[0;39m] [33m[XID:][0;39m [32mc.a.o.a.c.JwtAuthenticationFilter[0;39m - Attempting to authenticate using jwt
2026-01-30 20:18:41,864 [34mINFO [0;39m [[34mtomcat-handler-152[0;39m] [33m[XID:][0;39m [32mc.a.o.a.c.JwtAuthenticationFilter[0;39m - Attempting to authenticate using jwt
2026-01-30 20:18:41,866 [34mINFO [0;39m [[34mtomcat-handler-151[0;39m] [33m[XID:][0;39m [32mc.a.o.a.c.JwtAuthenticationFilter[0;39m - User 7f000101-9bf3-1319-819b-f35c1d640000 authenticated with role USER
2026-01-30 20:18:41,866 [34mINFO [0;39m [[34mtomcat-handler-152[0;39m] [33m[XID:][0;39m [32mc.a.o.a.c.JwtAuthenticationFilter[0;39m - User 7f000101-9bf3-1319-819b-f35c1d640000 authenticated with role USER
2026-01-30 20:18:41,869 [34mINFO [0;39m [[34mtomcat-handler-151[0;39m] [33m[XID:aweb4dkl42qd2ni][0;39m [32mc.a.o.a.controller.SubjectController[0;39m - Getting subject: 7f000101-9bf3-1319-819b-f35c75e60002 from shelve: 7f000101-9bf3-1319-819b-f35c54120001
2026-01-30 20:18:41,869 [34mINFO [0;39m [[34mtomcat-handler-152[0;39m] [33m[XID:awebw3aw6mfwfu][0;39m [32mc.a.o.api.controller.CardController[0;39m - Getting all cards for subject: 7f000101-9bf3-1319-819b-f35c75e60002 in shelve: 7f000101-9bf3-1319-819b-f35c54120001 with page: 0 and size: 1000
2026-01-30 20:18:41,869 [34mINFO [0;39m [[34mtomcat-handler-151[0;39m] [33m[XID:aweb4dkl42qd2ni][0;39m [32mc.a.o.a.s.impl.SubjectServiceImpl[0;39m - Getting subject: 7f000101-9bf3-1319-819b-f35c75e60002 from shelf: 7f000101-9bf3-1319-819b-f35c54120001
2026-01-30 20:18:41,869 [34mINFO [0;39m [[34mtomcat-handler-152[0;39m] [33m[XID:awebw3aw6mfwfu][0;39m [32mc.a.o.a.service.impl.CardServiceImpl[0;39m - Getting all cards for subject: 7f000101-9bf3-1319-819b-f35c75e60002 in shelve: 7f000101-9bf3-1319-819b-f35c54120001 with page: 0 and size: 1000
2026-01-30 20:18:41,874 [34mINFO [0;39m [[34mtomcat-handler-151[0;39m] [33m[XID:aweb4dkl42qd2ni][0;39m [32mc.a.o.a.s.impl.SubjectServiceImpl[0;39m - Successfully retrieved subject: 7f000101-9bf3-1319-819b-f35c75e60002
2026-01-30 20:18:41,875 [34mINFO [0;39m [[34mtomcat-handler-152[0;39m] [33m[XID:awebw3aw6mfwfu][0;39m [32mc.a.o.a.service.impl.CardServiceImpl[0;39m - Successfully retrieved 0 cards for subject: 7f000101-9bf3-1319-819b-f35c75e60002 (total: 0)
2026-01-30 20:18:41,876 [34mINFO [0;39m [[34mtomcat-handler-151[0;39m] [33m[XID:aweb4dkl42qd2ni][0;39m [32mc.a.oopsly.api.config.LoggingConfig[0;39m - Request: GET /api/v1/oopsly/shelves/7f000101-9bf3-1319-819b-f35c54120001/subjects/7f000101-9bf3-1319-819b-f35c75e60002 | Status: 200 | 9 ms
2026-01-30 20:18:41,876 [34mINFO [0;39m [[34mtomcat-handler-152[0;39m] [33m[XID:awebw3aw6mfwfu][0;39m [32mc.a.oopsly.api.config.LoggingConfig[0;39m - Request: GET /api/v1/oopsly/shelves/7f000101-9bf3-1319-819b-f35c54120001/subjects/7f000101-9bf3-1319-819b-f35c75e60002/cards | Status: 200 | 9 ms
2026-01-30 20:18:42,831 [34mINFO [0;39m [[34mtomcat-handler-153[0;39m] [33m[XID:][0;39m [32mc.a.o.a.c.JwtAuthenticationFilter[0;39m - Filtering request: /api/v1/oopsly/shelves/7f000101-9bf3-1319-819b-f35c54120001/subjects/7f000101-9bf3-1319-819b-f35c75e60002
2026-01-30 20:18:42,831 [34mINFO [0;39m [[34mtomcat-handler-153[0;39m] [33m[XID:][0;39m [32mc.a.o.a.c.JwtAuthenticationFilter[0;39m - Attempting to authenticate using jwt
2026-01-30 20:18:42,832 [34mINFO [0;39m [[34mtomcat-handler-154[0;39m] [33m[XID:][0;39m [32mc.a.o.a.c.JwtAuthenticationFilter[0;39m - Filtering request: /api/v1/oopsly/shelves/7f000101-9bf3-1319-819b-f35c54120001/subjects/7f000101-9bf3-1319-819b-f35c75e60002/cards
2026-01-30 20:18:42,832 [34mINFO [0;39m [[34mtomcat-handler-154[0;39m] [33m[XID:][0;39m [32mc.a.o.a.c.JwtAuthenticationFilter[0;39m - Attempting to authenticate using jwt
2026-01-30 20:18:42,832 [34mINFO [0;39m [[34mtomcat-handler-153[0;39m] [33m[XID:][0;39m [32mc.a.o.a.c.JwtAuthenticationFilter[0;39m - User 7f000101-9bf3-1319-819b-f35c1d640000 authenticated with role USER
2026-01-30 20:18:42,832 [34mINFO [0;39m [[34mtomcat-handler-154[0;39m] [33m[XID:][0;39m [32mc.a.o.a.c.JwtAuthenticationFilter[0;39m - User 7f000101-9bf3-1319-819b-f35c1d640000 authenticated with role USER
2026-01-30 20:18:42,834 [34mINFO [0;39m [[34mtomcat-handler-153[0;39m] [33m[XID:awebfd81zsl8w4f][0;39m [32mc.a.o.a.controller.SubjectController[0;39m - Getting subject: 7f000101-9bf3-1319-819b-f35c75e60002 from shelve: 7f000101-9bf3-1319-819b-f35c54120001
2026-01-30 20:18:42,834 [34mINFO [0;39m [[34mtomcat-handler-153[0;39m] [33m[XID:awebfd81zsl8w4f][0;39m [32mc.a.o.a.s.impl.SubjectServiceImpl[0;39m - Getting subject: 7f000101-9bf3-1319-819b-f35c75e60002 from shelf: 7f000101-9bf3-1319-819b-f35c54120001
2026-01-30 20:18:42,834 [34mINFO [0;39m [[34mtomcat-handler-154[0;39m] [33m[XID:aweby2v38dyp4ba][0;39m [32mc.a.o.api.controller.CardController[0;39m - Getting all cards for subject: 7f000101-9bf3-1319-819b-f35c75e60002 in shelve: 7f000101-9bf3-1319-819b-f35c54120001 with page: 0 and size: 1000
2026-01-30 20:18:42,835 [34mINFO [0;39m [[34mtomcat-handler-154[0;39m] [33m[XID:aweby2v38dyp4ba][0;39m [32mc.a.o.a.service.impl.CardServiceImpl[0;39m - Getting all cards for subject: 7f000101-9bf3-1319-819b-f35c75e60002 in shelve: 7f000101-9bf3-1319-819b-f35c54120001 with page: 0 and size: 1000
2026-01-30 20:18:42,839 [34mINFO [0;39m [[34mtomcat-handler-153[0;39m] [33m[XID:awebfd81zsl8w4f][0;39m [32mc.a.o.a.s.impl.SubjectServiceImpl[0;39m - Successfully retrieved subject: 7f000101-9bf3-1319-819b-f35c75e60002
2026-01-30 20:18:42,841 [34mINFO [0;39m [[34mtomcat-handler-154[0;39m] [33m[XID:aweby2v38dyp4ba][0;39m [32mc.a.o.a.service.impl.CardServiceImpl[0;39m - Successfully retrieved 0 cards for subject: 7f000101-9bf3-1319-819b-f35c75e60002 (total: 0)
2026-01-30 20:18:42,841 [34mINFO [0;39m [[34mtomcat-handler-153[0;39m] [33m[XID:awebfd81zsl8w4f][0;39m [32mc.a.oopsly.api.config.LoggingConfig[0;39m - Request: GET /api/v1/oopsly/shelves/7f000101-9bf3-1319-819b-f35c54120001/subjects/7f000101-9bf3-1319-819b-f35c75e60002 | Status: 200 | 8 ms
2026-01-30 20:18:42,843 [34mINFO [0;39m [[34mtomcat-handler-154[0;39m] [33m[XID:aweby2v38dyp4ba][0;39m [32mc.a.oopsly.api.config.LoggingConfig[0;39m - Request: GET /api/v1/oopsly/shelves/7f000101-9bf3-1319-819b-f35c54120001/subjects/7f000101-9bf3-1319-819b-f35c75e60002/cards | Status: 200 | 10 ms
2026-01-30 20:18:55,743 [34mINFO [0;39m [[34mtomcat-handler-155[0;39m] [33m[XID:][0;39m [32mc.a.o.a.c.JwtAuthenticationFilter[0;39m - Filtering request: /api/v1/oopsly/shelves
2026-01-30 20:18:55,743 [34mINFO [0;39m [[34mtomcat-handler-155[0;39m] [33m[XID:][0;39m [32mc.a.o.a.c.JwtAuthenticationFilter[0;39m - Attempting to authenticate using jwt
2026-01-30 20:18:55,745 [34mINFO [0;39m [[34mtomcat-handler-155[0;39m] [33m[XID:][0;39m [32mc.a.o.a.c.JwtAuthenticationFilter[0;39m - User 7f000101-9bf3-1319-819b-f35c1d640000 authenticated with role USER
2026-01-30 20:18:55,749 [34mINFO [0;39m [[34mtomcat-handler-155[0;39m] [33m[XID:awebiam3lmjxft9][0;39m [32mc.a.o.a.s.impl.ShelfServiceImpl[0;39m - Retrieving current user info from UserService
2026-01-30 20:18:55,753 [34mINFO [0;39m [[34mtomcat-handler-155[0;39m] [33m[XID:awebiam3lmjxft9][0;39m [32mc.a.o.a.s.impl.ShelfServiceImpl[0;39m - Fetching shelves page 0 size 100 for user 7f000101-9bf3-1319-819b-f35c1d640000
2026-01-30 20:18:55,758 [34mINFO [0;39m [[34mtomcat-handler-155[0;39m] [33m[XID:awebiam3lmjxft9][0;39m [32mc.a.o.a.s.impl.ShelfServiceImpl[0;39m - Retrieving current user info from UserService
2026-01-30 20:18:55,825 [34mINFO [0;39m [[34mtomcat-handler-155[0;39m] [33m[XID:awebiam3lmjxft9][0;39m [32mc.a.oopsly.api.config.LoggingConfig[0;39m - Request: GET /api/v1/oopsly/shelves | Status: 200 | 79 ms
2026-01-30 20:18:56,931 [34mINFO [0;39m [[34mtomcat-handler-156[0;39m] [33m[XID:][0;39m [32mc.a.o.a.c.JwtAuthenticationFilter[0;39m - Filtering request: /api/v1/oopsly/shelves
2026-01-30 20:18:56,931 [34mINFO [0;39m [[34mtomcat-handler-156[0;39m] [33m[XID:][0;39m [32mc.a.o.a.c.JwtAuthenticationFilter[0;39m - Attempting to authenticate using jwt
2026-01-30 20:18:56,932 [34mINFO [0;39m [[34mtomcat-handler-156[0;39m] [33m[XID:][0;39m [32mc.a.o.a.c.JwtAuthenticationFilter[0;39m - User 7f000101-9bf3-1319-819b-f35c1d640000 authenticated with role USER
2026-01-30 20:18:56,936 [34mINFO [0;39m [[34mtomcat-handler-156[0;39m] [33m[XID:aweb5u4dlfwqfcg][0;39m [32mc.a.o.a.s.impl.ShelfServiceImpl[0;39m - Retrieving current user info from UserService
2026-01-30 20:18:56,941 [34mINFO [0;39m [[34mtomcat-handler-156[0;39m] [33m[XID:aweb5u4dlfwqfcg][0;39m [32mc.a.o.a.s.impl.ShelfServiceImpl[0;39m - Fetching shelves page 0 size 100 for user 7f000101-9bf3-1319-819b-f35c1d640000
2026-01-30 20:18:56,941 [34mINFO [0;39m [[34mtomcat-handler-156[0;39m] [33m[XID:aweb5u4dlfwqfcg][0;39m [32mc.a.o.a.s.impl.ShelfServiceImpl[0;39m - Retrieving current user info from UserService
2026-01-30 20:18:57,038 [34mINFO [0;39m [[34mtomcat-handler-156[0;39m] [33m[XID:aweb5u4dlfwqfcg][0;39m [32mc.a.oopsly.api.config.LoggingConfig[0;39m - Request: GET /api/v1/oopsly/shelves | Status: 200 | 105 ms
2026-01-30 20:22:43,994 [34mINFO [0;39m [[34mtomcat-handler-159[0;39m] [33m[XID:][0;39m [32mc.a.o.a.c.JwtAuthenticationFilter[0;39m - Filtering request: /api/v1/oopsly/shelves/7f000101-9bf3-1319-819b-f35c54120001/subjects/7f000101-9bf3-1319-819b-f35c75e60002
2026-01-30 20:22:43,996 [34mINFO [0;39m [[34mtomcat-handler-159[0;39m] [33m[XID:][0;39m [32mc.a.o.a.c.JwtAuthenticationFilter[0;39m - Attempting to authenticate using jwt
2026-01-30 20:22:43,997 [34mINFO [0;39m [[34mtomcat-handler-160[0;39m] [33m[XID:][0;39m [32mc.a.o.a.c.JwtAuthenticationFilter[0;39m - Filtering request: /api/v1/oopsly/shelves/7f000101-9bf3-1319-819b-f35c54120001/subjects/7f000101-9bf3-1319-819b-f35c75e60002/cards
2026-01-30 20:22:43,997 [34mINFO [0;39m [[34mtomcat-handler-160[0;39m] [33m[XID:][0;39m [32mc.a.o.a.c.JwtAuthenticationFilter[0;39m - Attempting to authenticate using jwt
2026-01-30 20:22:43,998 [34mINFO [0;39m [[34mtomcat-handler-159[0;39m] [33m[XID:][0;39m [32mc.a.o.a.c.JwtAuthenticationFilter[0;39m - User 7f000101-9bf3-1319-819b-f35c1d640000 authenticated with role USER
2026-01-30 20:22:44,000 [34mINFO [0;39m [[34mtomcat-handler-160[0;39m] [33m[XID:][0;39m [32mc.a.o.a.c.JwtAuthenticationFilter[0;39m - User 7f000101-9bf3-1319-819b-f35c1d640000 authenticated with role USER
2026-01-30 20:22:44,002 [34mINFO [0;39m [[34mtomcat-handler-159[0;39m] [33m[XID:awebjerr8c571t][0;39m [32mc.a.o.a.controller.SubjectController[0;39m - Getting subject: 7f000101-9bf3-1319-819b-f35c75e60002 from shelve: 7f000101-9bf3-1319-819b-f35c54120001
2026-01-30 20:22:44,004 [34mINFO [0;39m [[34mtomcat-handler-159[0;39m] [33m[XID:awebjerr8c571t][0;39m [32mc.a.o.a.s.impl.SubjectServiceImpl[0;39m - Getting subject: 7f000101-9bf3-1319-819b-f35c75e60002 from shelf: 7f000101-9bf3-1319-819b-f35c54120001
2026-01-30 20:22:44,005 [34mINFO [0;39m [[34mtomcat-handler-160[0;39m] [33m[XID:awebozihhdmxieh][0;39m [32mc.a.o.api.controller.CardController[0;39m - Getting all cards for subject: 7f000101-9bf3-1319-819b-f35c75e60002 in shelve: 7f000101-9bf3-1319-819b-f35c54120001 with page: 0 and size: 1000
2026-01-30 20:22:44,006 [34mINFO [0;39m [[34mtomcat-handler-160[0;39m] [33m[XID:awebozihhdmxieh][0;39m [32mc.a.o.a.service.impl.CardServiceImpl[0;39m - Getting all cards for subject: 7f000101-9bf3-1319-819b-f35c75e60002 in shelve: 7f000101-9bf3-1319-819b-f35c54120001 with page: 0 and size: 1000
2026-01-30 20:22:44,017 [34mINFO [0;39m [[34mtomcat-handler-159[0;39m] [33m[XID:awebjerr8c571t][0;39m [32mc.a.o.a.s.impl.SubjectServiceImpl[0;39m - Successfully retrieved subject: 7f000101-9bf3-1319-819b-f35c75e60002
2026-01-30 20:22:44,018 [34mINFO [0;39m [[34mtomcat-handler-160[0;39m] [33m[XID:awebozihhdmxieh][0;39m [32mc.a.o.a.service.impl.CardServiceImpl[0;39m - Successfully retrieved 0 cards for subject: 7f000101-9bf3-1319-819b-f35c75e60002 (total: 0)
2026-01-30 20:22:44,021 [34mINFO [0;39m [[34mtomcat-handler-159[0;39m] [33m[XID:awebjerr8c571t][0;39m [32mc.a.oopsly.api.config.LoggingConfig[0;39m - Request: GET /api/v1/oopsly/shelves/7f000101-9bf3-1319-819b-f35c54120001/subjects/7f000101-9bf3-1319-819b-f35c75e60002 | Status: 200 | 22 ms
2026-01-30 20:22:44,021 [34mINFO [0;39m [[34mtomcat-handler-160[0;39m] [33m[XID:awebozihhdmxieh][0;39m [32mc.a.oopsly.api.config.LoggingConfig[0;39m - Request: GET /api/v1/oopsly/shelves/7f000101-9bf3-1319-819b-f35c54120001/subjects/7f000101-9bf3-1319-819b-f35c75e60002/cards | Status: 200 | 21 ms
2026-01-30 20:22:50,438 [34mINFO [0;39m [[34mtomcat-handler-161[0;39m] [33m[XID:][0;39m [32mc.a.o.a.c.JwtAuthenticationFilter[0;39m - Filtering request: /api/v1/oopsly/shelves/7f000101-9bf3-1319-819b-f35c54120001/subjects/7f000101-9bf3-1319-819b-f35c75e60002/cards
2026-01-30 20:22:50,439 [31mWARN [0;39m [[34mtomcat-handler-161[0;39m] [33m[XID:][0;39m [32mc.a.o.a.c.JwtAuthenticationFilter[0;39m - Authorization header not present
2026-01-30 20:22:50,441 [34mINFO [0;39m [[34mtomcat-handler-161[0;39m] [33m[XID:f8e2a55f-2da8-4a31-b7e7-b0b2ec7e0024][0;39m [32mc.a.oopsly.api.config.LoggingConfig[0;39m - Request: OPTIONS /api/v1/oopsly/shelves/7f000101-9bf3-1319-819b-f35c54120001/subjects/7f000101-9bf3-1319-819b-f35c75e60002/cards | Status: 200 | 1 ms
2026-01-30 20:22:50,446 [34mINFO [0;39m [[34mtomcat-handler-162[0;39m] [33m[XID:][0;39m [32mc.a.o.a.c.JwtAuthenticationFilter[0;39m - Filtering request: /api/v1/oopsly/shelves/7f000101-9bf3-1319-819b-f35c54120001/subjects/7f000101-9bf3-1319-819b-f35c75e60002/cards
2026-01-30 20:22:50,446 [34mINFO [0;39m [[34mtomcat-handler-162[0;39m] [33m[XID:][0;39m [32mc.a.o.a.c.JwtAuthenticationFilter[0;39m - Attempting to authenticate using jwt
2026-01-30 20:22:50,447 [34mINFO [0;39m [[34mtomcat-handler-162[0;39m] [33m[XID:][0;39m [32mc.a.o.a.c.JwtAuthenticationFilter[0;39m - User 7f000101-9bf3-1319-819b-f35c1d640000 authenticated with role USER
2026-01-30 20:22:50,477 [1;31mERROR[0;39m [[34mtomcat-handler-162[0;39m] [33m[XID:awebnzsqef7gszc][0;39m [32mc.a.o.a.e.GlobalExceptionHandler[0;39m - Generic internal server error: JSON parse error: Cannot deserialize value of type `com.app.oopsly.api.viewmodel.CardReq` from Array value (token `JsonToken.START_ARRAY`)
org.springframework.http.converter.HttpMessageNotReadableException: JSON parse error: Cannot deserialize value of type `com.app.oopsly.api.viewmodel.CardReq` from Array value (token `JsonToken.START_ARRAY`)
	at org.springframework.http.converter.json.AbstractJackson2HttpMessageConverter.readJavaType(AbstractJackson2HttpMessageConverter.java:408)
	at org.springframework.http.converter.json.AbstractJackson2HttpMessageConverter.read(AbstractJackson2HttpMessageConverter.java:356)
	at org.springframework.web.servlet.mvc.method.annotation.AbstractMessageConverterMethodArgumentResolver.readWithMessageConverters(AbstractMessageConverterMethodArgumentResolver.java:204)
	at org.springframework.web.servlet.mvc.method.annotation.RequestResponseBodyMethodProcessor.readWithMessageConverters(RequestResponseBodyMethodProcessor.java:176)
	at org.springframework.web.servlet.mvc.method.annotation.RequestResponseBodyMethodProcessor.resolveArgument(RequestResponseBodyMethodProcessor.java:150)
	at org.springframework.web.method.support.HandlerMethodArgumentResolverComposite.resolveArgument(HandlerMethodArgumentResolverComposite.java:122)
	at org.springframework.web.method.support.InvocableHandlerMethod.getMethodArgumentValues(InvocableHandlerMethod.java:227)
	at org.springframework.web.method.support.InvocableHandlerMethod.invokeForRequest(InvocableHandlerMethod.java:181)
	at org.springframework.web.servlet.mvc.method.annotation.ServletInvocableHandlerMethod.invokeAndHandle(ServletInvocableHandlerMethod.java:118)
	at org.springframework.web.servlet.mvc.method.annotation.RequestMappingHandlerAdapter.invokeHandlerMethod(RequestMappingHandlerAdapter.java:991)
	at org.springframework.web.servlet.mvc.method.annotation.RequestMappingHandlerAdapter.handleInternal(RequestMappingHandlerAdapter.java:896)
	at org.springframework.web.servlet.mvc.method.AbstractHandlerMethodAdapter.handle(AbstractHandlerMethodAdapter.java:87)
	at org.springframework.web.servlet.DispatcherServlet.doDispatch(DispatcherServlet.java:1089)
	at org.springframework.web.servlet.DispatcherServlet.doService(DispatcherServlet.java:979)
	at org.springframework.web.servlet.FrameworkServlet.processRequest(FrameworkServlet.java:1014)
	at org.springframework.web.servlet.FrameworkServlet.doPost(FrameworkServlet.java:914)
	at jakarta.servlet.http.HttpServlet.service(HttpServlet.java:590)
	at org.springframework.web.servlet.FrameworkServlet.service(FrameworkServlet.java:885)
	at jakarta.servlet.http.HttpServlet.service(HttpServlet.java:658)
	at org.apache.catalina.core.ApplicationFilterChain.internalDoFilter(ApplicationFilterChain.java:193)
	at org.apache.catalina.core.ApplicationFilterChain.doFilter(ApplicationFilterChain.java:138)
	at org.apache.tomcat.websocket.server.WsFilter.doFilter(WsFilter.java:51)
	at org.apache.catalina.core.ApplicationFilterChain.internalDoFilter(ApplicationFilterChain.java:162)
	at org.apache.catalina.core.ApplicationFilterChain.doFilter(ApplicationFilterChain.java:138)
	at com.app.oopsly.api.config.LoggingConfig.doFilter(LoggingConfig.java:57)
	at org.apache.catalina.core.ApplicationFilterChain.internalDoFilter(ApplicationFilterChain.java:162)
	at org.apache.catalina.core.ApplicationFilterChain.doFilter(ApplicationFilterChain.java:138)
	at org.springframework.web.filter.OncePerRequestFilter.doFilter(OncePerRequestFilter.java:110)
	at org.apache.catalina.core.ApplicationFilterChain.internalDoFilter(ApplicationFilterChain.java:162)
	at org.apache.catalina.core.ApplicationFilterChain.doFilter(ApplicationFilterChain.java:138)
	at org.springframework.web.filter.CompositeFilter$VirtualFilterChain.doFilter(CompositeFilter.java:108)
	at org.springframework.web.filter.CompositeFilter$VirtualFilterChain.doFilter(CompositeFilter.java:108)
	at org.springframework.security.web.FilterChainProxy.lambda$doFilterInternal$3(FilterChainProxy.java:231)
	at org.springframework.security.web.ObservationFilterChainDecorator$FilterObservation$SimpleFilterObservation.lambda$wrap$1(ObservationFilterChainDecorator.java:490)
	at org.springframework.security.web.ObservationFilterChainDecorator$AroundFilterObservation$SimpleAroundFilterObservation.lambda$wrap$1(ObservationFilterChainDecorator.java:351)
	at org.springframework.security.web.ObservationFilterChainDecorator.lambda$wrapSecured$0(ObservationFilterChainDecorator.java:83)
	at org.springframework.security.web.ObservationFilterChainDecorator$VirtualFilterChain.doFilter(ObservationFilterChainDecorator.java:129)
	at org.springframework.security.web.access.intercept.AuthorizationFilter.doFilter(AuthorizationFilter.java:101)
	at org.springframework.security.web.ObservationFilterChainDecorator$ObservationFilter.wrapFilter(ObservationFilterChainDecorator.java:241)
	at org.springframework.security.web.ObservationFilterChainDecorator$ObservationFilter.doFilter(ObservationFilterChainDecorator.java:228)
	at org.springframework.security.web.ObservationFilterChainDecorator$VirtualFilterChain.doFilter(ObservationFilterChainDecorator.java:138)
	at org.springframework.security.web.access.ExceptionTranslationFilter.doFilter(ExceptionTranslationFilter.java:125)
	at org.springframework.security.web.access.ExceptionTranslationFilter.doFilter(ExceptionTranslationFilter.java:119)
	at org.springframework.security.web.ObservationFilterChainDecorator$ObservationFilter.wrapFilter(ObservationFilterChainDecorator.java:241)
	at org.springframework.security.web.ObservationFilterChainDecorator$ObservationFilter.doFilter(ObservationFilterChainDecorator.java:228)
	at org.springframework.security.web.ObservationFilterChainDecorator$VirtualFilterChain.doFilter(ObservationFilterChainDecorator.java:138)
	at org.springframework.security.web.session.SessionManagementFilter.doFilter(SessionManagementFilter.java:131)
	at org.springframework.security.web.session.SessionManagementFilter.doFilter(SessionManagementFilter.java:85)
	at org.springframework.security.web.ObservationFilterChainDecorator$ObservationFilter.wrapFilter(ObservationFilterChainDecorator.java:241)
	at org.springframework.security.web.ObservationFilterChainDecorator$ObservationFilter.doFilter(ObservationFilterChainDecorator.java:228)
	at org.springframework.security.web.ObservationFilterChainDecorator$VirtualFilterChain.doFilter(ObservationFilterChainDecorator.java:138)
	at org.springframework.security.web.authentication.AnonymousAuthenticationFilter.doFilter(AnonymousAuthenticationFilter.java:100)
	at org.springframework.security.web.ObservationFilterChainDecorator$ObservationFilter.wrapFilter(ObservationFilterChainDecorator.java:241)
	at org.springframework.security.web.ObservationFilterChainDecorator$ObservationFilter.doFilter(ObservationFilterChainDecorator.java:228)
	at org.springframework.security.web.ObservationFilterChainDecorator$VirtualFilterChain.doFilter(ObservationFilterChainDecorator.java:138)
	at org.springframework.security.web.servletapi.SecurityContextHolderAwareRequestFilter.doFilter(SecurityContextHolderAwareRequestFilter.java:179)
	at org.springframework.security.web.ObservationFilterChainDecorator$ObservationFilter.wrapFilter(ObservationFilterChainDecorator.java:241)
	at org.springframework.security.web.ObservationFilterChainDecorator$ObservationFilter.doFilter(ObservationFilterChainDecorator.java:228)
	at org.springframework.security.web.ObservationFilterChainDecorator$VirtualFilterChain.doFilter(ObservationFilterChainDecorator.java:138)
	at org.springframework.security.web.savedrequest.RequestCacheAwareFilter.doFilter(RequestCacheAwareFilter.java:63)
	at org.springframework.security.web.ObservationFilterChainDecorator$ObservationFilter.wrapFilter(ObservationFilterChainDecorator.java:241)
	at org.springframework.security.web.ObservationFilterChainDecorator$ObservationFilter.doFilter(ObservationFilterChainDecorator.java:228)
	at org.springframework.security.web.ObservationFilterChainDecorator$VirtualFilterChain.doFilter(ObservationFilterChainDecorator.java:138)
	at com.app.oopsly.api.config.JwtAuthenticationFilter.doFilterInternal(JwtAuthenticationFilter.java:71)
	at org.springframework.web.filter.OncePerRequestFilter.doFilter(OncePerRequestFilter.java:116)
	at org.springframework.security.web.ObservationFilterChainDecorator$ObservationFilter.wrapFilter(ObservationFilterChainDecorator.java:241)
	at org.springframework.security.web.ObservationFilterChainDecorator$ObservationFilter.doFilter(ObservationFilterChainDecorator.java:228)
	at org.springframework.security.web.ObservationFilterChainDecorator$VirtualFilterChain.doFilter(ObservationFilterChainDecorator.java:138)
	at org.springframework.security.web.authentication.logout.LogoutFilter.doFilter(LogoutFilter.java:107)
	at org.springframework.security.web.authentication.logout.LogoutFilter.doFilter(LogoutFilter.java:93)
	at org.springframework.security.web.ObservationFilterChainDecorator$ObservationFilter.wrapFilter(ObservationFilterChainDecorator.java:241)
	at org.springframework.security.web.ObservationFilterChainDecorator$ObservationFilter.doFilter(ObservationFilterChainDecorator.java:228)
	at org.springframework.security.web.ObservationFilterChainDecorator$VirtualFilterChain.doFilter(ObservationFilterChainDecorator.java:138)
	at org.springframework.security.web.header.HeaderWriterFilter.doHeadersAfter(HeaderWriterFilter.java:90)
	at org.springframework.security.web.header.HeaderWriterFilter.doFilterInternal(HeaderWriterFilter.java:75)
	at org.springframework.web.filter.OncePerRequestFilter.doFilter(OncePerRequestFilter.java:116)
	at org.springframework.security.web.ObservationFilterChainDecorator$ObservationFilter.wrapFilter(ObservationFilterChainDecorator.java:241)
	at org.springframework.security.web.ObservationFilterChainDecorator$ObservationFilter.doFilter(ObservationFilterChainDecorator.java:228)
	at org.springframework.security.web.ObservationFilterChainDecorator$VirtualFilterChain.doFilter(ObservationFilterChainDecorator.java:138)
	at org.springframework.security.web.context.SecurityContextHolderFilter.doFilter(SecurityContextHolderFilter.java:82)
	at org.springframework.security.web.context.SecurityContextHolderFilter.doFilter(SecurityContextHolderFilter.java:69)
	at org.springframework.security.web.ObservationFilterChainDecorator$ObservationFilter.wrapFilter(ObservationFilterChainDecorator.java:241)
	at org.springframework.security.web.ObservationFilterChainDecorator$ObservationFilter.doFilter(ObservationFilterChainDecorator.java:228)
	at org.springframework.security.web.ObservationFilterChainDecorator$VirtualFilterChain.doFilter(ObservationFilterChainDecorator.java:138)
	at org.springframework.security.web.context.request.async.WebAsyncManagerIntegrationFilter.doFilterInternal(WebAsyncManagerIntegrationFilter.java:62)
	at org.springframework.web.filter.OncePerRequestFilter.doFilter(OncePerRequestFilter.java:116)
	at org.springframework.security.web.ObservationFilterChainDecorator$ObservationFilter.wrapFilter(ObservationFilterChainDecorator.java:241)
	at org.springframework.security.web.ObservationFilterChainDecorator$ObservationFilter.doFilter(ObservationFilterChainDecorator.java:228)
	at org.springframework.security.web.ObservationFilterChainDecorator$VirtualFilterChain.doFilter(ObservationFilterChainDecorator.java:138)
	at org.springframework.security.web.session.DisableEncodeUrlFilter.doFilterInternal(DisableEncodeUrlFilter.java:42)
	at org.springframework.web.filter.OncePerRequestFilter.doFilter(OncePerRequestFilter.java:116)
	at org.springframework.security.web.ObservationFilterChainDecorator$ObservationFilter.wrapFilter(ObservationFilterChainDecorator.java:241)
	at org.springframework.security.web.ObservationFilterChainDecorator$AroundFilterObservation$SimpleAroundFilterObservation.lambda$wrap$0(ObservationFilterChainDecorator.java:334)
	at org.springframework.security.web.ObservationFilterChainDecorator$ObservationFilter.doFilter(ObservationFilterChainDecorator.java:225)
	at org.springframework.security.web.ObservationFilterChainDecorator$VirtualFilterChain.doFilter(ObservationFilterChainDecorator.java:138)
	at org.springframework.security.web.FilterChainProxy.doFilterInternal(FilterChainProxy.java:233)
	at org.springframework.security.web.FilterChainProxy.doFilter(FilterChainProxy.java:191)
	at org.springframework.web.filter.CompositeFilter$VirtualFilterChain.doFilter(CompositeFilter.java:113)
	at org.springframework.web.filter.ServletRequestPathFilter.doFilter(ServletRequestPathFilter.java:52)
	at org.springframework.web.filter.CompositeFilter$VirtualFilterChain.doFilter(CompositeFilter.java:113)
	at org.springframework.web.filter.CompositeFilter.doFilter(CompositeFilter.java:74)
	at org.springframework.security.config.annotation.web.configuration.WebSecurityConfiguration$CompositeFilterChainProxy.doFilter(WebSecurityConfiguration.java:319)
	at org.springframework.web.filter.CompositeFilter$VirtualFilterChain.doFilter(CompositeFilter.java:113)
	at org.springframework.web.servlet.handler.HandlerMappingIntrospector.lambda$createCacheFilter$4(HandlerMappingIntrospector.java:267)
	at org.springframework.web.filter.CompositeFilter$VirtualFilterChain.doFilter(CompositeFilter.java:113)
	at org.springframework.web.filter.CompositeFilter.doFilter(CompositeFilter.java:74)
	at org.springframework.security.config.annotation.web.configuration.WebMvcSecurityConfiguration$CompositeFilterChainProxy.doFilter(WebMvcSecurityConfiguration.java:240)
	at org.springframework.web.filter.DelegatingFilterProxy.invokeDelegate(DelegatingFilterProxy.java:362)
	at org.springframework.web.filter.DelegatingFilterProxy.doFilter(DelegatingFilterProxy.java:278)
	at org.apache.catalina.core.ApplicationFilterChain.internalDoFilter(ApplicationFilterChain.java:162)
	at org.apache.catalina.core.ApplicationFilterChain.doFilter(ApplicationFilterChain.java:138)
	at org.springframework.web.filter.RequestContextFilter.doFilterInternal(RequestContextFilter.java:100)
	at org.springframework.web.filter.OncePerRequestFilter.doFilter(OncePerRequestFilter.java:116)
	at org.apache.catalina.core.ApplicationFilterChain.internalDoFilter(ApplicationFilterChain.java:162)
	at org.apache.catalina.core.ApplicationFilterChain.doFilter(ApplicationFilterChain.java:138)
	at org.springframework.web.filter.FormContentFilter.doFilterInternal(FormContentFilter.java:93)
	at org.springframework.web.filter.OncePerRequestFilter.doFilter(OncePerRequestFilter.java:116)
	at org.apache.catalina.core.ApplicationFilterChain.internalDoFilter(ApplicationFilterChain.java:162)
	at org.apache.catalina.core.ApplicationFilterChain.doFilter(ApplicationFilterChain.java:138)
	at org.springframework.web.filter.ServerHttpObservationFilter.doFilterInternal(ServerHttpObservationFilter.java:110)
	at org.springframework.web.filter.OncePerRequestFilter.doFilter(OncePerRequestFilter.java:116)
	at org.apache.catalina.core.ApplicationFilterChain.internalDoFilter(ApplicationFilterChain.java:162)
	at org.apache.catalina.core.ApplicationFilterChain.doFilter(ApplicationFilterChain.java:138)
	at org.springframework.web.filter.CharacterEncodingFilter.doFilterInternal(CharacterEncodingFilter.java:201)
	at org.springframework.web.filter.OncePerRequestFilter.doFilter(OncePerRequestFilter.java:116)
	at org.apache.catalina.core.ApplicationFilterChain.internalDoFilter(ApplicationFilterChain.java:162)
	at org.apache.catalina.core.ApplicationFilterChain.doFilter(ApplicationFilterChain.java:138)
	at org.apache.catalina.core.StandardWrapperValve.invoke(StandardWrapperValve.java:165)
	at org.apache.catalina.core.StandardContextValve.invoke(StandardContextValve.java:88)
	at org.apache.catalina.authenticator.AuthenticatorBase.invoke(AuthenticatorBase.java:482)
	at org.apache.catalina.core.StandardHostValve.invoke(StandardHostValve.java:113)
	at org.apache.catalina.valves.ErrorReportValve.invoke(ErrorReportValve.java:83)
	at org.apache.catalina.core.StandardEngineValve.invoke(StandardEngineValve.java:72)
	at org.apache.catalina.connector.CoyoteAdapter.service(CoyoteAdapter.java:342)
	at org.apache.coyote.http11.Http11Processor.service(Http11Processor.java:399)
	at org.apache.coyote.AbstractProcessorLight.process(AbstractProcessorLight.java:63)
	at org.apache.coyote.AbstractProtocol$ConnectionHandler.process(AbstractProtocol.java:903)
	at org.apache.tomcat.util.net.NioEndpoint$SocketProcessor.doRun(NioEndpoint.java:1774)
	at org.apache.tomcat.util.net.SocketProcessorBase.run(SocketProcessorBase.java:52)
	at java.base/java.lang.VirtualThread.run(VirtualThread.java:329)
Caused by: com.fasterxml.jackson.databind.exc.MismatchedInputException: Cannot deserialize value of type `com.app.oopsly.api.viewmodel.CardReq` from Array value (token `JsonToken.START_ARRAY`)
 at [Source: REDACTED (`StreamReadFeature.INCLUDE_SOURCE_IN_LOCATION` disabled); line: 1, column: 1]
	at com.fasterxml.jackson.databind.exc.MismatchedInputException.from(MismatchedInputException.java:59)
	at com.fasterxml.jackson.databind.DeserializationContext.reportInputMismatch(DeserializationContext.java:1794)
	at com.fasterxml.jackson.databind.DeserializationContext.handleUnexpectedToken(DeserializationContext.java:1568)
	at com.fasterxml.jackson.databind.DeserializationContext.handleUnexpectedToken(DeserializationContext.java:1515)
	at com.fasterxml.jackson.databind.deser.BeanDeserializer._deserializeFromArray(BeanDeserializer.java:671)
	at com.fasterxml.jackson.databind.deser.BeanDeserializer._deserializeOther(BeanDeserializer.java:203)
	at com.fasterxml.jackson.databind.deser.BeanDeserializer.deserialize(BeanDeserializer.java:179)
	at com.fasterxml.jackson.databind.deser.DefaultDeserializationContext.readRootValue(DefaultDeserializationContext.java:342)
	at com.fasterxml.jackson.databind.ObjectReader._bindAndClose(ObjectReader.java:2130)
	at com.fasterxml.jackson.databind.ObjectReader.readValue(ObjectReader.java:1500)
	at org.springframework.http.converter.json.AbstractJackson2HttpMessageConverter.readJavaType(AbstractJackson2HttpMessageConverter.java:397)
	... 139 common frames omitted
2026-01-30 20:22:50,480 [34mINFO [0;39m [[34mtomcat-handler-162[0;39m] [33m[XID:awebnzsqef7gszc][0;39m [32mc.a.oopsly.api.config.LoggingConfig[0;39m - Request: POST /api/v1/oopsly/shelves/7f000101-9bf3-1319-819b-f35c54120001/subjects/7f000101-9bf3-1319-819b-f35c75e60002/cards | Status: 500 | 32 ms
2026-01-30 20:24:02,127 [34mINFO [0;39m [[34mtomcat-handler-165[0;39m] [33m[XID:][0;39m [32mc.a.o.a.c.JwtAuthenticationFilter[0;39m - Filtering request: /api/v1/oopsly/shelves/7f000101-9bf3-1319-819b-f35c54120001/subjects/7f000101-9bf3-1319-819b-f35c75e60002/cards
2026-01-30 20:24:02,127 [34mINFO [0;39m [[34mtomcat-handler-164[0;39m] [33m[XID:][0;39m [32mc.a.o.a.c.JwtAuthenticationFilter[0;39m - Filtering request: /api/v1/oopsly/shelves/7f000101-9bf3-1319-819b-f35c54120001/subjects/7f000101-9bf3-1319-819b-f35c75e60002
2026-01-30 20:24:02,127 [34mINFO [0;39m [[34mtomcat-handler-164[0;39m] [33m[XID:][0;39m [32mc.a.o.a.c.JwtAuthenticationFilter[0;39m - Attempting to authenticate using jwt
2026-01-30 20:24:02,127 [34mINFO [0;39m [[34mtomcat-handler-165[0;39m] [33m[XID:][0;39m [32mc.a.o.a.c.JwtAuthenticationFilter[0;39m - Attempting to authenticate using jwt
2026-01-30 20:24:02,128 [34mINFO [0;39m [[34mtomcat-handler-164[0;39m] [33m[XID:][0;39m [32mc.a.o.a.c.JwtAuthenticationFilter[0;39m - User 7f000101-9bf3-1319-819b-f35c1d640000 authenticated with role USER
2026-01-30 20:24:02,129 [34mINFO [0;39m [[34mtomcat-handler-165[0;39m] [33m[XID:][0;39m [32mc.a.o.a.c.JwtAuthenticationFilter[0;39m - User 7f000101-9bf3-1319-819b-f35c1d640000 authenticated with role USER
2026-01-30 20:24:02,130 [34mINFO [0;39m [[34mtomcat-handler-164[0;39m] [33m[XID:awebeccf054x7v5][0;39m [32mc.a.o.a.controller.SubjectController[0;39m - Getting subject: 7f000101-9bf3-1319-819b-f35c75e60002 from shelve: 7f000101-9bf3-1319-819b-f35c54120001
2026-01-30 20:24:02,131 [34mINFO [0;39m [[34mtomcat-handler-164[0;39m] [33m[XID:awebeccf054x7v5][0;39m [32mc.a.o.a.s.impl.SubjectServiceImpl[0;39m - Getting subject: 7f000101-9bf3-1319-819b-f35c75e60002 from shelf: 7f000101-9bf3-1319-819b-f35c54120001
2026-01-30 20:24:02,133 [34mINFO [0;39m [[34mtomcat-handler-165[0;39m] [33m[XID:awebheohhkjqk4e][0;39m [32mc.a.o.api.controller.CardController[0;39m - Getting all cards for subject: 7f000101-9bf3-1319-819b-f35c75e60002 in shelve: 7f000101-9bf3-1319-819b-f35c54120001 with page: 0 and size: 1000
2026-01-30 20:24:02,133 [34mINFO [0;39m [[34mtomcat-handler-165[0;39m] [33m[XID:awebheohhkjqk4e][0;39m [32mc.a.o.a.service.impl.CardServiceImpl[0;39m - Getting all cards for subject: 7f000101-9bf3-1319-819b-f35c75e60002 in shelve: 7f000101-9bf3-1319-819b-f35c54120001 with page: 0 and size: 1000
2026-01-30 20:24:02,136 [34mINFO [0;39m [[34mtomcat-handler-164[0;39m] [33m[XID:awebeccf054x7v5][0;39m [32mc.a.o.a.s.impl.SubjectServiceImpl[0;39m - Successfully retrieved subject: 7f000101-9bf3-1319-819b-f35c75e60002
2026-01-30 20:24:02,140 [34mINFO [0;39m [[34mtomcat-handler-164[0;39m] [33m[XID:awebeccf054x7v5][0;39m [32mc.a.oopsly.api.config.LoggingConfig[0;39m - Request: GET /api/v1/oopsly/shelves/7f000101-9bf3-1319-819b-f35c54120001/subjects/7f000101-9bf3-1319-819b-f35c75e60002 | Status: 200 | 11 ms
2026-01-30 20:24:02,144 [34mINFO [0;39m [[34mtomcat-handler-165[0;39m] [33m[XID:awebheohhkjqk4e][0;39m [32mc.a.o.a.service.impl.CardServiceImpl[0;39m - Successfully retrieved 0 cards for subject: 7f000101-9bf3-1319-819b-f35c75e60002 (total: 0)
2026-01-30 20:24:02,145 [34mINFO [0;39m [[34mtomcat-handler-165[0;39m] [33m[XID:awebheohhkjqk4e][0;39m [32mc.a.oopsly.api.config.LoggingConfig[0;39m - Request: GET /api/v1/oopsly/shelves/7f000101-9bf3-1319-819b-f35c54120001/subjects/7f000101-9bf3-1319-819b-f35c75e60002/cards | Status: 200 | 16 ms
2026-01-30 20:24:04,063 [34mINFO [0;39m [[34mtomcat-handler-166[0;39m] [33m[XID:][0;39m [32mc.a.o.a.c.JwtAuthenticationFilter[0;39m - Filtering request: /api/v1/oopsly/shelves/7f000101-9bf3-1319-819b-f35c54120001/subjects/7f000101-9bf3-1319-819b-f35c75e60002
2026-01-30 20:24:04,063 [34mINFO [0;39m [[34mtomcat-handler-167[0;39m] [33m[XID:][0;39m [32mc.a.o.a.c.JwtAuthenticationFilter[0;39m - Filtering request: /api/v1/oopsly/shelves/7f000101-9bf3-1319-819b-f35c54120001/subjects/7f000101-9bf3-1319-819b-f35c75e60002/cards
2026-01-30 20:24:04,063 [34mINFO [0;39m [[34mtomcat-handler-166[0;39m] [33m[XID:][0;39m [32mc.a.o.a.c.JwtAuthenticationFilter[0;39m - Attempting to authenticate using jwt
2026-01-30 20:24:04,064 [34mINFO [0;39m [[34mtomcat-handler-167[0;39m] [33m[XID:][0;39m [32mc.a.o.a.c.JwtAuthenticationFilter[0;39m - Attempting to authenticate using jwt
2026-01-30 20:24:04,065 [34mINFO [0;39m [[34mtomcat-handler-167[0;39m] [33m[XID:][0;39m [32mc.a.o.a.c.JwtAuthenticationFilter[0;39m - User 7f000101-9bf3-1319-819b-f35c1d640000 authenticated with role USER
2026-01-30 20:24:04,065 [34mINFO [0;39m [[34mtomcat-handler-166[0;39m] [33m[XID:][0;39m [32mc.a.o.a.c.JwtAuthenticationFilter[0;39m - User 7f000101-9bf3-1319-819b-f35c1d640000 authenticated with role USER
2026-01-30 20:24:04,066 [34mINFO [0;39m [[34mtomcat-handler-166[0;39m] [33m[XID:awebhmgmxx468p][0;39m [32mc.a.o.a.controller.SubjectController[0;39m - Getting subject: 7f000101-9bf3-1319-819b-f35c75e60002 from shelve: 7f000101-9bf3-1319-819b-f35c54120001
2026-01-30 20:24:04,067 [34mINFO [0;39m [[34mtomcat-handler-166[0;39m] [33m[XID:awebhmgmxx468p][0;39m [32mc.a.o.a.s.impl.SubjectServiceImpl[0;39m - Getting subject: 7f000101-9bf3-1319-819b-f35c75e60002 from shelf: 7f000101-9bf3-1319-819b-f35c54120001
2026-01-30 20:24:04,067 [34mINFO [0;39m [[34mtomcat-handler-167[0;39m] [33m[XID:awebqedknfs9mrs][0;39m [32mc.a.o.api.controller.CardController[0;39m - Getting all cards for subject: 7f000101-9bf3-1319-819b-f35c75e60002 in shelve: 7f000101-9bf3-1319-819b-f35c54120001 with page: 0 and size: 1000
2026-01-30 20:24:04,067 [34mINFO [0;39m [[34mtomcat-handler-167[0;39m] [33m[XID:awebqedknfs9mrs][0;39m [32mc.a.o.a.service.impl.CardServiceImpl[0;39m - Getting all cards for subject: 7f000101-9bf3-1319-819b-f35c75e60002 in shelve: 7f000101-9bf3-1319-819b-f35c54120001 with page: 0 and size: 1000
2026-01-30 20:24:04,071 [34mINFO [0;39m [[34mtomcat-handler-166[0;39m] [33m[XID:awebhmgmxx468p][0;39m [32mc.a.o.a.s.impl.SubjectServiceImpl[0;39m - Successfully retrieved subject: 7f000101-9bf3-1319-819b-f35c75e60002
2026-01-30 20:24:04,072 [34mINFO [0;39m [[34mtomcat-handler-167[0;39m] [33m[XID:awebqedknfs9mrs][0;39m [32mc.a.o.a.service.impl.CardServiceImpl[0;39m - Successfully retrieved 0 cards for subject: 7f000101-9bf3-1319-819b-f35c75e60002 (total: 0)
2026-01-30 20:24:04,072 [34mINFO [0;39m [[34mtomcat-handler-166[0;39m] [33m[XID:awebhmgmxx468p][0;39m [32mc.a.oopsly.api.config.LoggingConfig[0;39m - Request: GET /api/v1/oopsly/shelves/7f000101-9bf3-1319-819b-f35c54120001/subjects/7f000101-9bf3-1319-819b-f35c75e60002 | Status: 200 | 7 ms
2026-01-30 20:24:04,075 [34mINFO [0;39m [[34mtomcat-handler-167[0;39m] [33m[XID:awebqedknfs9mrs][0;39m [32mc.a.oopsly.api.config.LoggingConfig[0;39m - Request: GET /api/v1/oopsly/shelves/7f000101-9bf3-1319-819b-f35c54120001/subjects/7f000101-9bf3-1319-819b-f35c75e60002/cards | Status: 200 | 9 ms
2026-01-30 20:24:06,953 [34mINFO [0;39m [[34mtomcat-handler-169[0;39m] [33m[XID:][0;39m [32mc.a.o.a.c.JwtAuthenticationFilter[0;39m - Filtering request: /api/v1/oopsly/shelves/7f000101-9bf3-1319-819b-f35c54120001/subjects/7f000101-9bf3-1319-819b-f35c75e60002/cards
2026-01-30 20:24:06,953 [34mINFO [0;39m [[34mtomcat-handler-168[0;39m] [33m[XID:][0;39m [32mc.a.o.a.c.JwtAuthenticationFilter[0;39m - Filtering request: /api/v1/oopsly/shelves/7f000101-9bf3-1319-819b-f35c54120001/subjects/7f000101-9bf3-1319-819b-f35c75e60002
2026-01-30 20:24:06,954 [34mINFO [0;39m [[34mtomcat-handler-169[0;39m] [33m[XID:][0;39m [32mc.a.o.a.c.JwtAuthenticationFilter[0;39m - Attempting to authenticate using jwt
2026-01-30 20:24:06,954 [34mINFO [0;39m [[34mtomcat-handler-168[0;39m] [33m[XID:][0;39m [32mc.a.o.a.c.JwtAuthenticationFilter[0;39m - Attempting to authenticate using jwt
2026-01-30 20:24:06,955 [34mINFO [0;39m [[34mtomcat-handler-169[0;39m] [33m[XID:][0;39m [32mc.a.o.a.c.JwtAuthenticationFilter[0;39m - User 7f000101-9bf3-1319-819b-f35c1d640000 authenticated with role USER
2026-01-30 20:24:06,955 [34mINFO [0;39m [[34mtomcat-handler-168[0;39m] [33m[XID:][0;39m [32mc.a.o.a.c.JwtAuthenticationFilter[0;39m - User 7f000101-9bf3-1319-819b-f35c1d640000 authenticated with role USER
2026-01-30 20:24:06,957 [34mINFO [0;39m [[34mtomcat-handler-168[0;39m] [33m[XID:awebehirspoyqgc][0;39m [32mc.a.o.a.controller.SubjectController[0;39m - Getting subject: 7f000101-9bf3-1319-819b-f35c75e60002 from shelve: 7f000101-9bf3-1319-819b-f35c54120001
2026-01-30 20:24:06,958 [34mINFO [0;39m [[34mtomcat-handler-168[0;39m] [33m[XID:awebehirspoyqgc][0;39m [32mc.a.o.a.s.impl.SubjectServiceImpl[0;39m - Getting subject: 7f000101-9bf3-1319-819b-f35c75e60002 from shelf: 7f000101-9bf3-1319-819b-f35c54120001
2026-01-30 20:24:06,958 [34mINFO [0;39m [[34mtomcat-handler-169[0;39m] [33m[XID:awebrc5gdqmd8cs][0;39m [32mc.a.o.api.controller.CardController[0;39m - Getting all cards for subject: 7f000101-9bf3-1319-819b-f35c75e60002 in shelve: 7f000101-9bf3-1319-819b-f35c54120001 with page: 0 and size: 1000
2026-01-30 20:24:06,959 [34mINFO [0;39m [[34mtomcat-handler-169[0;39m] [33m[XID:awebrc5gdqmd8cs][0;39m [32mc.a.o.a.service.impl.CardServiceImpl[0;39m - Getting all cards for subject: 7f000101-9bf3-1319-819b-f35c75e60002 in shelve: 7f000101-9bf3-1319-819b-f35c54120001 with page: 0 and size: 1000
2026-01-30 20:24:06,962 [34mINFO [0;39m [[34mtomcat-handler-168[0;39m] [33m[XID:awebehirspoyqgc][0;39m [32mc.a.o.a.s.impl.SubjectServiceImpl[0;39m - Successfully retrieved subject: 7f000101-9bf3-1319-819b-f35c75e60002
2026-01-30 20:24:06,964 [34mINFO [0;39m [[34mtomcat-handler-168[0;39m] [33m[XID:awebehirspoyqgc][0;39m [32mc.a.oopsly.api.config.LoggingConfig[0;39m - Request: GET /api/v1/oopsly/shelves/7f000101-9bf3-1319-819b-f35c54120001/subjects/7f000101-9bf3-1319-819b-f35c75e60002 | Status: 200 | 8 ms
2026-01-30 20:24:06,968 [34mINFO [0;39m [[34mtomcat-handler-169[0;39m] [33m[XID:awebrc5gdqmd8cs][0;39m [32mc.a.o.a.service.impl.CardServiceImpl[0;39m - Successfully retrieved 0 cards for subject: 7f000101-9bf3-1319-819b-f35c75e60002 (total: 0)
2026-01-30 20:24:06,973 [34mINFO [0;39m [[34mtomcat-handler-169[0;39m] [33m[XID:awebrc5gdqmd8cs][0;39m [32mc.a.oopsly.api.config.LoggingConfig[0;39m - Request: GET /api/v1/oopsly/shelves/7f000101-9bf3-1319-819b-f35c54120001/subjects/7f000101-9bf3-1319-819b-f35c75e60002/cards | Status: 200 | 17 ms
2026-01-30 20:24:15,466 [34mINFO [0;39m [[34mtomcat-handler-170[0;39m] [33m[XID:][0;39m [32mc.a.o.a.c.JwtAuthenticationFilter[0;39m - Filtering request: /api/v1/oopsly/shelves/7f000101-9bf3-1319-819b-f35c54120001/subjects/7f000101-9bf3-1319-819b-f35c75e60002/cards
2026-01-30 20:24:15,466 [34mINFO [0;39m [[34mtomcat-handler-170[0;39m] [33m[XID:][0;39m [32mc.a.o.a.c.JwtAuthenticationFilter[0;39m - Attempting to authenticate using jwt
2026-01-30 20:24:15,498 [34mINFO [0;39m [[34mtomcat-handler-170[0;39m] [33m[XID:][0;39m [32mc.a.o.a.c.JwtAuthenticationFilter[0;39m - User 7f000101-9bf3-1319-819b-f35c1d640000 authenticated with role USER
2026-01-30 20:24:16,622 [34mINFO [0;39m [[34mtomcat-handler-170[0;39m] [33m[XID:awebf9zuqamj3il][0;39m [32mc.a.o.api.controller.CardController[0;39m - Creating cards for subject: 7f000101-9bf3-1319-819b-f35c75e60002 in shelve: 7f000101-9bf3-1319-819b-f35c54120001
2026-01-30 20:24:16,635 [34mINFO [0;39m [[34mtomcat-handler-170[0;39m] [33m[XID:awebf9zuqamj3il][0;39m [32mc.a.o.a.service.impl.CardServiceImpl[0;39m - Creating 1 cards for subject: 7f000101-9bf3-1319-819b-f35c75e60002 in shelve: 7f000101-9bf3-1319-819b-f35c54120001
2026-01-30 20:24:17,492 [34mINFO [0;39m [[34mtomcat-handler-170[0;39m] [33m[XID:awebf9zuqamj3il][0;39m [32mc.a.o.a.service.impl.CardServiceImpl[0;39m - Successfully created 1 cards for subject: 7f000101-9bf3-1319-819b-f35c75e60002
2026-01-30 20:24:17,523 [34mINFO [0;39m [[34mtomcat-handler-170[0;39m] [33m[XID:awebf9zuqamj3il][0;39m [32mc.a.oopsly.api.config.LoggingConfig[0;39m - Request: POST /api/v1/oopsly/shelves/7f000101-9bf3-1319-819b-f35c54120001/subjects/7f000101-9bf3-1319-819b-f35c75e60002/cards | Status: 200 | 2024 ms
2026-01-30 20:24:17,551 [34mINFO [0;39m [[34mtomcat-handler-171[0;39m] [33m[XID:][0;39m [32mc.a.o.a.c.JwtAuthenticationFilter[0;39m - Filtering request: /api/v1/oopsly/shelves/7f000101-9bf3-1319-819b-f35c54120001/subjects/7f000101-9bf3-1319-819b-f35c75e60002/cards
2026-01-30 20:24:17,552 [34mINFO [0;39m [[34mtomcat-handler-171[0;39m] [33m[XID:][0;39m [32mc.a.o.a.c.JwtAuthenticationFilter[0;39m - Attempting to authenticate using jwt
2026-01-30 20:24:17,555 [34mINFO [0;39m [[34mtomcat-handler-171[0;39m] [33m[XID:][0;39m [32mc.a.o.a.c.JwtAuthenticationFilter[0;39m - User 7f000101-9bf3-1319-819b-f35c1d640000 authenticated with role USER
2026-01-30 20:24:17,567 [34mINFO [0;39m [[34mtomcat-handler-171[0;39m] [33m[XID:awebi3z2dl3j1u][0;39m [32mc.a.o.api.controller.CardController[0;39m - Getting all cards for subject: 7f000101-9bf3-1319-819b-f35c75e60002 in shelve: 7f000101-9bf3-1319-819b-f35c54120001 with page: 0 and size: 1000
2026-01-30 20:24:17,570 [34mINFO [0;39m [[34mtomcat-handler-171[0;39m] [33m[XID:awebi3z2dl3j1u][0;39m [32mc.a.o.a.service.impl.CardServiceImpl[0;39m - Getting all cards for subject: 7f000101-9bf3-1319-819b-f35c75e60002 in shelve: 7f000101-9bf3-1319-819b-f35c54120001 with page: 0 and size: 1000
2026-01-30 20:24:17,604 [34mINFO [0;39m [[34mtomcat-handler-171[0;39m] [33m[XID:awebi3z2dl3j1u][0;39m [32mc.a.o.a.service.impl.CardServiceImpl[0;39m - Successfully retrieved 1 cards for subject: 7f000101-9bf3-1319-819b-f35c75e60002 (total: 1)
2026-01-30 20:24:17,608 [34mINFO [0;39m [[34mtomcat-handler-171[0;39m] [33m[XID:awebi3z2dl3j1u][0;39m [32mc.a.oopsly.api.config.LoggingConfig[0;39m - Request: GET /api/v1/oopsly/shelves/7f000101-9bf3-1319-819b-f35c54120001/subjects/7f000101-9bf3-1319-819b-f35c75e60002/cards | Status: 200 | 52 ms
2026-01-30 20:24:50,625 [34mINFO [0;39m [[34mtomcat-handler-172[0;39m] [33m[XID:][0;39m [32mc.a.o.a.c.JwtAuthenticationFilter[0;39m - Filtering request: /api/v1/oopsly/shelves/7f000101-9bf3-1319-819b-f35c54120001/subjects/7f000101-9bf3-1319-819b-f35c75e60002/cards
2026-01-30 20:24:50,625 [34mINFO [0;39m [[34mtomcat-handler-172[0;39m] [33m[XID:][0;39m [32mc.a.o.a.c.JwtAuthenticationFilter[0;39m - Attempting to authenticate using jwt
2026-01-30 20:24:50,626 [34mINFO [0;39m [[34mtomcat-handler-172[0;39m] [33m[XID:][0;39m [32mc.a.o.a.c.JwtAuthenticationFilter[0;39m - User 7f000101-9bf3-1319-819b-f35c1d640000 authenticated with role USER
2026-01-30 20:24:50,630 [34mINFO [0;39m [[34mtomcat-handler-172[0;39m] [33m[XID:aweb6zbypxuh5lj][0;39m [32mc.a.o.api.controller.CardController[0;39m - Creating cards for subject: 7f000101-9bf3-1319-819b-f35c75e60002 in shelve: 7f000101-9bf3-1319-819b-f35c54120001
2026-01-30 20:24:50,631 [34mINFO [0;39m [[34mtomcat-handler-172[0;39m] [33m[XID:aweb6zbypxuh5lj][0;39m [32mc.a.o.a.service.impl.CardServiceImpl[0;39m - Creating 1 cards for subject: 7f000101-9bf3-1319-819b-f35c75e60002 in shelve: 7f000101-9bf3-1319-819b-f35c54120001
2026-01-30 20:24:50,642 [34mINFO [0;39m [[34mtomcat-handler-172[0;39m] [33m[XID:aweb6zbypxuh5lj][0;39m [32mc.a.o.a.service.impl.CardServiceImpl[0;39m - Successfully created 1 cards for subject: 7f000101-9bf3-1319-819b-f35c75e60002
2026-01-30 20:24:50,644 [34mINFO [0;39m [[34mtomcat-handler-172[0;39m] [33m[XID:aweb6zbypxuh5lj][0;39m [32mc.a.oopsly.api.config.LoggingConfig[0;39m - Request: POST /api/v1/oopsly/shelves/7f000101-9bf3-1319-819b-f35c54120001/subjects/7f000101-9bf3-1319-819b-f35c75e60002/cards | Status: 200 | 17 ms
2026-01-30 20:24:50,651 [34mINFO [0;39m [[34mtomcat-handler-173[0;39m] [33m[XID:][0;39m [32mc.a.o.a.c.JwtAuthenticationFilter[0;39m - Filtering request: /api/v1/oopsly/shelves/7f000101-9bf3-1319-819b-f35c54120001/subjects/7f000101-9bf3-1319-819b-f35c75e60002/cards
2026-01-30 20:24:50,651 [34mINFO [0;39m [[34mtomcat-handler-173[0;39m] [33m[XID:][0;39m [32mc.a.o.a.c.JwtAuthenticationFilter[0;39m - Attempting to authenticate using jwt
2026-01-30 20:24:50,653 [34mINFO [0;39m [[34mtomcat-handler-173[0;39m] [33m[XID:][0;39m [32mc.a.o.a.c.JwtAuthenticationFilter[0;39m - User 7f000101-9bf3-1319-819b-f35c1d640000 authenticated with role USER
2026-01-30 20:24:50,655 [34mINFO [0;39m [[34mtomcat-handler-173[0;39m] [33m[XID:awebk4gc98v7h5o][0;39m [32mc.a.o.api.controller.CardController[0;39m - Getting all cards for subject: 7f000101-9bf3-1319-819b-f35c75e60002 in shelve: 7f000101-9bf3-1319-819b-f35c54120001 with page: 0 and size: 1000
2026-01-30 20:24:50,655 [34mINFO [0;39m [[34mtomcat-handler-173[0;39m] [33m[XID:awebk4gc98v7h5o][0;39m [32mc.a.o.a.service.impl.CardServiceImpl[0;39m - Getting all cards for subject: 7f000101-9bf3-1319-819b-f35c75e60002 in shelve: 7f000101-9bf3-1319-819b-f35c54120001 with page: 0 and size: 1000
2026-01-30 20:24:50,660 [34mINFO [0;39m [[34mtomcat-handler-173[0;39m] [33m[XID:awebk4gc98v7h5o][0;39m [32mc.a.o.a.service.impl.CardServiceImpl[0;39m - Successfully retrieved 2 cards for subject: 7f000101-9bf3-1319-819b-f35c75e60002 (total: 2)
2026-01-30 20:24:50,662 [34mINFO [0;39m [[34mtomcat-handler-173[0;39m] [33m[XID:awebk4gc98v7h5o][0;39m [32mc.a.oopsly.api.config.LoggingConfig[0;39m - Request: GET /api/v1/oopsly/shelves/7f000101-9bf3-1319-819b-f35c54120001/subjects/7f000101-9bf3-1319-819b-f35c75e60002/cards | Status: 200 | 9 ms
2026-01-30 20:25:15,870 [34mINFO [0;39m [[34mtomcat-handler-175[0;39m] [33m[XID:][0;39m [32mc.a.o.a.c.JwtAuthenticationFilter[0;39m - Filtering request: /api/v1/oopsly/shelves/7f000101-9bf3-1319-819b-f35c54120001/subjects/7f000101-9bf3-1319-819b-f35c75e60002
2026-01-30 20:25:15,870 [34mINFO [0;39m [[34mtomcat-handler-175[0;39m] [33m[XID:][0;39m [32mc.a.o.a.c.JwtAuthenticationFilter[0;39m - Attempting to authenticate using jwt
2026-01-30 20:25:15,874 [34mINFO [0;39m [[34mtomcat-handler-175[0;39m] [33m[XID:][0;39m [32mc.a.o.a.c.JwtAuthenticationFilter[0;39m - User 7f000101-9bf3-1319-819b-f35c1d640000 authenticated with role USER
2026-01-30 20:25:15,877 [34mINFO [0;39m [[34mtomcat-handler-176[0;39m] [33m[XID:][0;39m [32mc.a.o.a.c.JwtAuthenticationFilter[0;39m - Filtering request: /api/v1/oopsly/shelves/7f000101-9bf3-1319-819b-f35c54120001/subjects/7f000101-9bf3-1319-819b-f35c75e60002/cards
2026-01-30 20:25:15,877 [34mINFO [0;39m [[34mtomcat-handler-176[0;39m] [33m[XID:][0;39m [32mc.a.o.a.c.JwtAuthenticationFilter[0;39m - Attempting to authenticate using jwt
2026-01-30 20:25:15,879 [34mINFO [0;39m [[34mtomcat-handler-175[0;39m] [33m[XID:aweb5un9kosy2z][0;39m [32mc.a.o.a.controller.SubjectController[0;39m - Getting subject: 7f000101-9bf3-1319-819b-f35c75e60002 from shelve: 7f000101-9bf3-1319-819b-f35c54120001
2026-01-30 20:25:15,880 [34mINFO [0;39m [[34mtomcat-handler-176[0;39m] [33m[XID:][0;39m [32mc.a.o.a.c.JwtAuthenticationFilter[0;39m - User 7f000101-9bf3-1319-819b-f35c1d640000 authenticated with role USER
2026-01-30 20:25:15,880 [34mINFO [0;39m [[34mtomcat-handler-175[0;39m] [33m[XID:aweb5un9kosy2z][0;39m [32mc.a.o.a.s.impl.SubjectServiceImpl[0;39m - Getting subject: 7f000101-9bf3-1319-819b-f35c75e60002 from shelf: 7f000101-9bf3-1319-819b-f35c54120001
2026-01-30 20:25:15,883 [34mINFO [0;39m [[34mtomcat-handler-176[0;39m] [33m[XID:awebjjzlway3bfn][0;39m [32mc.a.o.api.controller.CardController[0;39m - Getting all cards for subject: 7f000101-9bf3-1319-819b-f35c75e60002 in shelve: 7f000101-9bf3-1319-819b-f35c54120001 with page: 0 and size: 1000
2026-01-30 20:25:15,883 [34mINFO [0;39m [[34mtomcat-handler-176[0;39m] [33m[XID:awebjjzlway3bfn][0;39m [32mc.a.o.a.service.impl.CardServiceImpl[0;39m - Getting all cards for subject: 7f000101-9bf3-1319-819b-f35c75e60002 in shelve: 7f000101-9bf3-1319-819b-f35c54120001 with page: 0 and size: 1000
2026-01-30 20:25:15,891 [34mINFO [0;39m [[34mtomcat-handler-175[0;39m] [33m[XID:aweb5un9kosy2z][0;39m [32mc.a.o.a.s.impl.SubjectServiceImpl[0;39m - Successfully retrieved subject: 7f000101-9bf3-1319-819b-f35c75e60002
2026-01-30 20:25:15,894 [34mINFO [0;39m [[34mtomcat-handler-176[0;39m] [33m[XID:awebjjzlway3bfn][0;39m [32mc.a.o.a.service.impl.CardServiceImpl[0;39m - Successfully retrieved 2 cards for subject: 7f000101-9bf3-1319-819b-f35c75e60002 (total: 2)
2026-01-30 20:25:15,895 [34mINFO [0;39m [[34mtomcat-handler-175[0;39m] [33m[XID:aweb5un9kosy2z][0;39m [32mc.a.oopsly.api.config.LoggingConfig[0;39m - Request: GET /api/v1/oopsly/shelves/7f000101-9bf3-1319-819b-f35c54120001/subjects/7f000101-9bf3-1319-819b-f35c75e60002 | Status: 200 | 20 ms
2026-01-30 20:25:15,896 [34mINFO [0;39m [[34mtomcat-handler-176[0;39m] [33m[XID:awebjjzlway3bfn][0;39m [32mc.a.oopsly.api.config.LoggingConfig[0;39m - Request: GET /api/v1/oopsly/shelves/7f000101-9bf3-1319-819b-f35c54120001/subjects/7f000101-9bf3-1319-819b-f35c75e60002/cards | Status: 200 | 16 ms
2026-01-30 20:27:33,166 [34mINFO [0;39m [[34mtomcat-handler-179[0;39m] [33m[XID:][0;39m [32mc.a.o.a.c.JwtAuthenticationFilter[0;39m - Filtering request: /api/v1/oopsly/shelves/7f000101-9bf3-1319-819b-f35c54120001/subjects/7f000101-9bf3-1319-819b-f35c75e60002/cards
2026-01-30 20:27:33,167 [34mINFO [0;39m [[34mtomcat-handler-179[0;39m] [33m[XID:][0;39m [32mc.a.o.a.c.JwtAuthenticationFilter[0;39m - Attempting to authenticate using jwt
2026-01-30 20:27:33,167 [34mINFO [0;39m [[34mtomcat-handler-179[0;39m] [33m[XID:][0;39m [32mc.a.o.a.c.JwtAuthenticationFilter[0;39m - User 7f000101-9bf3-1319-819b-f35c1d640000 authenticated with role USER
2026-01-30 20:27:33,173 [34mINFO [0;39m [[34mtomcat-handler-179[0;39m] [33m[XID:awebxyk8zfyy56][0;39m [32mc.a.o.api.controller.CardController[0;39m - Creating cards for subject: 7f000101-9bf3-1319-819b-f35c75e60002 in shelve: 7f000101-9bf3-1319-819b-f35c54120001
2026-01-30 20:27:33,173 [34mINFO [0;39m [[34mtomcat-handler-179[0;39m] [33m[XID:awebxyk8zfyy56][0;39m [32mc.a.o.a.service.impl.CardServiceImpl[0;39m - Creating 1 cards for subject: 7f000101-9bf3-1319-819b-f35c75e60002 in shelve: 7f000101-9bf3-1319-819b-f35c54120001
2026-01-30 20:27:33,188 [34mINFO [0;39m [[34mtomcat-handler-179[0;39m] [33m[XID:awebxyk8zfyy56][0;39m [32mc.a.o.a.service.impl.CardServiceImpl[0;39m - Successfully created 1 cards for subject: 7f000101-9bf3-1319-819b-f35c75e60002
2026-01-30 20:27:33,190 [34mINFO [0;39m [[34mtomcat-handler-179[0;39m] [33m[XID:awebxyk8zfyy56][0;39m [32mc.a.oopsly.api.config.LoggingConfig[0;39m - Request: POST /api/v1/oopsly/shelves/7f000101-9bf3-1319-819b-f35c54120001/subjects/7f000101-9bf3-1319-819b-f35c75e60002/cards | Status: 200 | 21 ms
2026-01-30 20:27:33,196 [34mINFO [0;39m [[34mtomcat-handler-180[0;39m] [33m[XID:][0;39m [32mc.a.o.a.c.JwtAuthenticationFilter[0;39m - Filtering request: /api/v1/oopsly/shelves/7f000101-9bf3-1319-819b-f35c54120001/subjects/7f000101-9bf3-1319-819b-f35c75e60002/cards
2026-01-30 20:27:33,196 [34mINFO [0;39m [[34mtomcat-handler-180[0;39m] [33m[XID:][0;39m [32mc.a.o.a.c.JwtAuthenticationFilter[0;39m - Attempting to authenticate using jwt
2026-01-30 20:27:33,211 [34mINFO [0;39m [[34mtomcat-handler-180[0;39m] [33m[XID:][0;39m [32mc.a.o.a.c.JwtAuthenticationFilter[0;39m - User 7f000101-9bf3-1319-819b-f35c1d640000 authenticated with role USER
2026-01-30 20:27:33,216 [34mINFO [0;39m [[34mtomcat-handler-180[0;39m] [33m[XID:awebxpcxf1lrtg][0;39m [32mc.a.o.api.controller.CardController[0;39m - Getting all cards for subject: 7f000101-9bf3-1319-819b-f35c75e60002 in shelve: 7f000101-9bf3-1319-819b-f35c54120001 with page: 0 and size: 1000
2026-01-30 20:27:33,217 [34mINFO [0;39m [[34mtomcat-handler-180[0;39m] [33m[XID:awebxpcxf1lrtg][0;39m [32mc.a.o.a.service.impl.CardServiceImpl[0;39m - Getting all cards for subject: 7f000101-9bf3-1319-819b-f35c75e60002 in shelve: 7f000101-9bf3-1319-819b-f35c54120001 with page: 0 and size: 1000
2026-01-30 20:27:33,223 [34mINFO [0;39m [[34mtomcat-handler-180[0;39m] [33m[XID:awebxpcxf1lrtg][0;39m [32mc.a.o.a.service.impl.CardServiceImpl[0;39m - Successfully retrieved 3 cards for subject: 7f000101-9bf3-1319-819b-f35c75e60002 (total: 3)
2026-01-30 20:27:33,225 [34mINFO [0;39m [[34mtomcat-handler-180[0;39m] [33m[XID:awebxpcxf1lrtg][0;39m [32mc.a.oopsly.api.config.LoggingConfig[0;39m - Request: GET /api/v1/oopsly/shelves/7f000101-9bf3-1319-819b-f35c54120001/subjects/7f000101-9bf3-1319-819b-f35c75e60002/cards | Status: 200 | 11 ms
2026-01-30 20:28:09,717 [34mINFO [0;39m [[34mtomcat-handler-181[0;39m] [33m[XID:][0;39m [32mc.a.o.a.c.JwtAuthenticationFilter[0;39m - Filtering request: /api/v1/oopsly/shelves/7f000101-9bf3-1319-819b-f35c54120001/subjects/7f000101-9bf3-1319-819b-f35c75e60002
2026-01-30 20:28:09,718 [34mINFO [0;39m [[34mtomcat-handler-181[0;39m] [33m[XID:][0;39m [32mc.a.o.a.c.JwtAuthenticationFilter[0;39m - Attempting to authenticate using jwt
2026-01-30 20:28:09,720 [34mINFO [0;39m [[34mtomcat-handler-181[0;39m] [33m[XID:][0;39m [32mc.a.o.a.c.JwtAuthenticationFilter[0;39m - User 7f000101-9bf3-1319-819b-f35c1d640000 authenticated with role USER
2026-01-30 20:28:09,722 [34mINFO [0;39m [[34mtomcat-handler-182[0;39m] [33m[XID:][0;39m [32mc.a.o.a.c.JwtAuthenticationFilter[0;39m - Filtering request: /api/v1/oopsly/shelves/7f000101-9bf3-1319-819b-f35c54120001/subjects/7f000101-9bf3-1319-819b-f35c75e60002/cards
2026-01-30 20:28:09,723 [34mINFO [0;39m [[34mtomcat-handler-182[0;39m] [33m[XID:][0;39m [32mc.a.o.a.c.JwtAuthenticationFilter[0;39m - Attempting to authenticate using jwt
2026-01-30 20:28:09,724 [34mINFO [0;39m [[34mtomcat-handler-182[0;39m] [33m[XID:][0;39m [32mc.a.o.a.c.JwtAuthenticationFilter[0;39m - User 7f000101-9bf3-1319-819b-f35c1d640000 authenticated with role USER
2026-01-30 20:28:09,724 [34mINFO [0;39m [[34mtomcat-handler-181[0;39m] [33m[XID:awebb9tyz7d0gn][0;39m [32mc.a.o.a.controller.SubjectController[0;39m - Getting subject: 7f000101-9bf3-1319-819b-f35c75e60002 from shelve: 7f000101-9bf3-1319-819b-f35c54120001
2026-01-30 20:28:09,725 [34mINFO [0;39m [[34mtomcat-handler-181[0;39m] [33m[XID:awebb9tyz7d0gn][0;39m [32mc.a.o.a.s.impl.SubjectServiceImpl[0;39m - Getting subject: 7f000101-9bf3-1319-819b-f35c75e60002 from shelf: 7f000101-9bf3-1319-819b-f35c54120001
2026-01-30 20:28:09,727 [34mINFO [0;39m [[34mtomcat-handler-182[0;39m] [33m[XID:awebhcqzm98dl1][0;39m [32mc.a.o.api.controller.CardController[0;39m - Getting all cards for subject: 7f000101-9bf3-1319-819b-f35c75e60002 in shelve: 7f000101-9bf3-1319-819b-f35c54120001 with page: 0 and size: 1000
2026-01-30 20:28:09,728 [34mINFO [0;39m [[34mtomcat-handler-182[0;39m] [33m[XID:awebhcqzm98dl1][0;39m [32mc.a.o.a.service.impl.CardServiceImpl[0;39m - Getting all cards for subject: 7f000101-9bf3-1319-819b-f35c75e60002 in shelve: 7f000101-9bf3-1319-819b-f35c54120001 with page: 0 and size: 1000
2026-01-30 20:28:09,733 [34mINFO [0;39m [[34mtomcat-handler-181[0;39m] [33m[XID:awebb9tyz7d0gn][0;39m [32mc.a.o.a.s.impl.SubjectServiceImpl[0;39m - Successfully retrieved subject: 7f000101-9bf3-1319-819b-f35c75e60002
2026-01-30 20:28:09,740 [34mINFO [0;39m [[34mtomcat-handler-181[0;39m] [33m[XID:awebb9tyz7d0gn][0;39m [32mc.a.oopsly.api.config.LoggingConfig[0;39m - Request: GET /api/v1/oopsly/shelves/7f000101-9bf3-1319-819b-f35c54120001/subjects/7f000101-9bf3-1319-819b-f35c75e60002 | Status: 200 | 18 ms
2026-01-30 20:28:09,742 [34mINFO [0;39m [[34mtomcat-handler-182[0;39m] [33m[XID:awebhcqzm98dl1][0;39m [32mc.a.o.a.service.impl.CardServiceImpl[0;39m - Successfully retrieved 3 cards for subject: 7f000101-9bf3-1319-819b-f35c75e60002 (total: 3)
2026-01-30 20:28:09,745 [34mINFO [0;39m [[34mtomcat-handler-182[0;39m] [33m[XID:awebhcqzm98dl1][0;39m [32mc.a.oopsly.api.config.LoggingConfig[0;39m - Request: GET /api/v1/oopsly/shelves/7f000101-9bf3-1319-819b-f35c54120001/subjects/7f000101-9bf3-1319-819b-f35c75e60002/cards | Status: 200 | 20 ms
2026-01-30 20:28:13,516 [34mINFO [0;39m [[34mtomcat-handler-183[0;39m] [33m[XID:][0;39m [32mc.a.o.a.c.JwtAuthenticationFilter[0;39m - Filtering request: /api/v1/oopsly/shelves/7f000101-9bf3-1319-819b-f35c54120001/subjects/7f000101-9bf3-1319-819b-f35c75e60002
2026-01-30 20:28:13,517 [34mINFO [0;39m [[34mtomcat-handler-183[0;39m] [33m[XID:][0;39m [32mc.a.o.a.c.JwtAuthenticationFilter[0;39m - Attempting to authenticate using jwt
2026-01-30 20:28:13,517 [34mINFO [0;39m [[34mtomcat-handler-184[0;39m] [33m[XID:][0;39m [32mc.a.o.a.c.JwtAuthenticationFilter[0;39m - Filtering request: /api/v1/oopsly/shelves/7f000101-9bf3-1319-819b-f35c54120001/subjects/7f000101-9bf3-1319-819b-f35c75e60002/cards
2026-01-30 20:28:13,517 [34mINFO [0;39m [[34mtomcat-handler-183[0;39m] [33m[XID:][0;39m [32mc.a.o.a.c.JwtAuthenticationFilter[0;39m - User 7f000101-9bf3-1319-819b-f35c1d640000 authenticated with role USER
2026-01-30 20:28:13,517 [34mINFO [0;39m [[34mtomcat-handler-184[0;39m] [33m[XID:][0;39m [32mc.a.o.a.c.JwtAuthenticationFilter[0;39m - Attempting to authenticate using jwt
2026-01-30 20:28:13,518 [34mINFO [0;39m [[34mtomcat-handler-184[0;39m] [33m[XID:][0;39m [32mc.a.o.a.c.JwtAuthenticationFilter[0;39m - User 7f000101-9bf3-1319-819b-f35c1d640000 authenticated with role USER
2026-01-30 20:28:13,519 [34mINFO [0;39m [[34mtomcat-handler-183[0;39m] [33m[XID:awebifubeymfvdo][0;39m [32mc.a.o.a.controller.SubjectController[0;39m - Getting subject: 7f000101-9bf3-1319-819b-f35c75e60002 from shelve: 7f000101-9bf3-1319-819b-f35c54120001
2026-01-30 20:28:13,520 [34mINFO [0;39m [[34mtomcat-handler-183[0;39m] [33m[XID:awebifubeymfvdo][0;39m [32mc.a.o.a.s.impl.SubjectServiceImpl[0;39m - Getting subject: 7f000101-9bf3-1319-819b-f35c75e60002 from shelf: 7f000101-9bf3-1319-819b-f35c54120001
2026-01-30 20:28:13,522 [34mINFO [0;39m [[34mtomcat-handler-184[0;39m] [33m[XID:awebfea2zcqa46p][0;39m [32mc.a.o.api.controller.CardController[0;39m - Getting all cards for subject: 7f000101-9bf3-1319-819b-f35c75e60002 in shelve: 7f000101-9bf3-1319-819b-f35c54120001 with page: 0 and size: 1000
2026-01-30 20:28:13,523 [34mINFO [0;39m [[34mtomcat-handler-184[0;39m] [33m[XID:awebfea2zcqa46p][0;39m [32mc.a.o.a.service.impl.CardServiceImpl[0;39m - Getting all cards for subject: 7f000101-9bf3-1319-819b-f35c75e60002 in shelve: 7f000101-9bf3-1319-819b-f35c54120001 with page: 0 and size: 1000
2026-01-30 20:28:13,527 [34mINFO [0;39m [[34mtomcat-handler-183[0;39m] [33m[XID:awebifubeymfvdo][0;39m [32mc.a.o.a.s.impl.SubjectServiceImpl[0;39m - Successfully retrieved subject: 7f000101-9bf3-1319-819b-f35c75e60002
2026-01-30 20:28:13,529 [34mINFO [0;39m [[34mtomcat-handler-183[0;39m] [33m[XID:awebifubeymfvdo][0;39m [32mc.a.oopsly.api.config.LoggingConfig[0;39m - Request: GET /api/v1/oopsly/shelves/7f000101-9bf3-1319-819b-f35c54120001/subjects/7f000101-9bf3-1319-819b-f35c75e60002 | Status: 200 | 11 ms
2026-01-30 20:28:13,535 [34mINFO [0;39m [[34mtomcat-handler-184[0;39m] [33m[XID:awebfea2zcqa46p][0;39m [32mc.a.o.a.service.impl.CardServiceImpl[0;39m - Successfully retrieved 3 cards for subject: 7f000101-9bf3-1319-819b-f35c75e60002 (total: 3)
2026-01-30 20:28:13,537 [34mINFO [0;39m [[34mtomcat-handler-184[0;39m] [33m[XID:awebfea2zcqa46p][0;39m [32mc.a.oopsly.api.config.LoggingConfig[0;39m - Request: GET /api/v1/oopsly/shelves/7f000101-9bf3-1319-819b-f35c54120001/subjects/7f000101-9bf3-1319-819b-f35c75e60002/cards | Status: 200 | 18 ms
2026-01-30 20:28:21,345 [34mINFO [0;39m [[34mtomcat-handler-185[0;39m] [33m[XID:][0;39m [32mc.a.o.a.c.JwtAuthenticationFilter[0;39m - Filtering request: /api/v1/oopsly/shelves/7f000101-9bf3-1319-819b-f35c54120001/subjects/7f000101-9bf3-1319-819b-f35c75e60002
2026-01-30 20:28:21,346 [34mINFO [0;39m [[34mtomcat-handler-185[0;39m] [33m[XID:][0;39m [32mc.a.o.a.c.JwtAuthenticationFilter[0;39m - Attempting to authenticate using jwt
2026-01-30 20:28:21,346 [34mINFO [0;39m [[34mtomcat-handler-186[0;39m] [33m[XID:][0;39m [32mc.a.o.a.c.JwtAuthenticationFilter[0;39m - Filtering request: /api/v1/oopsly/shelves/7f000101-9bf3-1319-819b-f35c54120001/subjects/7f000101-9bf3-1319-819b-f35c75e60002/cards
2026-01-30 20:28:21,347 [34mINFO [0;39m [[34mtomcat-handler-186[0;39m] [33m[XID:][0;39m [32mc.a.o.a.c.JwtAuthenticationFilter[0;39m - Attempting to authenticate using jwt
2026-01-30 20:28:21,348 [34mINFO [0;39m [[34mtomcat-handler-185[0;39m] [33m[XID:][0;39m [32mc.a.o.a.c.JwtAuthenticationFilter[0;39m - User 7f000101-9bf3-1319-819b-f35c1d640000 authenticated with role USER
2026-01-30 20:28:21,348 [34mINFO [0;39m [[34mtomcat-handler-186[0;39m] [33m[XID:][0;39m [32mc.a.o.a.c.JwtAuthenticationFilter[0;39m - User 7f000101-9bf3-1319-819b-f35c1d640000 authenticated with role USER
2026-01-30 20:28:21,351 [34mINFO [0;39m [[34mtomcat-handler-185[0;39m] [33m[XID:aweb861b776grud][0;39m [32mc.a.o.a.controller.SubjectController[0;39m - Getting subject: 7f000101-9bf3-1319-819b-f35c75e60002 from shelve: 7f000101-9bf3-1319-819b-f35c54120001
2026-01-30 20:28:21,352 [34mINFO [0;39m [[34mtomcat-handler-185[0;39m] [33m[XID:aweb861b776grud][0;39m [32mc.a.o.a.s.impl.SubjectServiceImpl[0;39m - Getting subject: 7f000101-9bf3-1319-819b-f35c75e60002 from shelf: 7f000101-9bf3-1319-819b-f35c54120001
2026-01-30 20:28:21,355 [34mINFO [0;39m [[34mtomcat-handler-186[0;39m] [33m[XID:awebm1mn2tr1f1j][0;39m [32mc.a.o.api.controller.CardController[0;39m - Getting all cards for subject: 7f000101-9bf3-1319-819b-f35c75e60002 in shelve: 7f000101-9bf3-1319-819b-f35c54120001 with page: 0 and size: 1000
2026-01-30 20:28:21,355 [34mINFO [0;39m [[34mtomcat-handler-186[0;39m] [33m[XID:awebm1mn2tr1f1j][0;39m [32mc.a.o.a.service.impl.CardServiceImpl[0;39m - Getting all cards for subject: 7f000101-9bf3-1319-819b-f35c75e60002 in shelve: 7f000101-9bf3-1319-819b-f35c54120001 with page: 0 and size: 1000
2026-01-30 20:28:21,364 [34mINFO [0;39m [[34mtomcat-handler-185[0;39m] [33m[XID:aweb861b776grud][0;39m [32mc.a.o.a.s.impl.SubjectServiceImpl[0;39m - Successfully retrieved subject: 7f000101-9bf3-1319-819b-f35c75e60002
2026-01-30 20:28:21,368 [34mINFO [0;39m [[34mtomcat-handler-186[0;39m] [33m[XID:awebm1mn2tr1f1j][0;39m [32mc.a.o.a.service.impl.CardServiceImpl[0;39m - Successfully retrieved 3 cards for subject: 7f000101-9bf3-1319-819b-f35c75e60002 (total: 3)
2026-01-30 20:28:21,370 [34mINFO [0;39m [[34mtomcat-handler-185[0;39m] [33m[XID:aweb861b776grud][0;39m [32mc.a.oopsly.api.config.LoggingConfig[0;39m - Request: GET /api/v1/oopsly/shelves/7f000101-9bf3-1319-819b-f35c54120001/subjects/7f000101-9bf3-1319-819b-f35c75e60002 | Status: 200 | 21 ms
2026-01-30 20:28:21,377 [34mINFO [0;39m [[34mtomcat-handler-186[0;39m] [33m[XID:awebm1mn2tr1f1j][0;39m [32mc.a.oopsly.api.config.LoggingConfig[0;39m - Request: GET /api/v1/oopsly/shelves/7f000101-9bf3-1319-819b-f35c54120001/subjects/7f000101-9bf3-1319-819b-f35c75e60002/cards | Status: 200 | 28 ms
2026-01-30 20:28:29,100 [34mINFO [0;39m [[34mtomcat-handler-187[0;39m] [33m[XID:][0;39m [32mc.a.o.a.c.JwtAuthenticationFilter[0;39m - Filtering request: /api/v1/oopsly/shelves/7f000101-9bf3-1319-819b-f35c54120001/subjects/7f000101-9bf3-1319-819b-f35c75e60002
2026-01-30 20:28:29,101 [34mINFO [0;39m [[34mtomcat-handler-188[0;39m] [33m[XID:][0;39m [32mc.a.o.a.c.JwtAuthenticationFilter[0;39m - Filtering request: /api/v1/oopsly/shelves/7f000101-9bf3-1319-819b-f35c54120001/subjects/7f000101-9bf3-1319-819b-f35c75e60002/cards
2026-01-30 20:28:29,101 [34mINFO [0;39m [[34mtomcat-handler-187[0;39m] [33m[XID:][0;39m [32mc.a.o.a.c.JwtAuthenticationFilter[0;39m - Attempting to authenticate using jwt
2026-01-30 20:28:29,101 [34mINFO [0;39m [[34mtomcat-handler-188[0;39m] [33m[XID:][0;39m [32mc.a.o.a.c.JwtAuthenticationFilter[0;39m - Attempting to authenticate using jwt
2026-01-30 20:28:29,102 [34mINFO [0;39m [[34mtomcat-handler-187[0;39m] [33m[XID:][0;39m [32mc.a.o.a.c.JwtAuthenticationFilter[0;39m - User 7f000101-9bf3-1319-819b-f35c1d640000 authenticated with role USER
2026-01-30 20:28:29,102 [34mINFO [0;39m [[34mtomcat-handler-188[0;39m] [33m[XID:][0;39m [32mc.a.o.a.c.JwtAuthenticationFilter[0;39m - User 7f000101-9bf3-1319-819b-f35c1d640000 authenticated with role USER
2026-01-30 20:28:29,105 [34mINFO [0;39m [[34mtomcat-handler-187[0;39m] [33m[XID:aweb45f4wzw3ea4][0;39m [32mc.a.o.a.controller.SubjectController[0;39m - Getting subject: 7f000101-9bf3-1319-819b-f35c75e60002 from shelve: 7f000101-9bf3-1319-819b-f35c54120001
2026-01-30 20:28:29,105 [34mINFO [0;39m [[34mtomcat-handler-187[0;39m] [33m[XID:aweb45f4wzw3ea4][0;39m [32mc.a.o.a.s.impl.SubjectServiceImpl[0;39m - Getting subject: 7f000101-9bf3-1319-819b-f35c75e60002 from shelf: 7f000101-9bf3-1319-819b-f35c54120001
2026-01-30 20:28:29,106 [34mINFO [0;39m [[34mtomcat-handler-188[0;39m] [33m[XID:awebad3vtrs597d][0;39m [32mc.a.o.api.controller.CardController[0;39m - Getting all cards for subject: 7f000101-9bf3-1319-819b-f35c75e60002 in shelve: 7f000101-9bf3-1319-819b-f35c54120001 with page: 0 and size: 1000
2026-01-30 20:28:29,108 [34mINFO [0;39m [[34mtomcat-handler-188[0;39m] [33m[XID:awebad3vtrs597d][0;39m [32mc.a.o.a.service.impl.CardServiceImpl[0;39m - Getting all cards for subject: 7f000101-9bf3-1319-819b-f35c75e60002 in shelve: 7f000101-9bf3-1319-819b-f35c54120001 with page: 0 and size: 1000
2026-01-30 20:28:29,116 [34mINFO [0;39m [[34mtomcat-handler-187[0;39m] [33m[XID:aweb45f4wzw3ea4][0;39m [32mc.a.o.a.s.impl.SubjectServiceImpl[0;39m - Successfully retrieved subject: 7f000101-9bf3-1319-819b-f35c75e60002
2026-01-30 20:28:29,117 [34mINFO [0;39m [[34mtomcat-handler-188[0;39m] [33m[XID:awebad3vtrs597d][0;39m [32mc.a.o.a.service.impl.CardServiceImpl[0;39m - Successfully retrieved 3 cards for subject: 7f000101-9bf3-1319-819b-f35c75e60002 (total: 3)
2026-01-30 20:28:29,119 [34mINFO [0;39m [[34mtomcat-handler-188[0;39m] [33m[XID:awebad3vtrs597d][0;39m [32mc.a.oopsly.api.config.LoggingConfig[0;39m - Request: GET /api/v1/oopsly/shelves/7f000101-9bf3-1319-819b-f35c54120001/subjects/7f000101-9bf3-1319-819b-f35c75e60002/cards | Status: 200 | 16 ms
2026-01-30 20:28:29,123 [34mINFO [0;39m [[34mtomcat-handler-187[0;39m] [33m[XID:aweb45f4wzw3ea4][0;39m [32mc.a.oopsly.api.config.LoggingConfig[0;39m - Request: GET /api/v1/oopsly/shelves/7f000101-9bf3-1319-819b-f35c54120001/subjects/7f000101-9bf3-1319-819b-f35c75e60002 | Status: 200 | 20 ms
2026-01-30 20:28:31,298 [34mINFO [0;39m [[34mtomcat-handler-189[0;39m] [33m[XID:][0;39m [32mc.a.o.a.c.JwtAuthenticationFilter[0;39m - Filtering request: /api/v1/oopsly/shelves/7f000101-9bf3-1319-819b-f35c54120001/subjects/7f000101-9bf3-1319-819b-f35c75e60002
2026-01-30 20:28:31,298 [34mINFO [0;39m [[34mtomcat-handler-190[0;39m] [33m[XID:][0;39m [32mc.a.o.a.c.JwtAuthenticationFilter[0;39m - Filtering request: /api/v1/oopsly/shelves/7f000101-9bf3-1319-819b-f35c54120001/subjects/7f000101-9bf3-1319-819b-f35c75e60002/cards
2026-01-30 20:28:31,302 [34mINFO [0;39m [[34mtomcat-handler-189[0;39m] [33m[XID:][0;39m [32mc.a.o.a.c.JwtAuthenticationFilter[0;39m - Attempting to authenticate using jwt
2026-01-30 20:28:31,299 [34mINFO [0;39m [[34mtomcat-handler-190[0;39m] [33m[XID:][0;39m [32mc.a.o.a.c.JwtAuthenticationFilter[0;39m - Attempting to authenticate using jwt
2026-01-30 20:28:31,309 [34mINFO [0;39m [[34mtomcat-handler-190[0;39m] [33m[XID:][0;39m [32mc.a.o.a.c.JwtAuthenticationFilter[0;39m - User 7f000101-9bf3-1319-819b-f35c1d640000 authenticated with role USER
2026-01-30 20:28:31,309 [34mINFO [0;39m [[34mtomcat-handler-189[0;39m] [33m[XID:][0;39m [32mc.a.o.a.c.JwtAuthenticationFilter[0;39m - User 7f000101-9bf3-1319-819b-f35c1d640000 authenticated with role USER
2026-01-30 20:28:31,320 [34mINFO [0;39m [[34mtomcat-handler-189[0;39m] [33m[XID:aweblt8xxnl5aa][0;39m [32mc.a.o.a.controller.SubjectController[0;39m - Getting subject: 7f000101-9bf3-1319-819b-f35c75e60002 from shelve: 7f000101-9bf3-1319-819b-f35c54120001
2026-01-30 20:28:31,321 [34mINFO [0;39m [[34mtomcat-handler-189[0;39m] [33m[XID:aweblt8xxnl5aa][0;39m [32mc.a.o.a.s.impl.SubjectServiceImpl[0;39m - Getting subject: 7f000101-9bf3-1319-819b-f35c75e60002 from shelf: 7f000101-9bf3-1319-819b-f35c54120001
2026-01-30 20:28:31,321 [34mINFO [0;39m [[34mtomcat-handler-190[0;39m] [33m[XID:awebf37915w5udp][0;39m [32mc.a.o.api.controller.CardController[0;39m - Getting all cards for subject: 7f000101-9bf3-1319-819b-f35c75e60002 in shelve: 7f000101-9bf3-1319-819b-f35c54120001 with page: 0 and size: 1000
2026-01-30 20:28:31,322 [34mINFO [0;39m [[34mtomcat-handler-190[0;39m] [33m[XID:awebf37915w5udp][0;39m [32mc.a.o.a.service.impl.CardServiceImpl[0;39m - Getting all cards for subject: 7f000101-9bf3-1319-819b-f35c75e60002 in shelve: 7f000101-9bf3-1319-819b-f35c54120001 with page: 0 and size: 1000
2026-01-30 20:28:31,331 [34mINFO [0;39m [[34mtomcat-handler-189[0;39m] [33m[XID:aweblt8xxnl5aa][0;39m [32mc.a.o.a.s.impl.SubjectServiceImpl[0;39m - Successfully retrieved subject: 7f000101-9bf3-1319-819b-f35c75e60002
2026-01-30 20:28:31,334 [34mINFO [0;39m [[34mtomcat-handler-189[0;39m] [33m[XID:aweblt8xxnl5aa][0;39m [32mc.a.oopsly.api.config.LoggingConfig[0;39m - Request: GET /api/v1/oopsly/shelves/7f000101-9bf3-1319-819b-f35c54120001/subjects/7f000101-9bf3-1319-819b-f35c75e60002 | Status: 200 | 19 ms
2026-01-30 20:28:31,335 [34mINFO [0;39m [[34mtomcat-handler-190[0;39m] [33m[XID:awebf37915w5udp][0;39m [32mc.a.o.a.service.impl.CardServiceImpl[0;39m - Successfully retrieved 3 cards for subject: 7f000101-9bf3-1319-819b-f35c75e60002 (total: 3)
2026-01-30 20:28:31,345 [34mINFO [0;39m [[34mtomcat-handler-190[0;39m] [33m[XID:awebf37915w5udp][0;39m [32mc.a.oopsly.api.config.LoggingConfig[0;39m - Request: GET /api/v1/oopsly/shelves/7f000101-9bf3-1319-819b-f35c54120001/subjects/7f000101-9bf3-1319-819b-f35c75e60002/cards | Status: 200 | 30 ms
2026-01-30 20:29:28,264 [34mINFO [0;39m [[34mtomcat-handler-192[0;39m] [33m[XID:][0;39m [32mc.a.o.a.c.JwtAuthenticationFilter[0;39m - Filtering request: /api/v1/oopsly/shelves/7f000101-9bf3-1319-819b-f35c54120001/subjects/7f000101-9bf3-1319-819b-f35c75e60002/cards
2026-01-30 20:29:28,264 [34mINFO [0;39m [[34mtomcat-handler-191[0;39m] [33m[XID:][0;39m [32mc.a.o.a.c.JwtAuthenticationFilter[0;39m - Filtering request: /api/v1/oopsly/shelves/7f000101-9bf3-1319-819b-f35c54120001/subjects/7f000101-9bf3-1319-819b-f35c75e60002
2026-01-30 20:29:28,264 [34mINFO [0;39m [[34mtomcat-handler-191[0;39m] [33m[XID:][0;39m [32mc.a.o.a.c.JwtAuthenticationFilter[0;39m - Attempting to authenticate using jwt
2026-01-30 20:29:28,264 [34mINFO [0;39m [[34mtomcat-handler-192[0;39m] [33m[XID:][0;39m [32mc.a.o.a.c.JwtAuthenticationFilter[0;39m - Attempting to authenticate using jwt
2026-01-30 20:29:28,265 [34mINFO [0;39m [[34mtomcat-handler-191[0;39m] [33m[XID:][0;39m [32mc.a.o.a.c.JwtAuthenticationFilter[0;39m - User 7f000101-9bf3-1319-819b-f35c1d640000 authenticated with role USER
2026-01-30 20:29:28,265 [34mINFO [0;39m [[34mtomcat-handler-192[0;39m] [33m[XID:][0;39m [32mc.a.o.a.c.JwtAuthenticationFilter[0;39m - User 7f000101-9bf3-1319-819b-f35c1d640000 authenticated with role USER
2026-01-30 20:29:28,268 [34mINFO [0;39m [[34mtomcat-handler-191[0;39m] [33m[XID:awebhu39f81l68l][0;39m [32mc.a.o.a.controller.SubjectController[0;39m - Getting subject: 7f000101-9bf3-1319-819b-f35c75e60002 from shelve: 7f000101-9bf3-1319-819b-f35c54120001
2026-01-30 20:29:28,268 [34mINFO [0;39m [[34mtomcat-handler-192[0;39m] [33m[XID:aweb8jx0uy5j7bw][0;39m [32mc.a.o.api.controller.CardController[0;39m - Getting all cards for subject: 7f000101-9bf3-1319-819b-f35c75e60002 in shelve: 7f000101-9bf3-1319-819b-f35c54120001 with page: 0 and size: 1000
2026-01-30 20:29:28,268 [34mINFO [0;39m [[34mtomcat-handler-191[0;39m] [33m[XID:awebhu39f81l68l][0;39m [32mc.a.o.a.s.impl.SubjectServiceImpl[0;39m - Getting subject: 7f000101-9bf3-1319-819b-f35c75e60002 from shelf: 7f000101-9bf3-1319-819b-f35c54120001
2026-01-30 20:29:28,269 [34mINFO [0;39m [[34mtomcat-handler-192[0;39m] [33m[XID:aweb8jx0uy5j7bw][0;39m [32mc.a.o.a.service.impl.CardServiceImpl[0;39m - Getting all cards for subject: 7f000101-9bf3-1319-819b-f35c75e60002 in shelve: 7f000101-9bf3-1319-819b-f35c54120001 with page: 0 and size: 1000
2026-01-30 20:29:28,290 [34mINFO [0;39m [[34mtomcat-handler-191[0;39m] [33m[XID:awebhu39f81l68l][0;39m [32mc.a.o.a.s.impl.SubjectServiceImpl[0;39m - Successfully retrieved subject: 7f000101-9bf3-1319-819b-f35c75e60002
2026-01-30 20:29:28,295 [34mINFO [0;39m [[34mtomcat-handler-191[0;39m] [33m[XID:awebhu39f81l68l][0;39m [32mc.a.oopsly.api.config.LoggingConfig[0;39m - Request: GET /api/v1/oopsly/shelves/7f000101-9bf3-1319-819b-f35c54120001/subjects/7f000101-9bf3-1319-819b-f35c75e60002 | Status: 200 | 29 ms
2026-01-30 20:29:28,294 [34mINFO [0;39m [[34mtomcat-handler-192[0;39m] [33m[XID:aweb8jx0uy5j7bw][0;39m [32mc.a.o.a.service.impl.CardServiceImpl[0;39m - Successfully retrieved 3 cards for subject: 7f000101-9bf3-1319-819b-f35c75e60002 (total: 3)
2026-01-30 20:29:28,301 [34mINFO [0;39m [[34mtomcat-handler-192[0;39m] [33m[XID:aweb8jx0uy5j7bw][0;39m [32mc.a.oopsly.api.config.LoggingConfig[0;39m - Request: GET /api/v1/oopsly/shelves/7f000101-9bf3-1319-819b-f35c54120001/subjects/7f000101-9bf3-1319-819b-f35c75e60002/cards | Status: 200 | 35 ms
2026-01-30 20:29:32,152 [34mINFO [0;39m [[34mtomcat-handler-194[0;39m] [33m[XID:][0;39m [32mc.a.o.a.c.JwtAuthenticationFilter[0;39m - Filtering request: /api/v1/oopsly/shelves/7f000101-9bf3-1319-819b-f35c54120001/subjects/7f000101-9bf3-1319-819b-f35c75e60002/cards
2026-01-30 20:29:32,152 [34mINFO [0;39m [[34mtomcat-handler-193[0;39m] [33m[XID:][0;39m [32mc.a.o.a.c.JwtAuthenticationFilter[0;39m - Filtering request: /api/v1/oopsly/shelves/7f000101-9bf3-1319-819b-f35c54120001/subjects/7f000101-9bf3-1319-819b-f35c75e60002
2026-01-30 20:29:32,152 [34mINFO [0;39m [[34mtomcat-handler-193[0;39m] [33m[XID:][0;39m [32mc.a.o.a.c.JwtAuthenticationFilter[0;39m - Attempting to authenticate using jwt
2026-01-30 20:29:32,152 [34mINFO [0;39m [[34mtomcat-handler-194[0;39m] [33m[XID:][0;39m [32mc.a.o.a.c.JwtAuthenticationFilter[0;39m - Attempting to authenticate using jwt
2026-01-30 20:29:32,154 [34mINFO [0;39m [[34mtomcat-handler-194[0;39m] [33m[XID:][0;39m [32mc.a.o.a.c.JwtAuthenticationFilter[0;39m - User 7f000101-9bf3-1319-819b-f35c1d640000 authenticated with role USER
2026-01-30 20:29:32,154 [34mINFO [0;39m [[34mtomcat-handler-193[0;39m] [33m[XID:][0;39m [32mc.a.o.a.c.JwtAuthenticationFilter[0;39m - User 7f000101-9bf3-1319-819b-f35c1d640000 authenticated with role USER
2026-01-30 20:29:32,157 [34mINFO [0;39m [[34mtomcat-handler-194[0;39m] [33m[XID:awebzjwbdhlocrp][0;39m [32mc.a.o.api.controller.CardController[0;39m - Getting all cards for subject: 7f000101-9bf3-1319-819b-f35c75e60002 in shelve: 7f000101-9bf3-1319-819b-f35c54120001 with page: 0 and size: 1000
2026-01-30 20:29:32,157 [34mINFO [0;39m [[34mtomcat-handler-193[0;39m] [33m[XID:awebpxd4jbeznao][0;39m [32mc.a.o.a.controller.SubjectController[0;39m - Getting subject: 7f000101-9bf3-1319-819b-f35c75e60002 from shelve: 7f000101-9bf3-1319-819b-f35c54120001
2026-01-30 20:29:32,158 [34mINFO [0;39m [[34mtomcat-handler-193[0;39m] [33m[XID:awebpxd4jbeznao][0;39m [32mc.a.o.a.s.impl.SubjectServiceImpl[0;39m - Getting subject: 7f000101-9bf3-1319-819b-f35c75e60002 from shelf: 7f000101-9bf3-1319-819b-f35c54120001
2026-01-30 20:29:32,159 [34mINFO [0;39m [[34mtomcat-handler-194[0;39m] [33m[XID:awebzjwbdhlocrp][0;39m [32mc.a.o.a.service.impl.CardServiceImpl[0;39m - Getting all cards for subject: 7f000101-9bf3-1319-819b-f35c75e60002 in shelve: 7f000101-9bf3-1319-819b-f35c54120001 with page: 0 and size: 1000
2026-01-30 20:29:32,168 [34mINFO [0;39m [[34mtomcat-handler-193[0;39m] [33m[XID:awebpxd4jbeznao][0;39m [32mc.a.o.a.s.impl.SubjectServiceImpl[0;39m - Successfully retrieved subject: 7f000101-9bf3-1319-819b-f35c75e60002
2026-01-30 20:29:32,171 [34mINFO [0;39m [[34mtomcat-handler-193[0;39m] [33m[XID:awebpxd4jbeznao][0;39m [32mc.a.oopsly.api.config.LoggingConfig[0;39m - Request: GET /api/v1/oopsly/shelves/7f000101-9bf3-1319-819b-f35c54120001/subjects/7f000101-9bf3-1319-819b-f35c75e60002 | Status: 200 | 17 ms
2026-01-30 20:29:32,172 [34mINFO [0;39m [[34mtomcat-handler-194[0;39m] [33m[XID:awebzjwbdhlocrp][0;39m [32mc.a.o.a.service.impl.CardServiceImpl[0;39m - Successfully retrieved 3 cards for subject: 7f000101-9bf3-1319-819b-f35c75e60002 (total: 3)
2026-01-30 20:29:32,175 [34mINFO [0;39m [[34mtomcat-handler-194[0;39m] [33m[XID:awebzjwbdhlocrp][0;39m [32mc.a.oopsly.api.config.LoggingConfig[0;39m - Request: GET /api/v1/oopsly/shelves/7f000101-9bf3-1319-819b-f35c54120001/subjects/7f000101-9bf3-1319-819b-f35c75e60002/cards | Status: 200 | 21 ms
2026-01-30 20:29:36,105 [34mINFO [0;39m [[34mtomcat-handler-195[0;39m] [33m[XID:][0;39m [32mc.a.o.a.c.JwtAuthenticationFilter[0;39m - Filtering request: /api/v1/oopsly/shelves/7f000101-9bf3-1319-819b-f35c54120001/subjects/7f000101-9bf3-1319-819b-f35c75e60002/cards
2026-01-30 20:29:36,105 [34mINFO [0;39m [[34mtomcat-handler-196[0;39m] [33m[XID:][0;39m [32mc.a.o.a.c.JwtAuthenticationFilter[0;39m - Filtering request: /api/v1/oopsly/shelves/7f000101-9bf3-1319-819b-f35c54120001/subjects/7f000101-9bf3-1319-819b-f35c75e60002
2026-01-30 20:29:36,106 [34mINFO [0;39m [[34mtomcat-handler-196[0;39m] [33m[XID:][0;39m [32mc.a.o.a.c.JwtAuthenticationFilter[0;39m - Attempting to authenticate using jwt
2026-01-30 20:29:36,106 [34mINFO [0;39m [[34mtomcat-handler-195[0;39m] [33m[XID:][0;39m [32mc.a.o.a.c.JwtAuthenticationFilter[0;39m - Attempting to authenticate using jwt
2026-01-30 20:29:36,107 [34mINFO [0;39m [[34mtomcat-handler-196[0;39m] [33m[XID:][0;39m [32mc.a.o.a.c.JwtAuthenticationFilter[0;39m - User 7f000101-9bf3-1319-819b-f35c1d640000 authenticated with role USER
2026-01-30 20:29:36,108 [34mINFO [0;39m [[34mtomcat-handler-195[0;39m] [33m[XID:][0;39m [32mc.a.o.a.c.JwtAuthenticationFilter[0;39m - User 7f000101-9bf3-1319-819b-f35c1d640000 authenticated with role USER
2026-01-30 20:29:36,110 [34mINFO [0;39m [[34mtomcat-handler-196[0;39m] [33m[XID:awebd0vnk01tzaf][0;39m [32mc.a.o.a.controller.SubjectController[0;39m - Getting subject: 7f000101-9bf3-1319-819b-f35c75e60002 from shelve: 7f000101-9bf3-1319-819b-f35c54120001
2026-01-30 20:29:36,111 [34mINFO [0;39m [[34mtomcat-handler-196[0;39m] [33m[XID:awebd0vnk01tzaf][0;39m [32mc.a.o.a.s.impl.SubjectServiceImpl[0;39m - Getting subject: 7f000101-9bf3-1319-819b-f35c75e60002 from shelf: 7f000101-9bf3-1319-819b-f35c54120001
2026-01-30 20:29:36,111 [34mINFO [0;39m [[34mtomcat-handler-195[0;39m] [33m[XID:awebmhw4aiulzf][0;39m [32mc.a.o.api.controller.CardController[0;39m - Getting all cards for subject: 7f000101-9bf3-1319-819b-f35c75e60002 in shelve: 7f000101-9bf3-1319-819b-f35c54120001 with page: 0 and size: 1000
2026-01-30 20:29:36,111 [34mINFO [0;39m [[34mtomcat-handler-195[0;39m] [33m[XID:awebmhw4aiulzf][0;39m [32mc.a.o.a.service.impl.CardServiceImpl[0;39m - Getting all cards for subject: 7f000101-9bf3-1319-819b-f35c75e60002 in shelve: 7f000101-9bf3-1319-819b-f35c54120001 with page: 0 and size: 1000
2026-01-30 20:29:36,118 [34mINFO [0;39m [[34mtomcat-handler-196[0;39m] [33m[XID:awebd0vnk01tzaf][0;39m [32mc.a.o.a.s.impl.SubjectServiceImpl[0;39m - Successfully retrieved subject: 7f000101-9bf3-1319-819b-f35c75e60002
2026-01-30 20:29:36,119 [34mINFO [0;39m [[34mtomcat-handler-195[0;39m] [33m[XID:awebmhw4aiulzf][0;39m [32mc.a.o.a.service.impl.CardServiceImpl[0;39m - Successfully retrieved 3 cards for subject: 7f000101-9bf3-1319-819b-f35c75e60002 (total: 3)
2026-01-30 20:29:36,121 [34mINFO [0;39m [[34mtomcat-handler-195[0;39m] [33m[XID:awebmhw4aiulzf][0;39m [32mc.a.oopsly.api.config.LoggingConfig[0;39m - Request: GET /api/v1/oopsly/shelves/7f000101-9bf3-1319-819b-f35c54120001/subjects/7f000101-9bf3-1319-819b-f35c75e60002/cards | Status: 200 | 12 ms
2026-01-30 20:29:36,126 [34mINFO [0;39m [[34mtomcat-handler-196[0;39m] [33m[XID:awebd0vnk01tzaf][0;39m [32mc.a.oopsly.api.config.LoggingConfig[0;39m - Request: GET /api/v1/oopsly/shelves/7f000101-9bf3-1319-819b-f35c54120001/subjects/7f000101-9bf3-1319-819b-f35c75e60002 | Status: 200 | 18 ms
2026-01-30 20:29:40,958 [34mINFO [0;39m [[34mtomcat-handler-198[0;39m] [33m[XID:][0;39m [32mc.a.o.a.c.JwtAuthenticationFilter[0;39m - Filtering request: /api/v1/oopsly/shelves/7f000101-9bf3-1319-819b-f35c54120001/subjects/7f000101-9bf3-1319-819b-f35c75e60002/cards
2026-01-30 20:29:40,959 [34mINFO [0;39m [[34mtomcat-handler-198[0;39m] [33m[XID:][0;39m [32mc.a.o.a.c.JwtAuthenticationFilter[0;39m - Attempting to authenticate using jwt
2026-01-30 20:29:40,960 [34mINFO [0;39m [[34mtomcat-handler-197[0;39m] [33m[XID:][0;39m [32mc.a.o.a.c.JwtAuthenticationFilter[0;39m - Filtering request: /api/v1/oopsly/shelves/7f000101-9bf3-1319-819b-f35c54120001/subjects/7f000101-9bf3-1319-819b-f35c75e60002
2026-01-30 20:29:40,968 [34mINFO [0;39m [[34mtomcat-handler-197[0;39m] [33m[XID:][0;39m [32mc.a.o.a.c.JwtAuthenticationFilter[0;39m - Attempting to authenticate using jwt
2026-01-30 20:29:40,960 [34mINFO [0;39m [[34mtomcat-handler-198[0;39m] [33m[XID:][0;39m [32mc.a.o.a.c.JwtAuthenticationFilter[0;39m - User 7f000101-9bf3-1319-819b-f35c1d640000 authenticated with role USER
2026-01-30 20:29:40,972 [34mINFO [0;39m [[34mtomcat-handler-197[0;39m] [33m[XID:][0;39m [32mc.a.o.a.c.JwtAuthenticationFilter[0;39m - User 7f000101-9bf3-1319-819b-f35c1d640000 authenticated with role USER
2026-01-30 20:29:40,975 [34mINFO [0;39m [[34mtomcat-handler-197[0;39m] [33m[XID:awebc4vhml2ve7][0;39m [32mc.a.o.a.controller.SubjectController[0;39m - Getting subject: 7f000101-9bf3-1319-819b-f35c75e60002 from shelve: 7f000101-9bf3-1319-819b-f35c54120001
2026-01-30 20:29:40,979 [34mINFO [0;39m [[34mtomcat-handler-197[0;39m] [33m[XID:awebc4vhml2ve7][0;39m [32mc.a.o.a.s.impl.SubjectServiceImpl[0;39m - Getting subject: 7f000101-9bf3-1319-819b-f35c75e60002 from shelf: 7f000101-9bf3-1319-819b-f35c54120001
2026-01-30 20:29:40,978 [34mINFO [0;39m [[34mtomcat-handler-198[0;39m] [33m[XID:awebuaeximso46][0;39m [32mc.a.o.api.controller.CardController[0;39m - Getting all cards for subject: 7f000101-9bf3-1319-819b-f35c75e60002 in shelve: 7f000101-9bf3-1319-819b-f35c54120001 with page: 0 and size: 1000
2026-01-30 20:29:40,984 [34mINFO [0;39m [[34mtomcat-handler-198[0;39m] [33m[XID:awebuaeximso46][0;39m [32mc.a.o.a.service.impl.CardServiceImpl[0;39m - Getting all cards for subject: 7f000101-9bf3-1319-819b-f35c75e60002 in shelve: 7f000101-9bf3-1319-819b-f35c54120001 with page: 0 and size: 1000
2026-01-30 20:29:40,995 [34mINFO [0;39m [[34mtomcat-handler-197[0;39m] [33m[XID:awebc4vhml2ve7][0;39m [32mc.a.o.a.s.impl.SubjectServiceImpl[0;39m - Successfully retrieved subject: 7f000101-9bf3-1319-819b-f35c75e60002
2026-01-30 20:29:40,997 [34mINFO [0;39m [[34mtomcat-handler-197[0;39m] [33m[XID:awebc4vhml2ve7][0;39m [32mc.a.oopsly.api.config.LoggingConfig[0;39m - Request: GET /api/v1/oopsly/shelves/7f000101-9bf3-1319-819b-f35c54120001/subjects/7f000101-9bf3-1319-819b-f35c75e60002 | Status: 200 | 24 ms
2026-01-30 20:29:40,998 [34mINFO [0;39m [[34mtomcat-handler-198[0;39m] [33m[XID:awebuaeximso46][0;39m [32mc.a.o.a.service.impl.CardServiceImpl[0;39m - Successfully retrieved 3 cards for subject: 7f000101-9bf3-1319-819b-f35c75e60002 (total: 3)
2026-01-30 20:29:41,004 [34mINFO [0;39m [[34mtomcat-handler-198[0;39m] [33m[XID:awebuaeximso46][0;39m [32mc.a.oopsly.api.config.LoggingConfig[0;39m - Request: GET /api/v1/oopsly/shelves/7f000101-9bf3-1319-819b-f35c54120001/subjects/7f000101-9bf3-1319-819b-f35c75e60002/cards | Status: 200 | 28 ms
2026-01-30 20:29:42,933 [34mINFO [0;39m [[34mtomcat-handler-199[0;39m] [33m[XID:][0;39m [32mc.a.o.a.c.JwtAuthenticationFilter[0;39m - Filtering request: /api/v1/oopsly/shelves/7f000101-9bf3-1319-819b-f35c54120001/subjects/7f000101-9bf3-1319-819b-f35c75e60002
2026-01-30 20:29:42,934 [34mINFO [0;39m [[34mtomcat-handler-199[0;39m] [33m[XID:][0;39m [32mc.a.o.a.c.JwtAuthenticationFilter[0;39m - Attempting to authenticate using jwt
2026-01-30 20:29:42,935 [34mINFO [0;39m [[34mtomcat-handler-200[0;39m] [33m[XID:][0;39m [32mc.a.o.a.c.JwtAuthenticationFilter[0;39m - Filtering request: /api/v1/oopsly/shelves/7f000101-9bf3-1319-819b-f35c54120001/subjects/7f000101-9bf3-1319-819b-f35c75e60002/cards
2026-01-30 20:29:42,935 [34mINFO [0;39m [[34mtomcat-handler-199[0;39m] [33m[XID:][0;39m [32mc.a.o.a.c.JwtAuthenticationFilter[0;39m - User 7f000101-9bf3-1319-819b-f35c1d640000 authenticated with role USER
2026-01-30 20:29:42,935 [34mINFO [0;39m [[34mtomcat-handler-200[0;39m] [33m[XID:][0;39m [32mc.a.o.a.c.JwtAuthenticationFilter[0;39m - Attempting to authenticate using jwt
2026-01-30 20:29:42,936 [34mINFO [0;39m [[34mtomcat-handler-200[0;39m] [33m[XID:][0;39m [32mc.a.o.a.c.JwtAuthenticationFilter[0;39m - User 7f000101-9bf3-1319-819b-f35c1d640000 authenticated with role USER
2026-01-30 20:29:42,937 [34mINFO [0;39m [[34mtomcat-handler-199[0;39m] [33m[XID:awebo3ev6cwqa1i][0;39m [32mc.a.o.a.controller.SubjectController[0;39m - Getting subject: 7f000101-9bf3-1319-819b-f35c75e60002 from shelve: 7f000101-9bf3-1319-819b-f35c54120001
2026-01-30 20:29:42,937 [34mINFO [0;39m [[34mtomcat-handler-199[0;39m] [33m[XID:awebo3ev6cwqa1i][0;39m [32mc.a.o.a.s.impl.SubjectServiceImpl[0;39m - Getting subject: 7f000101-9bf3-1319-819b-f35c75e60002 from shelf: 7f000101-9bf3-1319-819b-f35c54120001
2026-01-30 20:29:42,938 [34mINFO [0;39m [[34mtomcat-handler-200[0;39m] [33m[XID:awebuy8pq3fovjk][0;39m [32mc.a.o.api.controller.CardController[0;39m - Getting all cards for subject: 7f000101-9bf3-1319-819b-f35c75e60002 in shelve: 7f000101-9bf3-1319-819b-f35c54120001 with page: 0 and size: 1000
2026-01-30 20:29:42,938 [34mINFO [0;39m [[34mtomcat-handler-200[0;39m] [33m[XID:awebuy8pq3fovjk][0;39m [32mc.a.o.a.service.impl.CardServiceImpl[0;39m - Getting all cards for subject: 7f000101-9bf3-1319-819b-f35c75e60002 in shelve: 7f000101-9bf3-1319-819b-f35c54120001 with page: 0 and size: 1000
2026-01-30 20:29:42,942 [34mINFO [0;39m [[34mtomcat-handler-199[0;39m] [33m[XID:awebo3ev6cwqa1i][0;39m [32mc.a.o.a.s.impl.SubjectServiceImpl[0;39m - Successfully retrieved subject: 7f000101-9bf3-1319-819b-f35c75e60002
2026-01-30 20:29:42,944 [34mINFO [0;39m [[34mtomcat-handler-199[0;39m] [33m[XID:awebo3ev6cwqa1i][0;39m [32mc.a.oopsly.api.config.LoggingConfig[0;39m - Request: GET /api/v1/oopsly/shelves/7f000101-9bf3-1319-819b-f35c54120001/subjects/7f000101-9bf3-1319-819b-f35c75e60002 | Status: 200 | 8 ms
2026-01-30 20:29:42,946 [34mINFO [0;39m [[34mtomcat-handler-200[0;39m] [33m[XID:awebuy8pq3fovjk][0;39m [32mc.a.o.a.service.impl.CardServiceImpl[0;39m - Successfully retrieved 3 cards for subject: 7f000101-9bf3-1319-819b-f35c75e60002 (total: 3)
2026-01-30 20:29:42,948 [34mINFO [0;39m [[34mtomcat-handler-200[0;39m] [33m[XID:awebuy8pq3fovjk][0;39m [32mc.a.oopsly.api.config.LoggingConfig[0;39m - Request: GET /api/v1/oopsly/shelves/7f000101-9bf3-1319-819b-f35c54120001/subjects/7f000101-9bf3-1319-819b-f35c75e60002/cards | Status: 200 | 12 ms
2026-01-30 20:29:51,659 [34mINFO [0;39m [[34mtomcat-handler-201[0;39m] [33m[XID:][0;39m [32mc.a.o.a.c.JwtAuthenticationFilter[0;39m - Filtering request: /api/v1/oopsly/shelves/7f000101-9bf3-1319-819b-f35c54120001/subjects/7f000101-9bf3-1319-819b-f35c75e60002
2026-01-30 20:29:51,660 [34mINFO [0;39m [[34mtomcat-handler-201[0;39m] [33m[XID:][0;39m [32mc.a.o.a.c.JwtAuthenticationFilter[0;39m - Attempting to authenticate using jwt
2026-01-30 20:29:51,661 [34mINFO [0;39m [[34mtomcat-handler-201[0;39m] [33m[XID:][0;39m [32mc.a.o.a.c.JwtAuthenticationFilter[0;39m - User 7f000101-9bf3-1319-819b-f35c1d640000 authenticated with role USER
2026-01-30 20:29:51,661 [34mINFO [0;39m [[34mtomcat-handler-202[0;39m] [33m[XID:][0;39m [32mc.a.o.a.c.JwtAuthenticationFilter[0;39m - Filtering request: /api/v1/oopsly/shelves/7f000101-9bf3-1319-819b-f35c54120001/subjects/7f000101-9bf3-1319-819b-f35c75e60002/cards
2026-01-30 20:29:51,663 [34mINFO [0;39m [[34mtomcat-handler-201[0;39m] [33m[XID:awebq7vmtw3idk][0;39m [32mc.a.o.a.controller.SubjectController[0;39m - Getting subject: 7f000101-9bf3-1319-819b-f35c75e60002 from shelve: 7f000101-9bf3-1319-819b-f35c54120001
2026-01-30 20:29:51,663 [31mWARN [0;39m [[34mtomcat-handler-202[0;39m] [33m[XID:][0;39m [32mc.a.o.a.c.JwtAuthenticationFilter[0;39m - Authorization header not present
2026-01-30 20:29:51,664 [34mINFO [0;39m [[34mtomcat-handler-201[0;39m] [33m[XID:awebq7vmtw3idk][0;39m [32mc.a.o.a.s.impl.SubjectServiceImpl[0;39m - Getting subject: 7f000101-9bf3-1319-819b-f35c75e60002 from shelf: 7f000101-9bf3-1319-819b-f35c54120001
2026-01-30 20:29:51,669 [34mINFO [0;39m [[34mtomcat-handler-202[0;39m] [33m[XID:ae2916ba-9720-4e96-b27a-83eb700023e6][0;39m [32mc.a.oopsly.api.config.LoggingConfig[0;39m - Request: OPTIONS /api/v1/oopsly/shelves/7f000101-9bf3-1319-819b-f35c54120001/subjects/7f000101-9bf3-1319-819b-f35c75e60002/cards | Status: 200 | 3 ms
2026-01-30 20:29:51,675 [34mINFO [0;39m [[34mtomcat-handler-203[0;39m] [33m[XID:][0;39m [32mc.a.o.a.c.JwtAuthenticationFilter[0;39m - Filtering request: /api/v1/oopsly/shelves/7f000101-9bf3-1319-819b-f35c54120001/subjects/7f000101-9bf3-1319-819b-f35c75e60002/cards
2026-01-30 20:29:51,676 [34mINFO [0;39m [[34mtomcat-handler-203[0;39m] [33m[XID:][0;39m [32mc.a.o.a.c.JwtAuthenticationFilter[0;39m - Attempting to authenticate using jwt
2026-01-30 20:29:51,676 [34mINFO [0;39m [[34mtomcat-handler-201[0;39m] [33m[XID:awebq7vmtw3idk][0;39m [32mc.a.o.a.s.impl.SubjectServiceImpl[0;39m - Successfully retrieved subject: 7f000101-9bf3-1319-819b-f35c75e60002
2026-01-30 20:29:51,678 [34mINFO [0;39m [[34mtomcat-handler-203[0;39m] [33m[XID:][0;39m [32mc.a.o.a.c.JwtAuthenticationFilter[0;39m - User 7f000101-9bf3-1319-819b-f35c1d640000 authenticated with role USER
2026-01-30 20:29:51,678 [34mINFO [0;39m [[34mtomcat-handler-201[0;39m] [33m[XID:awebq7vmtw3idk][0;39m [32mc.a.oopsly.api.config.LoggingConfig[0;39m - Request: GET /api/v1/oopsly/shelves/7f000101-9bf3-1319-819b-f35c54120001/subjects/7f000101-9bf3-1319-819b-f35c75e60002 | Status: 200 | 17 ms
2026-01-30 20:29:51,683 [34mINFO [0;39m [[34mtomcat-handler-203[0;39m] [33m[XID:awebjan5jeo8tst][0;39m [32mc.a.o.api.controller.CardController[0;39m - Getting all cards for subject: 7f000101-9bf3-1319-819b-f35c75e60002 in shelve: 7f000101-9bf3-1319-819b-f35c54120001 with page: 0 and size: 1000
2026-01-30 20:29:51,684 [34mINFO [0;39m [[34mtomcat-handler-203[0;39m] [33m[XID:awebjan5jeo8tst][0;39m [32mc.a.o.a.service.impl.CardServiceImpl[0;39m - Getting all cards for subject: 7f000101-9bf3-1319-819b-f35c75e60002 in shelve: 7f000101-9bf3-1319-819b-f35c54120001 with page: 0 and size: 1000
2026-01-30 20:29:51,693 [34mINFO [0;39m [[34mtomcat-handler-203[0;39m] [33m[XID:awebjan5jeo8tst][0;39m [32mc.a.o.a.service.impl.CardServiceImpl[0;39m - Successfully retrieved 3 cards for subject: 7f000101-9bf3-1319-819b-f35c75e60002 (total: 3)
2026-01-30 20:29:51,695 [34mINFO [0;39m [[34mtomcat-handler-203[0;39m] [33m[XID:awebjan5jeo8tst][0;39m [32mc.a.oopsly.api.config.LoggingConfig[0;39m - Request: GET /api/v1/oopsly/shelves/7f000101-9bf3-1319-819b-f35c54120001/subjects/7f000101-9bf3-1319-819b-f35c75e60002/cards | Status: 200 | 15 ms
2026-01-30 20:30:03,761 [34mINFO [0;39m [[34mtomcat-handler-205[0;39m] [33m[XID:][0;39m [32mc.a.o.a.c.JwtAuthenticationFilter[0;39m - Filtering request: /api/v1/oopsly/shelves/7f000101-9bf3-1319-819b-f35c54120001/subjects/7f000101-9bf3-1319-819b-f35c75e60002
2026-01-30 20:30:03,764 [34mINFO [0;39m [[34mtomcat-handler-205[0;39m] [33m[XID:][0;39m [32mc.a.o.a.c.JwtAuthenticationFilter[0;39m - Attempting to authenticate using jwt
2026-01-30 20:30:03,768 [34mINFO [0;39m [[34mtomcat-handler-204[0;39m] [33m[XID:][0;39m [32mc.a.o.a.c.JwtAuthenticationFilter[0;39m - Filtering request: /api/v1/oopsly/shelves/7f000101-9bf3-1319-819b-f35c54120001/subjects/7f000101-9bf3-1319-819b-f35c75e60002/cards
2026-01-30 20:30:03,768 [34mINFO [0;39m [[34mtomcat-handler-204[0;39m] [33m[XID:][0;39m [32mc.a.o.a.c.JwtAuthenticationFilter[0;39m - Attempting to authenticate using jwt
2026-01-30 20:30:03,770 [34mINFO [0;39m [[34mtomcat-handler-205[0;39m] [33m[XID:][0;39m [32mc.a.o.a.c.JwtAuthenticationFilter[0;39m - User 7f000101-9bf3-1319-819b-f35c1d640000 authenticated with role USER
2026-01-30 20:30:03,770 [34mINFO [0;39m [[34mtomcat-handler-204[0;39m] [33m[XID:][0;39m [32mc.a.o.a.c.JwtAuthenticationFilter[0;39m - User 7f000101-9bf3-1319-819b-f35c1d640000 authenticated with role USER
2026-01-30 20:30:03,776 [34mINFO [0;39m [[34mtomcat-handler-205[0;39m] [33m[XID:awebntmv5pjpzt][0;39m [32mc.a.o.a.controller.SubjectController[0;39m - Getting subject: 7f000101-9bf3-1319-819b-f35c75e60002 from shelve: 7f000101-9bf3-1319-819b-f35c54120001
2026-01-30 20:30:03,777 [34mINFO [0;39m [[34mtomcat-handler-205[0;39m] [33m[XID:awebntmv5pjpzt][0;39m [32mc.a.o.a.s.impl.SubjectServiceImpl[0;39m - Getting subject: 7f000101-9bf3-1319-819b-f35c75e60002 from shelf: 7f000101-9bf3-1319-819b-f35c54120001
2026-01-30 20:30:03,784 [34mINFO [0;39m [[34mtomcat-handler-204[0;39m] [33m[XID:aweblcfvn71f6p][0;39m [32mc.a.o.api.controller.CardController[0;39m - Getting all cards for subject: 7f000101-9bf3-1319-819b-f35c75e60002 in shelve: 7f000101-9bf3-1319-819b-f35c54120001 with page: 0 and size: 1000
2026-01-30 20:30:03,785 [34mINFO [0;39m [[34mtomcat-handler-204[0;39m] [33m[XID:aweblcfvn71f6p][0;39m [32mc.a.o.a.service.impl.CardServiceImpl[0;39m - Getting all cards for subject: 7f000101-9bf3-1319-819b-f35c75e60002 in shelve: 7f000101-9bf3-1319-819b-f35c54120001 with page: 0 and size: 1000
2026-01-30 20:30:03,792 [34mINFO [0;39m [[34mtomcat-handler-205[0;39m] [33m[XID:awebntmv5pjpzt][0;39m [32mc.a.o.a.s.impl.SubjectServiceImpl[0;39m - Successfully retrieved subject: 7f000101-9bf3-1319-819b-f35c75e60002
2026-01-30 20:30:03,820 [34mINFO [0;39m [[34mtomcat-handler-204[0;39m] [33m[XID:aweblcfvn71f6p][0;39m [32mc.a.o.a.service.impl.CardServiceImpl[0;39m - Successfully retrieved 3 cards for subject: 7f000101-9bf3-1319-819b-f35c75e60002 (total: 3)
2026-01-30 20:30:03,823 [34mINFO [0;39m [[34mtomcat-handler-204[0;39m] [33m[XID:aweblcfvn71f6p][0;39m [32mc.a.oopsly.api.config.LoggingConfig[0;39m - Request: GET /api/v1/oopsly/shelves/7f000101-9bf3-1319-819b-f35c54120001/subjects/7f000101-9bf3-1319-819b-f35c75e60002/cards | Status: 200 | 52 ms
2026-01-30 20:30:03,830 [34mINFO [0;39m [[34mtomcat-handler-205[0;39m] [33m[XID:awebntmv5pjpzt][0;39m [32mc.a.oopsly.api.config.LoggingConfig[0;39m - Request: GET /api/v1/oopsly/shelves/7f000101-9bf3-1319-819b-f35c54120001/subjects/7f000101-9bf3-1319-819b-f35c75e60002 | Status: 200 | 59 ms
2026-01-30 20:30:15,305 [34mINFO [0;39m [[34mtomcat-handler-206[0;39m] [33m[XID:][0;39m [32mc.a.o.a.c.JwtAuthenticationFilter[0;39m - Filtering request: /api/v1/oopsly/shelves/7f000101-9bf3-1319-819b-f35c54120001/subjects/7f000101-9bf3-1319-819b-f35c75e60002
2026-01-30 20:30:15,306 [34mINFO [0;39m [[34mtomcat-handler-206[0;39m] [33m[XID:][0;39m [32mc.a.o.a.c.JwtAuthenticationFilter[0;39m - Attempting to authenticate using jwt
2026-01-30 20:30:15,307 [34mINFO [0;39m [[34mtomcat-handler-206[0;39m] [33m[XID:][0;39m [32mc.a.o.a.c.JwtAuthenticationFilter[0;39m - User 7f000101-9bf3-1319-819b-f35c1d640000 authenticated with role USER
2026-01-30 20:30:15,309 [34mINFO [0;39m [[34mtomcat-handler-206[0;39m] [33m[XID:awebyu8hlw1dlfg][0;39m [32mc.a.o.a.controller.SubjectController[0;39m - Getting subject: 7f000101-9bf3-1319-819b-f35c75e60002 from shelve: 7f000101-9bf3-1319-819b-f35c54120001
2026-01-30 20:30:15,312 [34mINFO [0;39m [[34mtomcat-handler-207[0;39m] [33m[XID:][0;39m [32mc.a.o.a.c.JwtAuthenticationFilter[0;39m - Filtering request: /api/v1/oopsly/shelves/7f000101-9bf3-1319-819b-f35c54120001/subjects/7f000101-9bf3-1319-819b-f35c75e60002/cards
2026-01-30 20:30:15,312 [34mINFO [0;39m [[34mtomcat-handler-207[0;39m] [33m[XID:][0;39m [32mc.a.o.a.c.JwtAuthenticationFilter[0;39m - Attempting to authenticate using jwt
2026-01-30 20:30:15,313 [34mINFO [0;39m [[34mtomcat-handler-207[0;39m] [33m[XID:][0;39m [32mc.a.o.a.c.JwtAuthenticationFilter[0;39m - User 7f000101-9bf3-1319-819b-f35c1d640000 authenticated with role USER
2026-01-30 20:30:15,316 [34mINFO [0;39m [[34mtomcat-handler-207[0;39m] [33m[XID:awebuzxi7hb2poc][0;39m [32mc.a.o.api.controller.CardController[0;39m - Getting all cards for subject: 7f000101-9bf3-1319-819b-f35c75e60002 in shelve: 7f000101-9bf3-1319-819b-f35c54120001 with page: 0 and size: 1000
2026-01-30 20:30:15,317 [34mINFO [0;39m [[34mtomcat-handler-207[0;39m] [33m[XID:awebuzxi7hb2poc][0;39m [32mc.a.o.a.service.impl.CardServiceImpl[0;39m - Getting all cards for subject: 7f000101-9bf3-1319-819b-f35c75e60002 in shelve: 7f000101-9bf3-1319-819b-f35c54120001 with page: 0 and size: 1000
2026-01-30 20:30:15,326 [34mINFO [0;39m [[34mtomcat-handler-206[0;39m] [33m[XID:awebyu8hlw1dlfg][0;39m [32mc.a.o.a.s.impl.SubjectServiceImpl[0;39m - Getting subject: 7f000101-9bf3-1319-819b-f35c75e60002 from shelf: 7f000101-9bf3-1319-819b-f35c54120001
2026-01-30 20:30:15,331 [34mINFO [0;39m [[34mtomcat-handler-207[0;39m] [33m[XID:awebuzxi7hb2poc][0;39m [32mc.a.o.a.service.impl.CardServiceImpl[0;39m - Successfully retrieved 3 cards for subject: 7f000101-9bf3-1319-819b-f35c75e60002 (total: 3)
2026-01-30 20:30:15,334 [34mINFO [0;39m [[34mtomcat-handler-207[0;39m] [33m[XID:awebuzxi7hb2poc][0;39m [32mc.a.oopsly.api.config.LoggingConfig[0;39m - Request: GET /api/v1/oopsly/shelves/7f000101-9bf3-1319-819b-f35c54120001/subjects/7f000101-9bf3-1319-819b-f35c75e60002/cards | Status: 200 | 20 ms
2026-01-30 20:30:15,337 [34mINFO [0;39m [[34mtomcat-handler-206[0;39m] [33m[XID:awebyu8hlw1dlfg][0;39m [32mc.a.o.a.s.impl.SubjectServiceImpl[0;39m - Successfully retrieved subject: 7f000101-9bf3-1319-819b-f35c75e60002
2026-01-30 20:30:15,340 [34mINFO [0;39m [[34mtomcat-handler-206[0;39m] [33m[XID:awebyu8hlw1dlfg][0;39m [32mc.a.oopsly.api.config.LoggingConfig[0;39m - Request: GET /api/v1/oopsly/shelves/7f000101-9bf3-1319-819b-f35c54120001/subjects/7f000101-9bf3-1319-819b-f35c75e60002 | Status: 200 | 32 ms
2026-01-30 20:30:21,517 [34mINFO [0;39m [[34mtomcat-handler-208[0;39m] [33m[XID:][0;39m [32mc.a.o.a.c.JwtAuthenticationFilter[0;39m - Filtering request: /api/v1/oopsly/shelves/7f000101-9bf3-1319-819b-f35c54120001/subjects/7f000101-9bf3-1319-819b-f35c75e60002/cards
2026-01-30 20:30:21,518 [34mINFO [0;39m [[34mtomcat-handler-208[0;39m] [33m[XID:][0;39m [32mc.a.o.a.c.JwtAuthenticationFilter[0;39m - Attempting to authenticate using jwt
2026-01-30 20:30:21,519 [34mINFO [0;39m [[34mtomcat-handler-208[0;39m] [33m[XID:][0;39m [32mc.a.o.a.c.JwtAuthenticationFilter[0;39m - User 7f000101-9bf3-1319-819b-f35c1d640000 authenticated with role USER
2026-01-30 20:30:21,619 [34mINFO [0;39m [[34mtomcat-handler-208[0;39m] [33m[XID:awebbzbblcge5k9][0;39m [32mc.a.o.api.controller.CardController[0;39m - Creating cards for subject: 7f000101-9bf3-1319-819b-f35c75e60002 in shelve: 7f000101-9bf3-1319-819b-f35c54120001
2026-01-30 20:30:21,622 [34mINFO [0;39m [[34mtomcat-handler-208[0;39m] [33m[XID:awebbzbblcge5k9][0;39m [32mc.a.o.a.service.impl.CardServiceImpl[0;39m - Creating 1 cards for subject: 7f000101-9bf3-1319-819b-f35c75e60002 in shelve: 7f000101-9bf3-1319-819b-f35c54120001
2026-01-30 20:30:21,664 [34mINFO [0;39m [[34mtomcat-handler-208[0;39m] [33m[XID:awebbzbblcge5k9][0;39m [32mc.a.o.a.service.impl.CardServiceImpl[0;39m - Successfully created 1 cards for subject: 7f000101-9bf3-1319-819b-f35c75e60002
2026-01-30 20:30:21,667 [34mINFO [0;39m [[34mtomcat-handler-208[0;39m] [33m[XID:awebbzbblcge5k9][0;39m [32mc.a.oopsly.api.config.LoggingConfig[0;39m - Request: POST /api/v1/oopsly/shelves/7f000101-9bf3-1319-819b-f35c54120001/subjects/7f000101-9bf3-1319-819b-f35c75e60002/cards | Status: 200 | 147 ms
2026-01-30 20:30:21,744 [34mINFO [0;39m [[34mtomcat-handler-209[0;39m] [33m[XID:][0;39m [32mc.a.o.a.c.JwtAuthenticationFilter[0;39m - Filtering request: /api/v1/oopsly/shelves/7f000101-9bf3-1319-819b-f35c54120001/subjects/7f000101-9bf3-1319-819b-f35c75e60002/cards
2026-01-30 20:30:21,744 [34mINFO [0;39m [[34mtomcat-handler-209[0;39m] [33m[XID:][0;39m [32mc.a.o.a.c.JwtAuthenticationFilter[0;39m - Attempting to authenticate using jwt
2026-01-30 20:30:21,745 [34mINFO [0;39m [[34mtomcat-handler-209[0;39m] [33m[XID:][0;39m [32mc.a.o.a.c.JwtAuthenticationFilter[0;39m - User 7f000101-9bf3-1319-819b-f35c1d640000 authenticated with role USER
2026-01-30 20:30:21,749 [34mINFO [0;39m [[34mtomcat-handler-209[0;39m] [33m[XID:awebdmrwjwilp5][0;39m [32mc.a.o.api.controller.CardController[0;39m - Getting all cards for subject: 7f000101-9bf3-1319-819b-f35c75e60002 in shelve: 7f000101-9bf3-1319-819b-f35c54120001 with page: 0 and size: 1000
2026-01-30 20:30:21,752 [34mINFO [0;39m [[34mtomcat-handler-209[0;39m] [33m[XID:awebdmrwjwilp5][0;39m [32mc.a.o.a.service.impl.CardServiceImpl[0;39m - Getting all cards for subject: 7f000101-9bf3-1319-819b-f35c75e60002 in shelve: 7f000101-9bf3-1319-819b-f35c54120001 with page: 0 and size: 1000
2026-01-30 20:30:21,770 [34mINFO [0;39m [[34mtomcat-handler-209[0;39m] [33m[XID:awebdmrwjwilp5][0;39m [32mc.a.o.a.service.impl.CardServiceImpl[0;39m - Successfully retrieved 4 cards for subject: 7f000101-9bf3-1319-819b-f35c75e60002 (total: 4)
2026-01-30 20:30:21,773 [34mINFO [0;39m [[34mtomcat-handler-209[0;39m] [33m[XID:awebdmrwjwilp5][0;39m [32mc.a.oopsly.api.config.LoggingConfig[0;39m - Request: GET /api/v1/oopsly/shelves/7f000101-9bf3-1319-819b-f35c54120001/subjects/7f000101-9bf3-1319-819b-f35c75e60002/cards | Status: 200 | 27 ms
2026-01-30 20:30:31,222 [34mINFO [0;39m [[34mtomcat-handler-210[0;39m] [33m[XID:][0;39m [32mc.a.o.a.c.JwtAuthenticationFilter[0;39m - Filtering request: /api/v1/oopsly/shelves/7f000101-9bf3-1319-819b-f35c54120001/subjects/7f000101-9bf3-1319-819b-f35c75e60002
2026-01-30 20:30:31,222 [34mINFO [0;39m [[34mtomcat-handler-210[0;39m] [33m[XID:][0;39m [32mc.a.o.a.c.JwtAuthenticationFilter[0;39m - Attempting to authenticate using jwt
2026-01-30 20:30:31,222 [34mINFO [0;39m [[34mtomcat-handler-211[0;39m] [33m[XID:][0;39m [32mc.a.o.a.c.JwtAuthenticationFilter[0;39m - Filtering request: /api/v1/oopsly/shelves/7f000101-9bf3-1319-819b-f35c54120001/subjects/7f000101-9bf3-1319-819b-f35c75e60002/cards
2026-01-30 20:30:31,223 [34mINFO [0;39m [[34mtomcat-handler-211[0;39m] [33m[XID:][0;39m [32mc.a.o.a.c.JwtAuthenticationFilter[0;39m - Attempting to authenticate using jwt
2026-01-30 20:30:31,224 [34mINFO [0;39m [[34mtomcat-handler-211[0;39m] [33m[XID:][0;39m [32mc.a.o.a.c.JwtAuthenticationFilter[0;39m - User 7f000101-9bf3-1319-819b-f35c1d640000 authenticated with role USER
2026-01-30 20:30:31,224 [34mINFO [0;39m [[34mtomcat-handler-210[0;39m] [33m[XID:][0;39m [32mc.a.o.a.c.JwtAuthenticationFilter[0;39m - User 7f000101-9bf3-1319-819b-f35c1d640000 authenticated with role USER
2026-01-30 20:30:31,226 [34mINFO [0;39m [[34mtomcat-handler-210[0;39m] [33m[XID:awebx55n8u0jz7][0;39m [32mc.a.o.a.controller.SubjectController[0;39m - Getting subject: 7f000101-9bf3-1319-819b-f35c75e60002 from shelve: 7f000101-9bf3-1319-819b-f35c54120001
2026-01-30 20:30:31,227 [34mINFO [0;39m [[34mtomcat-handler-210[0;39m] [33m[XID:awebx55n8u0jz7][0;39m [32mc.a.o.a.s.impl.SubjectServiceImpl[0;39m - Getting subject: 7f000101-9bf3-1319-819b-f35c75e60002 from shelf: 7f000101-9bf3-1319-819b-f35c54120001
2026-01-30 20:30:31,231 [34mINFO [0;39m [[34mtomcat-handler-211[0;39m] [33m[XID:aweb866hp633ra8][0;39m [32mc.a.o.api.controller.CardController[0;39m - Getting all cards for subject: 7f000101-9bf3-1319-819b-f35c75e60002 in shelve: 7f000101-9bf3-1319-819b-f35c54120001 with page: 0 and size: 1000
2026-01-30 20:30:31,231 [34mINFO [0;39m [[34mtomcat-handler-211[0;39m] [33m[XID:aweb866hp633ra8][0;39m [32mc.a.o.a.service.impl.CardServiceImpl[0;39m - Getting all cards for subject: 7f000101-9bf3-1319-819b-f35c75e60002 in shelve: 7f000101-9bf3-1319-819b-f35c54120001 with page: 0 and size: 1000
2026-01-30 20:30:31,234 [34mINFO [0;39m [[34mtomcat-handler-210[0;39m] [33m[XID:awebx55n8u0jz7][0;39m [32mc.a.o.a.s.impl.SubjectServiceImpl[0;39m - Successfully retrieved subject: 7f000101-9bf3-1319-819b-f35c75e60002
2026-01-30 20:30:31,236 [34mINFO [0;39m [[34mtomcat-handler-210[0;39m] [33m[XID:awebx55n8u0jz7][0;39m [32mc.a.oopsly.api.config.LoggingConfig[0;39m - Request: GET /api/v1/oopsly/shelves/7f000101-9bf3-1319-819b-f35c54120001/subjects/7f000101-9bf3-1319-819b-f35c75e60002 | Status: 200 | 11 ms
2026-01-30 20:30:31,246 [34mINFO [0;39m [[34mtomcat-handler-211[0;39m] [33m[XID:aweb866hp633ra8][0;39m [32mc.a.o.a.service.impl.CardServiceImpl[0;39m - Successfully retrieved 4 cards for subject: 7f000101-9bf3-1319-819b-f35c75e60002 (total: 4)
2026-01-30 20:30:31,249 [34mINFO [0;39m [[34mtomcat-handler-211[0;39m] [33m[XID:aweb866hp633ra8][0;39m [32mc.a.oopsly.api.config.LoggingConfig[0;39m - Request: GET /api/v1/oopsly/shelves/7f000101-9bf3-1319-819b-f35c54120001/subjects/7f000101-9bf3-1319-819b-f35c75e60002/cards | Status: 200 | 23 ms
2026-01-30 20:30:51,856 [34mINFO [0;39m [[34mtomcat-handler-212[0;39m] [33m[XID:][0;39m [32mc.a.o.a.c.JwtAuthenticationFilter[0;39m - Filtering request: /api/v1/oopsly/shelves/7f000101-9bf3-1319-819b-f35c54120001/subjects/7f000101-9bf3-1319-819b-f35c75e60002
2026-01-30 20:30:51,857 [34mINFO [0;39m [[34mtomcat-handler-212[0;39m] [33m[XID:][0;39m [32mc.a.o.a.c.JwtAuthenticationFilter[0;39m - Attempting to authenticate using jwt
2026-01-30 20:30:51,857 [34mINFO [0;39m [[34mtomcat-handler-213[0;39m] [33m[XID:][0;39m [32mc.a.o.a.c.JwtAuthenticationFilter[0;39m - Filtering request: /api/v1/oopsly/shelves/7f000101-9bf3-1319-819b-f35c54120001/subjects/7f000101-9bf3-1319-819b-f35c75e60002/cards
2026-01-30 20:30:51,858 [34mINFO [0;39m [[34mtomcat-handler-213[0;39m] [33m[XID:][0;39m [32mc.a.o.a.c.JwtAuthenticationFilter[0;39m - Attempting to authenticate using jwt
2026-01-30 20:30:51,858 [34mINFO [0;39m [[34mtomcat-handler-212[0;39m] [33m[XID:][0;39m [32mc.a.o.a.c.JwtAuthenticationFilter[0;39m - User 7f000101-9bf3-1319-819b-f35c1d640000 authenticated with role USER
2026-01-30 20:30:51,860 [34mINFO [0;39m [[34mtomcat-handler-213[0;39m] [33m[XID:][0;39m [32mc.a.o.a.c.JwtAuthenticationFilter[0;39m - User 7f000101-9bf3-1319-819b-f35c1d640000 authenticated with role USER
2026-01-30 20:30:51,860 [34mINFO [0;39m [[34mtomcat-handler-212[0;39m] [33m[XID:awebrxv4e6z28o][0;39m [32mc.a.o.a.controller.SubjectController[0;39m - Getting subject: 7f000101-9bf3-1319-819b-f35c75e60002 from shelve: 7f000101-9bf3-1319-819b-f35c54120001
2026-01-30 20:30:51,861 [34mINFO [0;39m [[34mtomcat-handler-212[0;39m] [33m[XID:awebrxv4e6z28o][0;39m [32mc.a.o.a.s.impl.SubjectServiceImpl[0;39m - Getting subject: 7f000101-9bf3-1319-819b-f35c75e60002 from shelf: 7f000101-9bf3-1319-819b-f35c54120001
2026-01-30 20:30:51,864 [34mINFO [0;39m [[34mtomcat-handler-213[0;39m] [33m[XID:awebmth6n4z9di][0;39m [32mc.a.o.api.controller.CardController[0;39m - Getting all cards for subject: 7f000101-9bf3-1319-819b-f35c75e60002 in shelve: 7f000101-9bf3-1319-819b-f35c54120001 with page: 0 and size: 1000
2026-01-30 20:30:51,864 [34mINFO [0;39m [[34mtomcat-handler-213[0;39m] [33m[XID:awebmth6n4z9di][0;39m [32mc.a.o.a.service.impl.CardServiceImpl[0;39m - Getting all cards for subject: 7f000101-9bf3-1319-819b-f35c75e60002 in shelve: 7f000101-9bf3-1319-819b-f35c54120001 with page: 0 and size: 1000
2026-01-30 20:30:51,872 [34mINFO [0;39m [[34mtomcat-handler-212[0;39m] [33m[XID:awebrxv4e6z28o][0;39m [32mc.a.o.a.s.impl.SubjectServiceImpl[0;39m - Successfully retrieved subject: 7f000101-9bf3-1319-819b-f35c75e60002
2026-01-30 20:30:51,873 [34mINFO [0;39m [[34mtomcat-handler-213[0;39m] [33m[XID:awebmth6n4z9di][0;39m [32mc.a.o.a.service.impl.CardServiceImpl[0;39m - Successfully retrieved 4 cards for subject: 7f000101-9bf3-1319-819b-f35c75e60002 (total: 4)
2026-01-30 20:30:51,875 [34mINFO [0;39m [[34mtomcat-handler-212[0;39m] [33m[XID:awebrxv4e6z28o][0;39m [32mc.a.oopsly.api.config.LoggingConfig[0;39m - Request: GET /api/v1/oopsly/shelves/7f000101-9bf3-1319-819b-f35c54120001/subjects/7f000101-9bf3-1319-819b-f35c75e60002 | Status: 200 | 16 ms
2026-01-30 20:30:51,875 [34mINFO [0;39m [[34mtomcat-handler-213[0;39m] [33m[XID:awebmth6n4z9di][0;39m [32mc.a.oopsly.api.config.LoggingConfig[0;39m - Request: GET /api/v1/oopsly/shelves/7f000101-9bf3-1319-819b-f35c54120001/subjects/7f000101-9bf3-1319-819b-f35c75e60002/cards | Status: 200 | 14 ms
2026-01-30 20:30:56,733 [34mINFO [0;39m [[34mtomcat-handler-215[0;39m] [33m[XID:][0;39m [32mc.a.o.a.c.JwtAuthenticationFilter[0;39m - Filtering request: /api/v1/oopsly/shelves/7f000101-9bf3-1319-819b-f35c54120001/subjects/7f000101-9bf3-1319-819b-f35c75e60002/cards
2026-01-30 20:30:56,734 [34mINFO [0;39m [[34mtomcat-handler-215[0;39m] [33m[XID:][0;39m [32mc.a.o.a.c.JwtAuthenticationFilter[0;39m - Attempting to authenticate using jwt
2026-01-30 20:30:56,735 [34mINFO [0;39m [[34mtomcat-handler-214[0;39m] [33m[XID:][0;39m [32mc.a.o.a.c.JwtAuthenticationFilter[0;39m - Filtering request: /api/v1/oopsly/shelves/7f000101-9bf3-1319-819b-f35c54120001/subjects/7f000101-9bf3-1319-819b-f35c75e60002
2026-01-30 20:30:56,735 [34mINFO [0;39m [[34mtomcat-handler-214[0;39m] [33m[XID:][0;39m [32mc.a.o.a.c.JwtAuthenticationFilter[0;39m - Attempting to authenticate using jwt
2026-01-30 20:30:56,737 [34mINFO [0;39m [[34mtomcat-handler-215[0;39m] [33m[XID:][0;39m [32mc.a.o.a.c.JwtAuthenticationFilter[0;39m - User 7f000101-9bf3-1319-819b-f35c1d640000 authenticated with role USER
2026-01-30 20:30:56,737 [34mINFO [0;39m [[34mtomcat-handler-214[0;39m] [33m[XID:][0;39m [32mc.a.o.a.c.JwtAuthenticationFilter[0;39m - User 7f000101-9bf3-1319-819b-f35c1d640000 authenticated with role USER
2026-01-30 20:30:56,745 [34mINFO [0;39m [[34mtomcat-handler-215[0;39m] [33m[XID:awebygi9e3p7k7][0;39m [32mc.a.o.api.controller.CardController[0;39m - Getting all cards for subject: 7f000101-9bf3-1319-819b-f35c75e60002 in shelve: 7f000101-9bf3-1319-819b-f35c54120001 with page: 0 and size: 1000
2026-01-30 20:30:56,748 [34mINFO [0;39m [[34mtomcat-handler-214[0;39m] [33m[XID:aweb4jejwckmvus][0;39m [32mc.a.o.a.controller.SubjectController[0;39m - Getting subject: 7f000101-9bf3-1319-819b-f35c75e60002 from shelve: 7f000101-9bf3-1319-819b-f35c54120001
2026-01-30 20:30:56,750 [34mINFO [0;39m [[34mtomcat-handler-214[0;39m] [33m[XID:aweb4jejwckmvus][0;39m [32mc.a.o.a.s.impl.SubjectServiceImpl[0;39m - Getting subject: 7f000101-9bf3-1319-819b-f35c75e60002 from shelf: 7f000101-9bf3-1319-819b-f35c54120001
2026-01-30 20:30:56,746 [34mINFO [0;39m [[34mtomcat-handler-215[0;39m] [33m[XID:awebygi9e3p7k7][0;39m [32mc.a.o.a.service.impl.CardServiceImpl[0;39m - Getting all cards for subject: 7f000101-9bf3-1319-819b-f35c75e60002 in shelve: 7f000101-9bf3-1319-819b-f35c54120001 with page: 0 and size: 1000
2026-01-30 20:30:56,756 [34mINFO [0;39m [[34mtomcat-handler-214[0;39m] [33m[XID:aweb4jejwckmvus][0;39m [32mc.a.o.a.s.impl.SubjectServiceImpl[0;39m - Successfully retrieved subject: 7f000101-9bf3-1319-819b-f35c75e60002
2026-01-30 20:30:56,764 [34mINFO [0;39m [[34mtomcat-handler-214[0;39m] [33m[XID:aweb4jejwckmvus][0;39m [32mc.a.oopsly.api.config.LoggingConfig[0;39m - Request: GET /api/v1/oopsly/shelves/7f000101-9bf3-1319-819b-f35c54120001/subjects/7f000101-9bf3-1319-819b-f35c75e60002 | Status: 200 | 21 ms
2026-01-30 20:30:56,770 [34mINFO [0;39m [[34mtomcat-handler-215[0;39m] [33m[XID:awebygi9e3p7k7][0;39m [32mc.a.o.a.service.impl.CardServiceImpl[0;39m - Successfully retrieved 4 cards for subject: 7f000101-9bf3-1319-819b-f35c75e60002 (total: 4)
2026-01-30 20:30:56,773 [34mINFO [0;39m [[34mtomcat-handler-215[0;39m] [33m[XID:awebygi9e3p7k7][0;39m [32mc.a.oopsly.api.config.LoggingConfig[0;39m - Request: GET /api/v1/oopsly/shelves/7f000101-9bf3-1319-819b-f35c54120001/subjects/7f000101-9bf3-1319-819b-f35c75e60002/cards | Status: 200 | 31 ms
2026-01-30 20:31:03,426 [34mINFO [0;39m [[34mtomcat-handler-216[0;39m] [33m[XID:][0;39m [32mc.a.o.a.c.JwtAuthenticationFilter[0;39m - Filtering request: /api/v1/oopsly/shelves/7f000101-9bf3-1319-819b-f35c54120001/subjects/7f000101-9bf3-1319-819b-f35c75e60002
2026-01-30 20:31:03,427 [34mINFO [0;39m [[34mtomcat-handler-217[0;39m] [33m[XID:][0;39m [32mc.a.o.a.c.JwtAuthenticationFilter[0;39m - Filtering request: /api/v1/oopsly/shelves/7f000101-9bf3-1319-819b-f35c54120001/subjects/7f000101-9bf3-1319-819b-f35c75e60002/cards
2026-01-30 20:31:03,430 [34mINFO [0;39m [[34mtomcat-handler-216[0;39m] [33m[XID:][0;39m [32mc.a.o.a.c.JwtAuthenticationFilter[0;39m - Attempting to authenticate using jwt
2026-01-30 20:31:03,430 [34mINFO [0;39m [[34mtomcat-handler-217[0;39m] [33m[XID:][0;39m [32mc.a.o.a.c.JwtAuthenticationFilter[0;39m - Attempting to authenticate using jwt
2026-01-30 20:31:03,432 [34mINFO [0;39m [[34mtomcat-handler-217[0;39m] [33m[XID:][0;39m [32mc.a.o.a.c.JwtAuthenticationFilter[0;39m - User 7f000101-9bf3-1319-819b-f35c1d640000 authenticated with role USER
2026-01-30 20:31:03,433 [34mINFO [0;39m [[34mtomcat-handler-216[0;39m] [33m[XID:][0;39m [32mc.a.o.a.c.JwtAuthenticationFilter[0;39m - User 7f000101-9bf3-1319-819b-f35c1d640000 authenticated with role USER
2026-01-30 20:31:03,438 [34mINFO [0;39m [[34mtomcat-handler-217[0;39m] [33m[XID:awebfg1v4j9uk3v][0;39m [32mc.a.o.api.controller.CardController[0;39m - Getting all cards for subject: 7f000101-9bf3-1319-819b-f35c75e60002 in shelve: 7f000101-9bf3-1319-819b-f35c54120001 with page: 0 and size: 1000
2026-01-30 20:31:03,439 [34mINFO [0;39m [[34mtomcat-handler-217[0;39m] [33m[XID:awebfg1v4j9uk3v][0;39m [32mc.a.o.a.service.impl.CardServiceImpl[0;39m - Getting all cards for subject: 7f000101-9bf3-1319-819b-f35c75e60002 in shelve: 7f000101-9bf3-1319-819b-f35c54120001 with page: 0 and size: 1000
2026-01-30 20:31:03,447 [34mINFO [0;39m [[34mtomcat-handler-216[0;39m] [33m[XID:awebs3b8vn443w][0;39m [32mc.a.o.a.controller.SubjectController[0;39m - Getting subject: 7f000101-9bf3-1319-819b-f35c75e60002 from shelve: 7f000101-9bf3-1319-819b-f35c54120001
2026-01-30 20:31:03,449 [34mINFO [0;39m [[34mtomcat-handler-216[0;39m] [33m[XID:awebs3b8vn443w][0;39m [32mc.a.o.a.s.impl.SubjectServiceImpl[0;39m - Getting subject: 7f000101-9bf3-1319-819b-f35c75e60002 from shelf: 7f000101-9bf3-1319-819b-f35c54120001
2026-01-30 20:31:03,461 [34mINFO [0;39m [[34mtomcat-handler-217[0;39m] [33m[XID:awebfg1v4j9uk3v][0;39m [32mc.a.o.a.service.impl.CardServiceImpl[0;39m - Successfully retrieved 4 cards for subject: 7f000101-9bf3-1319-819b-f35c75e60002 (total: 4)
2026-01-30 20:31:03,466 [34mINFO [0;39m [[34mtomcat-handler-216[0;39m] [33m[XID:awebs3b8vn443w][0;39m [32mc.a.o.a.s.impl.SubjectServiceImpl[0;39m - Successfully retrieved subject: 7f000101-9bf3-1319-819b-f35c75e60002
2026-01-30 20:31:03,468 [34mINFO [0;39m [[34mtomcat-handler-217[0;39m] [33m[XID:awebfg1v4j9uk3v][0;39m [32mc.a.oopsly.api.config.LoggingConfig[0;39m - Request: GET /api/v1/oopsly/shelves/7f000101-9bf3-1319-819b-f35c54120001/subjects/7f000101-9bf3-1319-819b-f35c75e60002/cards | Status: 200 | 34 ms
2026-01-30 20:31:03,472 [34mINFO [0;39m [[34mtomcat-handler-216[0;39m] [33m[XID:awebs3b8vn443w][0;39m [32mc.a.oopsly.api.config.LoggingConfig[0;39m - Request: GET /api/v1/oopsly/shelves/7f000101-9bf3-1319-819b-f35c54120001/subjects/7f000101-9bf3-1319-819b-f35c75e60002 | Status: 200 | 38 ms
2026-01-30 20:31:10,253 [34mINFO [0;39m [[34mtomcat-handler-218[0;39m] [33m[XID:][0;39m [32mc.a.o.a.c.JwtAuthenticationFilter[0;39m - Filtering request: /api/v1/oopsly/shelves/7f000101-9bf3-1319-819b-f35c54120001/subjects/7f000101-9bf3-1319-819b-f35c75e60002
2026-01-30 20:31:10,253 [34mINFO [0;39m [[34mtomcat-handler-218[0;39m] [33m[XID:][0;39m [32mc.a.o.a.c.JwtAuthenticationFilter[0;39m - Attempting to authenticate using jwt
2026-01-30 20:31:10,254 [34mINFO [0;39m [[34mtomcat-handler-218[0;39m] [33m[XID:][0;39m [32mc.a.o.a.c.JwtAuthenticationFilter[0;39m - User 7f000101-9bf3-1319-819b-f35c1d640000 authenticated with role USER
2026-01-30 20:31:10,255 [34mINFO [0;39m [[34mtomcat-handler-219[0;39m] [33m[XID:][0;39m [32mc.a.o.a.c.JwtAuthenticationFilter[0;39m - Filtering request: /api/v1/oopsly/shelves/7f000101-9bf3-1319-819b-f35c54120001/subjects/7f000101-9bf3-1319-819b-f35c75e60002/cards
2026-01-30 20:31:10,255 [34mINFO [0;39m [[34mtomcat-handler-219[0;39m] [33m[XID:][0;39m [32mc.a.o.a.c.JwtAuthenticationFilter[0;39m - Attempting to authenticate using jwt
2026-01-30 20:31:10,256 [34mINFO [0;39m [[34mtomcat-handler-219[0;39m] [33m[XID:][0;39m [32mc.a.o.a.c.JwtAuthenticationFilter[0;39m - User 7f000101-9bf3-1319-819b-f35c1d640000 authenticated with role USER
2026-01-30 20:31:10,256 [34mINFO [0;39m [[34mtomcat-handler-218[0;39m] [33m[XID:awebixxm0ycuk5][0;39m [32mc.a.o.a.controller.SubjectController[0;39m - Getting subject: 7f000101-9bf3-1319-819b-f35c75e60002 from shelve: 7f000101-9bf3-1319-819b-f35c54120001
2026-01-30 20:31:10,257 [34mINFO [0;39m [[34mtomcat-handler-218[0;39m] [33m[XID:awebixxm0ycuk5][0;39m [32mc.a.o.a.s.impl.SubjectServiceImpl[0;39m - Getting subject: 7f000101-9bf3-1319-819b-f35c75e60002 from shelf: 7f000101-9bf3-1319-819b-f35c54120001
2026-01-30 20:31:10,261 [34mINFO [0;39m [[34mtomcat-handler-219[0;39m] [33m[XID:awebfgwvrtkupqp][0;39m [32mc.a.o.api.controller.CardController[0;39m - Getting all cards for subject: 7f000101-9bf3-1319-819b-f35c75e60002 in shelve: 7f000101-9bf3-1319-819b-f35c54120001 with page: 0 and size: 1000
2026-01-30 20:31:10,262 [34mINFO [0;39m [[34mtomcat-handler-219[0;39m] [33m[XID:awebfgwvrtkupqp][0;39m [32mc.a.o.a.service.impl.CardServiceImpl[0;39m - Getting all cards for subject: 7f000101-9bf3-1319-819b-f35c75e60002 in shelve: 7f000101-9bf3-1319-819b-f35c54120001 with page: 0 and size: 1000
2026-01-30 20:31:10,272 [34mINFO [0;39m [[34mtomcat-handler-218[0;39m] [33m[XID:awebixxm0ycuk5][0;39m [32mc.a.o.a.s.impl.SubjectServiceImpl[0;39m - Successfully retrieved subject: 7f000101-9bf3-1319-819b-f35c75e60002
2026-01-30 20:31:10,274 [34mINFO [0;39m [[34mtomcat-handler-218[0;39m] [33m[XID:awebixxm0ycuk5][0;39m [32mc.a.oopsly.api.config.LoggingConfig[0;39m - Request: GET /api/v1/oopsly/shelves/7f000101-9bf3-1319-819b-f35c54120001/subjects/7f000101-9bf3-1319-819b-f35c75e60002 | Status: 200 | 19 ms
2026-01-30 20:31:10,277 [34mINFO [0;39m [[34mtomcat-handler-219[0;39m] [33m[XID:awebfgwvrtkupqp][0;39m [32mc.a.o.a.service.impl.CardServiceImpl[0;39m - Successfully retrieved 4 cards for subject: 7f000101-9bf3-1319-819b-f35c75e60002 (total: 4)
2026-01-30 20:31:10,280 [34mINFO [0;39m [[34mtomcat-handler-219[0;39m] [33m[XID:awebfgwvrtkupqp][0;39m [32mc.a.oopsly.api.config.LoggingConfig[0;39m - Request: GET /api/v1/oopsly/shelves/7f000101-9bf3-1319-819b-f35c54120001/subjects/7f000101-9bf3-1319-819b-f35c75e60002/cards | Status: 200 | 23 ms
2026-01-30 20:31:12,236 [34mINFO [0;39m [[34mtomcat-handler-220[0;39m] [33m[XID:][0;39m [32mc.a.o.a.c.JwtAuthenticationFilter[0;39m - Filtering request: /api/v1/oopsly/shelves/7f000101-9bf3-1319-819b-f35c54120001/subjects/7f000101-9bf3-1319-819b-f35c75e60002
2026-01-30 20:31:12,236 [34mINFO [0;39m [[34mtomcat-handler-220[0;39m] [33m[XID:][0;39m [32mc.a.o.a.c.JwtAuthenticationFilter[0;39m - Attempting to authenticate using jwt
2026-01-30 20:31:12,236 [34mINFO [0;39m [[34mtomcat-handler-221[0;39m] [33m[XID:][0;39m [32mc.a.o.a.c.JwtAuthenticationFilter[0;39m - Filtering request: /api/v1/oopsly/shelves/7f000101-9bf3-1319-819b-f35c54120001/subjects/7f000101-9bf3-1319-819b-f35c75e60002/cards
2026-01-30 20:31:12,236 [34mINFO [0;39m [[34mtomcat-handler-221[0;39m] [33m[XID:][0;39m [32mc.a.o.a.c.JwtAuthenticationFilter[0;39m - Attempting to authenticate using jwt
2026-01-30 20:31:12,237 [34mINFO [0;39m [[34mtomcat-handler-220[0;39m] [33m[XID:][0;39m [32mc.a.o.a.c.JwtAuthenticationFilter[0;39m - User 7f000101-9bf3-1319-819b-f35c1d640000 authenticated with role USER
2026-01-30 20:31:12,237 [34mINFO [0;39m [[34mtomcat-handler-221[0;39m] [33m[XID:][0;39m [32mc.a.o.a.c.JwtAuthenticationFilter[0;39m - User 7f000101-9bf3-1319-819b-f35c1d640000 authenticated with role USER
2026-01-30 20:31:12,239 [34mINFO [0;39m [[34mtomcat-handler-220[0;39m] [33m[XID:awebegag7xmaob6][0;39m [32mc.a.o.a.controller.SubjectController[0;39m - Getting subject: 7f000101-9bf3-1319-819b-f35c75e60002 from shelve: 7f000101-9bf3-1319-819b-f35c54120001
2026-01-30 20:31:12,239 [34mINFO [0;39m [[34mtomcat-handler-220[0;39m] [33m[XID:awebegag7xmaob6][0;39m [32mc.a.o.a.s.impl.SubjectServiceImpl[0;39m - Getting subject: 7f000101-9bf3-1319-819b-f35c75e60002 from shelf: 7f000101-9bf3-1319-819b-f35c54120001
2026-01-30 20:31:12,239 [34mINFO [0;39m [[34mtomcat-handler-221[0;39m] [33m[XID:aweb6ywel9cjv1s][0;39m [32mc.a.o.api.controller.CardController[0;39m - Getting all cards for subject: 7f000101-9bf3-1319-819b-f35c75e60002 in shelve: 7f000101-9bf3-1319-819b-f35c54120001 with page: 0 and size: 1000
2026-01-30 20:31:12,240 [34mINFO [0;39m [[34mtomcat-handler-221[0;39m] [33m[XID:aweb6ywel9cjv1s][0;39m [32mc.a.o.a.service.impl.CardServiceImpl[0;39m - Getting all cards for subject: 7f000101-9bf3-1319-819b-f35c75e60002 in shelve: 7f000101-9bf3-1319-819b-f35c54120001 with page: 0 and size: 1000
2026-01-30 20:31:12,244 [34mINFO [0;39m [[34mtomcat-handler-220[0;39m] [33m[XID:awebegag7xmaob6][0;39m [32mc.a.o.a.s.impl.SubjectServiceImpl[0;39m - Successfully retrieved subject: 7f000101-9bf3-1319-819b-f35c75e60002
2026-01-30 20:31:12,246 [34mINFO [0;39m [[34mtomcat-handler-221[0;39m] [33m[XID:aweb6ywel9cjv1s][0;39m [32mc.a.o.a.service.impl.CardServiceImpl[0;39m - Successfully retrieved 4 cards for subject: 7f000101-9bf3-1319-819b-f35c75e60002 (total: 4)
2026-01-30 20:31:12,246 [34mINFO [0;39m [[34mtomcat-handler-220[0;39m] [33m[XID:awebegag7xmaob6][0;39m [32mc.a.oopsly.api.config.LoggingConfig[0;39m - Request: GET /api/v1/oopsly/shelves/7f000101-9bf3-1319-819b-f35c54120001/subjects/7f000101-9bf3-1319-819b-f35c75e60002 | Status: 200 | 9 ms
2026-01-30 20:31:12,250 [34mINFO [0;39m [[34mtomcat-handler-221[0;39m] [33m[XID:aweb6ywel9cjv1s][0;39m [32mc.a.oopsly.api.config.LoggingConfig[0;39m - Request: GET /api/v1/oopsly/shelves/7f000101-9bf3-1319-819b-f35c54120001/subjects/7f000101-9bf3-1319-819b-f35c75e60002/cards | Status: 200 | 12 ms
2026-01-30 20:31:16,068 [34mINFO [0;39m [[34mtomcat-handler-222[0;39m] [33m[XID:][0;39m [32mc.a.o.a.c.JwtAuthenticationFilter[0;39m - Filtering request: /api/v1/oopsly/shelves/7f000101-9bf3-1319-819b-f35c54120001/subjects/7f000101-9bf3-1319-819b-f35c75e60002
2026-01-30 20:31:16,068 [34mINFO [0;39m [[34mtomcat-handler-222[0;39m] [33m[XID:][0;39m [32mc.a.o.a.c.JwtAuthenticationFilter[0;39m - Attempting to authenticate using jwt
2026-01-30 20:31:16,070 [34mINFO [0;39m [[34mtomcat-handler-222[0;39m] [33m[XID:][0;39m [32mc.a.o.a.c.JwtAuthenticationFilter[0;39m - User 7f000101-9bf3-1319-819b-f35c1d640000 authenticated with role USER
2026-01-30 20:31:16,070 [34mINFO [0;39m [[34mtomcat-handler-223[0;39m] [33m[XID:][0;39m [32mc.a.o.a.c.JwtAuthenticationFilter[0;39m - Filtering request: /api/v1/oopsly/shelves/7f000101-9bf3-1319-819b-f35c54120001/subjects/7f000101-9bf3-1319-819b-f35c75e60002/cards
2026-01-30 20:31:16,070 [34mINFO [0;39m [[34mtomcat-handler-223[0;39m] [33m[XID:][0;39m [32mc.a.o.a.c.JwtAuthenticationFilter[0;39m - Attempting to authenticate using jwt
2026-01-30 20:31:16,072 [34mINFO [0;39m [[34mtomcat-handler-223[0;39m] [33m[XID:][0;39m [32mc.a.o.a.c.JwtAuthenticationFilter[0;39m - User 7f000101-9bf3-1319-819b-f35c1d640000 authenticated with role USER
2026-01-30 20:31:16,072 [34mINFO [0;39m [[34mtomcat-handler-222[0;39m] [33m[XID:awebgk8h2nylkvv][0;39m [32mc.a.o.a.controller.SubjectController[0;39m - Getting subject: 7f000101-9bf3-1319-819b-f35c75e60002 from shelve: 7f000101-9bf3-1319-819b-f35c54120001
2026-01-30 20:31:16,072 [34mINFO [0;39m [[34mtomcat-handler-222[0;39m] [33m[XID:awebgk8h2nylkvv][0;39m [32mc.a.o.a.s.impl.SubjectServiceImpl[0;39m - Getting subject: 7f000101-9bf3-1319-819b-f35c75e60002 from shelf: 7f000101-9bf3-1319-819b-f35c54120001
2026-01-30 20:31:16,074 [34mINFO [0;39m [[34mtomcat-handler-223[0;39m] [33m[XID:aweb3lrcfr93nan][0;39m [32mc.a.o.api.controller.CardController[0;39m - Getting all cards for subject: 7f000101-9bf3-1319-819b-f35c75e60002 in shelve: 7f000101-9bf3-1319-819b-f35c54120001 with page: 0 and size: 1000
2026-01-30 20:31:16,074 [34mINFO [0;39m [[34mtomcat-handler-223[0;39m] [33m[XID:aweb3lrcfr93nan][0;39m [32mc.a.o.a.service.impl.CardServiceImpl[0;39m - Getting all cards for subject: 7f000101-9bf3-1319-819b-f35c75e60002 in shelve: 7f000101-9bf3-1319-819b-f35c54120001 with page: 0 and size: 1000
2026-01-30 20:31:16,076 [34mINFO [0;39m [[34mtomcat-handler-222[0;39m] [33m[XID:awebgk8h2nylkvv][0;39m [32mc.a.o.a.s.impl.SubjectServiceImpl[0;39m - Successfully retrieved subject: 7f000101-9bf3-1319-819b-f35c75e60002
2026-01-30 20:31:16,079 [34mINFO [0;39m [[34mtomcat-handler-222[0;39m] [33m[XID:awebgk8h2nylkvv][0;39m [32mc.a.oopsly.api.config.LoggingConfig[0;39m - Request: GET /api/v1/oopsly/shelves/7f000101-9bf3-1319-819b-f35c54120001/subjects/7f000101-9bf3-1319-819b-f35c75e60002 | Status: 200 | 9 ms
2026-01-30 20:31:16,086 [34mINFO [0;39m [[34mtomcat-handler-223[0;39m] [33m[XID:aweb3lrcfr93nan][0;39m [32mc.a.o.a.service.impl.CardServiceImpl[0;39m - Successfully retrieved 4 cards for subject: 7f000101-9bf3-1319-819b-f35c75e60002 (total: 4)
2026-01-30 20:31:16,088 [34mINFO [0;39m [[34mtomcat-handler-223[0;39m] [33m[XID:aweb3lrcfr93nan][0;39m [32mc.a.oopsly.api.config.LoggingConfig[0;39m - Request: GET /api/v1/oopsly/shelves/7f000101-9bf3-1319-819b-f35c54120001/subjects/7f000101-9bf3-1319-819b-f35c75e60002/cards | Status: 200 | 16 ms
2026-01-30 20:31:19,981 [34mINFO [0;39m [[34mtomcat-handler-224[0;39m] [33m[XID:][0;39m [32mc.a.o.a.c.JwtAuthenticationFilter[0;39m - Filtering request: /api/v1/oopsly/shelves/7f000101-9bf3-1319-819b-f35c54120001/subjects/7f000101-9bf3-1319-819b-f35c75e60002
2026-01-30 20:31:19,981 [34mINFO [0;39m [[34mtomcat-handler-225[0;39m] [33m[XID:][0;39m [32mc.a.o.a.c.JwtAuthenticationFilter[0;39m - Filtering request: /api/v1/oopsly/shelves/7f000101-9bf3-1319-819b-f35c54120001/subjects/7f000101-9bf3-1319-819b-f35c75e60002/cards
2026-01-30 20:31:19,981 [34mINFO [0;39m [[34mtomcat-handler-224[0;39m] [33m[XID:][0;39m [32mc.a.o.a.c.JwtAuthenticationFilter[0;39m - Attempting to authenticate using jwt
2026-01-30 20:31:19,981 [34mINFO [0;39m [[34mtomcat-handler-225[0;39m] [33m[XID:][0;39m [32mc.a.o.a.c.JwtAuthenticationFilter[0;39m - Attempting to authenticate using jwt
2026-01-30 20:31:19,991 [34mINFO [0;39m [[34mtomcat-handler-224[0;39m] [33m[XID:][0;39m [32mc.a.o.a.c.JwtAuthenticationFilter[0;39m - User 7f000101-9bf3-1319-819b-f35c1d640000 authenticated with role USER
2026-01-30 20:31:19,991 [34mINFO [0;39m [[34mtomcat-handler-225[0;39m] [33m[XID:][0;39m [32mc.a.o.a.c.JwtAuthenticationFilter[0;39m - User 7f000101-9bf3-1319-819b-f35c1d640000 authenticated with role USER
2026-01-30 20:31:19,993 [34mINFO [0;39m [[34mtomcat-handler-224[0;39m] [33m[XID:aweb5ntrujvxqyr][0;39m [32mc.a.o.a.controller.SubjectController[0;39m - Getting subject: 7f000101-9bf3-1319-819b-f35c75e60002 from shelve: 7f000101-9bf3-1319-819b-f35c54120001
2026-01-30 20:31:19,994 [34mINFO [0;39m [[34mtomcat-handler-225[0;39m] [33m[XID:awebmnpgu8mcrtl][0;39m [32mc.a.o.api.controller.CardController[0;39m - Getting all cards for subject: 7f000101-9bf3-1319-819b-f35c75e60002 in shelve: 7f000101-9bf3-1319-819b-f35c54120001 with page: 0 and size: 1000
2026-01-30 20:31:19,994 [34mINFO [0;39m [[34mtomcat-handler-224[0;39m] [33m[XID:aweb5ntrujvxqyr][0;39m [32mc.a.o.a.s.impl.SubjectServiceImpl[0;39m - Getting subject: 7f000101-9bf3-1319-819b-f35c75e60002 from shelf: 7f000101-9bf3-1319-819b-f35c54120001
2026-01-30 20:31:19,994 [34mINFO [0;39m [[34mtomcat-handler-225[0;39m] [33m[XID:awebmnpgu8mcrtl][0;39m [32mc.a.o.a.service.impl.CardServiceImpl[0;39m - Getting all cards for subject: 7f000101-9bf3-1319-819b-f35c75e60002 in shelve: 7f000101-9bf3-1319-819b-f35c54120001 with page: 0 and size: 1000
2026-01-30 20:31:20,000 [34mINFO [0;39m [[34mtomcat-handler-224[0;39m] [33m[XID:aweb5ntrujvxqyr][0;39m [32mc.a.o.a.s.impl.SubjectServiceImpl[0;39m - Successfully retrieved subject: 7f000101-9bf3-1319-819b-f35c75e60002
2026-01-30 20:31:20,002 [34mINFO [0;39m [[34mtomcat-handler-224[0;39m] [33m[XID:aweb5ntrujvxqyr][0;39m [32mc.a.oopsly.api.config.LoggingConfig[0;39m - Request: GET /api/v1/oopsly/shelves/7f000101-9bf3-1319-819b-f35c54120001/subjects/7f000101-9bf3-1319-819b-f35c75e60002 | Status: 200 | 11 ms
2026-01-30 20:31:20,014 [34mINFO [0;39m [[34mtomcat-handler-225[0;39m] [33m[XID:awebmnpgu8mcrtl][0;39m [32mc.a.o.a.service.impl.CardServiceImpl[0;39m - Successfully retrieved 4 cards for subject: 7f000101-9bf3-1319-819b-f35c75e60002 (total: 4)
2026-01-30 20:31:20,017 [34mINFO [0;39m [[34mtomcat-handler-225[0;39m] [33m[XID:awebmnpgu8mcrtl][0;39m [32mc.a.oopsly.api.config.LoggingConfig[0;39m - Request: GET /api/v1/oopsly/shelves/7f000101-9bf3-1319-819b-f35c54120001/subjects/7f000101-9bf3-1319-819b-f35c75e60002/cards | Status: 200 | 26 ms
2026-01-30 20:31:51,019 [34mINFO [0;39m [[34mtomcat-handler-226[0;39m] [33m[XID:][0;39m [32mc.a.o.a.c.JwtAuthenticationFilter[0;39m - Filtering request: /api/v1/oopsly/shelves/7f000101-9bf3-1319-819b-f35c54120001/subjects/7f000101-9bf3-1319-819b-f35c75e60002
2026-01-30 20:31:51,020 [34mINFO [0;39m [[34mtomcat-handler-227[0;39m] [33m[XID:][0;39m [32mc.a.o.a.c.JwtAuthenticationFilter[0;39m - Filtering request: /api/v1/oopsly/shelves/7f000101-9bf3-1319-819b-f35c54120001/subjects/7f000101-9bf3-1319-819b-f35c75e60002/cards
2026-01-30 20:31:51,020 [34mINFO [0;39m [[34mtomcat-handler-226[0;39m] [33m[XID:][0;39m [32mc.a.o.a.c.JwtAuthenticationFilter[0;39m - Attempting to authenticate using jwt
2026-01-30 20:31:51,020 [34mINFO [0;39m [[34mtomcat-handler-227[0;39m] [33m[XID:][0;39m [32mc.a.o.a.c.JwtAuthenticationFilter[0;39m - Attempting to authenticate using jwt
2026-01-30 20:31:51,022 [34mINFO [0;39m [[34mtomcat-handler-227[0;39m] [33m[XID:][0;39m [32mc.a.o.a.c.JwtAuthenticationFilter[0;39m - User 7f000101-9bf3-1319-819b-f35c1d640000 authenticated with role USER
2026-01-30 20:31:51,023 [34mINFO [0;39m [[34mtomcat-handler-226[0;39m] [33m[XID:][0;39m [32mc.a.o.a.c.JwtAuthenticationFilter[0;39m - User 7f000101-9bf3-1319-819b-f35c1d640000 authenticated with role USER
2026-01-30 20:31:51,025 [34mINFO [0;39m [[34mtomcat-handler-226[0;39m] [33m[XID:awebyrz6x9tq7mc][0;39m [32mc.a.o.a.controller.SubjectController[0;39m - Getting subject: 7f000101-9bf3-1319-819b-f35c75e60002 from shelve: 7f000101-9bf3-1319-819b-f35c54120001
2026-01-30 20:31:51,025 [34mINFO [0;39m [[34mtomcat-handler-226[0;39m] [33m[XID:awebyrz6x9tq7mc][0;39m [32mc.a.o.a.s.impl.SubjectServiceImpl[0;39m - Getting subject: 7f000101-9bf3-1319-819b-f35c75e60002 from shelf: 7f000101-9bf3-1319-819b-f35c54120001
2026-01-30 20:31:51,026 [34mINFO [0;39m [[34mtomcat-handler-227[0;39m] [33m[XID:awebqqn1764m28a][0;39m [32mc.a.o.api.controller.CardController[0;39m - Getting all cards for subject: 7f000101-9bf3-1319-819b-f35c75e60002 in shelve: 7f000101-9bf3-1319-819b-f35c54120001 with page: 0 and size: 1000
2026-01-30 20:31:51,027 [34mINFO [0;39m [[34mtomcat-handler-227[0;39m] [33m[XID:awebqqn1764m28a][0;39m [32mc.a.o.a.service.impl.CardServiceImpl[0;39m - Getting all cards for subject: 7f000101-9bf3-1319-819b-f35c75e60002 in shelve: 7f000101-9bf3-1319-819b-f35c54120001 with page: 0 and size: 1000
2026-01-30 20:31:51,030 [34mINFO [0;39m [[34mtomcat-handler-226[0;39m] [33m[XID:awebyrz6x9tq7mc][0;39m [32mc.a.o.a.s.impl.SubjectServiceImpl[0;39m - Successfully retrieved subject: 7f000101-9bf3-1319-819b-f35c75e60002
2026-01-30 20:31:51,032 [34mINFO [0;39m [[34mtomcat-handler-226[0;39m] [33m[XID:awebyrz6x9tq7mc][0;39m [32mc.a.oopsly.api.config.LoggingConfig[0;39m - Request: GET /api/v1/oopsly/shelves/7f000101-9bf3-1319-819b-f35c54120001/subjects/7f000101-9bf3-1319-819b-f35c75e60002 | Status: 200 | 8 ms
2026-01-30 20:31:51,035 [34mINFO [0;39m [[34mtomcat-handler-227[0;39m] [33m[XID:awebqqn1764m28a][0;39m [32mc.a.o.a.service.impl.CardServiceImpl[0;39m - Successfully retrieved 4 cards for subject: 7f000101-9bf3-1319-819b-f35c75e60002 (total: 4)
2026-01-30 20:31:51,037 [34mINFO [0;39m [[34mtomcat-handler-227[0;39m] [33m[XID:awebqqn1764m28a][0;39m [32mc.a.oopsly.api.config.LoggingConfig[0;39m - Request: GET /api/v1/oopsly/shelves/7f000101-9bf3-1319-819b-f35c54120001/subjects/7f000101-9bf3-1319-819b-f35c75e60002/cards | Status: 200 | 15 ms
2026-01-30 20:32:06,550 [34mINFO [0;39m [[34mtomcat-handler-228[0;39m] [33m[XID:][0;39m [32mc.a.o.a.c.JwtAuthenticationFilter[0;39m - Filtering request: /api/v1/oopsly/shelves/7f000101-9bf3-1319-819b-f35c54120001/subjects/7f000101-9bf3-1319-819b-f35c75e60002
2026-01-30 20:32:06,550 [34mINFO [0;39m [[34mtomcat-handler-228[0;39m] [33m[XID:][0;39m [32mc.a.o.a.c.JwtAuthenticationFilter[0;39m - Attempting to authenticate using jwt
2026-01-30 20:32:06,551 [34mINFO [0;39m [[34mtomcat-handler-228[0;39m] [33m[XID:][0;39m [32mc.a.o.a.c.JwtAuthenticationFilter[0;39m - User 7f000101-9bf3-1319-819b-f35c1d640000 authenticated with role USER
2026-01-30 20:32:06,551 [34mINFO [0;39m [[34mtomcat-handler-229[0;39m] [33m[XID:][0;39m [32mc.a.o.a.c.JwtAuthenticationFilter[0;39m - Filtering request: /api/v1/oopsly/shelves/7f000101-9bf3-1319-819b-f35c54120001/subjects/7f000101-9bf3-1319-819b-f35c75e60002/cards
2026-01-30 20:32:06,551 [34mINFO [0;39m [[34mtomcat-handler-229[0;39m] [33m[XID:][0;39m [32mc.a.o.a.c.JwtAuthenticationFilter[0;39m - Attempting to authenticate using jwt
2026-01-30 20:32:06,552 [34mINFO [0;39m [[34mtomcat-handler-228[0;39m] [33m[XID:aweblt9elqykw0n][0;39m [32mc.a.o.a.controller.SubjectController[0;39m - Getting subject: 7f000101-9bf3-1319-819b-f35c75e60002 from shelve: 7f000101-9bf3-1319-819b-f35c54120001
2026-01-30 20:32:06,553 [34mINFO [0;39m [[34mtomcat-handler-229[0;39m] [33m[XID:][0;39m [32mc.a.o.a.c.JwtAuthenticationFilter[0;39m - User 7f000101-9bf3-1319-819b-f35c1d640000 authenticated with role USER
2026-01-30 20:32:06,555 [34mINFO [0;39m [[34mtomcat-handler-229[0;39m] [33m[XID:awebhhcoezb4su6][0;39m [32mc.a.o.api.controller.CardController[0;39m - Getting all cards for subject: 7f000101-9bf3-1319-819b-f35c75e60002 in shelve: 7f000101-9bf3-1319-819b-f35c54120001 with page: 0 and size: 1000
2026-01-30 20:32:06,560 [34mINFO [0;39m [[34mtomcat-handler-229[0;39m] [33m[XID:awebhhcoezb4su6][0;39m [32mc.a.o.a.service.impl.CardServiceImpl[0;39m - Getting all cards for subject: 7f000101-9bf3-1319-819b-f35c75e60002 in shelve: 7f000101-9bf3-1319-819b-f35c54120001 with page: 0 and size: 1000
2026-01-30 20:32:06,564 [34mINFO [0;39m [[34mtomcat-handler-228[0;39m] [33m[XID:aweblt9elqykw0n][0;39m [32mc.a.o.a.s.impl.SubjectServiceImpl[0;39m - Getting subject: 7f000101-9bf3-1319-819b-f35c75e60002 from shelf: 7f000101-9bf3-1319-819b-f35c54120001
2026-01-30 20:32:06,574 [34mINFO [0;39m [[34mtomcat-handler-229[0;39m] [33m[XID:awebhhcoezb4su6][0;39m [32mc.a.o.a.service.impl.CardServiceImpl[0;39m - Successfully retrieved 4 cards for subject: 7f000101-9bf3-1319-819b-f35c75e60002 (total: 4)
2026-01-30 20:32:06,576 [34mINFO [0;39m [[34mtomcat-handler-228[0;39m] [33m[XID:aweblt9elqykw0n][0;39m [32mc.a.o.a.s.impl.SubjectServiceImpl[0;39m - Successfully retrieved subject: 7f000101-9bf3-1319-819b-f35c75e60002
2026-01-30 20:32:06,576 [34mINFO [0;39m [[34mtomcat-handler-229[0;39m] [33m[XID:awebhhcoezb4su6][0;39m [32mc.a.oopsly.api.config.LoggingConfig[0;39m - Request: GET /api/v1/oopsly/shelves/7f000101-9bf3-1319-819b-f35c54120001/subjects/7f000101-9bf3-1319-819b-f35c75e60002/cards | Status: 200 | 23 ms
2026-01-30 20:32:06,580 [34mINFO [0;39m [[34mtomcat-handler-228[0;39m] [33m[XID:aweblt9elqykw0n][0;39m [32mc.a.oopsly.api.config.LoggingConfig[0;39m - Request: GET /api/v1/oopsly/shelves/7f000101-9bf3-1319-819b-f35c54120001/subjects/7f000101-9bf3-1319-819b-f35c75e60002 | Status: 200 | 29 ms
2026-01-30 20:32:37,617 [34mINFO [0;39m [[34mtomcat-handler-230[0;39m] [33m[XID:][0;39m [32mc.a.o.a.c.JwtAuthenticationFilter[0;39m - Filtering request: /api/v1/oopsly/shelves/7f000101-9bf3-1319-819b-f35c54120001/subjects/7f000101-9bf3-1319-819b-f35c75e60002
2026-01-30 20:32:37,617 [34mINFO [0;39m [[34mtomcat-handler-231[0;39m] [33m[XID:][0;39m [32mc.a.o.a.c.JwtAuthenticationFilter[0;39m - Filtering request: /api/v1/oopsly/shelves/7f000101-9bf3-1319-819b-f35c54120001/subjects/7f000101-9bf3-1319-819b-f35c75e60002/cards
2026-01-30 20:32:37,617 [34mINFO [0;39m [[34mtomcat-handler-230[0;39m] [33m[XID:][0;39m [32mc.a.o.a.c.JwtAuthenticationFilter[0;39m - Attempting to authenticate using jwt
2026-01-30 20:32:37,618 [34mINFO [0;39m [[34mtomcat-handler-231[0;39m] [33m[XID:][0;39m [32mc.a.o.a.c.JwtAuthenticationFilter[0;39m - Attempting to authenticate using jwt
2026-01-30 20:32:37,619 [34mINFO [0;39m [[34mtomcat-handler-231[0;39m] [33m[XID:][0;39m [32mc.a.o.a.c.JwtAuthenticationFilter[0;39m - User 7f000101-9bf3-1319-819b-f35c1d640000 authenticated with role USER
2026-01-30 20:32:37,619 [34mINFO [0;39m [[34mtomcat-handler-230[0;39m] [33m[XID:][0;39m [32mc.a.o.a.c.JwtAuthenticationFilter[0;39m - User 7f000101-9bf3-1319-819b-f35c1d640000 authenticated with role USER
2026-01-30 20:32:37,621 [34mINFO [0;39m [[34mtomcat-handler-230[0;39m] [33m[XID:aweb99ly66ajnef][0;39m [32mc.a.o.a.controller.SubjectController[0;39m - Getting subject: 7f000101-9bf3-1319-819b-f35c75e60002 from shelve: 7f000101-9bf3-1319-819b-f35c54120001
2026-01-30 20:32:37,622 [34mINFO [0;39m [[34mtomcat-handler-230[0;39m] [33m[XID:aweb99ly66ajnef][0;39m [32mc.a.o.a.s.impl.SubjectServiceImpl[0;39m - Getting subject: 7f000101-9bf3-1319-819b-f35c75e60002 from shelf: 7f000101-9bf3-1319-819b-f35c54120001
2026-01-30 20:32:37,622 [34mINFO [0;39m [[34mtomcat-handler-231[0;39m] [33m[XID:awebwf83l8sau8b][0;39m [32mc.a.o.api.controller.CardController[0;39m - Getting all cards for subject: 7f000101-9bf3-1319-819b-f35c75e60002 in shelve: 7f000101-9bf3-1319-819b-f35c54120001 with page: 0 and size: 1000
2026-01-30 20:32:37,622 [34mINFO [0;39m [[34mtomcat-handler-231[0;39m] [33m[XID:awebwf83l8sau8b][0;39m [32mc.a.o.a.service.impl.CardServiceImpl[0;39m - Getting all cards for subject: 7f000101-9bf3-1319-819b-f35c75e60002 in shelve: 7f000101-9bf3-1319-819b-f35c54120001 with page: 0 and size: 1000
2026-01-30 20:32:37,627 [34mINFO [0;39m [[34mtomcat-handler-230[0;39m] [33m[XID:aweb99ly66ajnef][0;39m [32mc.a.o.a.s.impl.SubjectServiceImpl[0;39m - Successfully retrieved subject: 7f000101-9bf3-1319-819b-f35c75e60002
2026-01-30 20:32:37,630 [34mINFO [0;39m [[34mtomcat-handler-231[0;39m] [33m[XID:awebwf83l8sau8b][0;39m [32mc.a.o.a.service.impl.CardServiceImpl[0;39m - Successfully retrieved 4 cards for subject: 7f000101-9bf3-1319-819b-f35c75e60002 (total: 4)
2026-01-30 20:32:37,630 [34mINFO [0;39m [[34mtomcat-handler-230[0;39m] [33m[XID:aweb99ly66ajnef][0;39m [32mc.a.oopsly.api.config.LoggingConfig[0;39m - Request: GET /api/v1/oopsly/shelves/7f000101-9bf3-1319-819b-f35c54120001/subjects/7f000101-9bf3-1319-819b-f35c75e60002 | Status: 200 | 10 ms
2026-01-30 20:32:37,632 [34mINFO [0;39m [[34mtomcat-handler-231[0;39m] [33m[XID:awebwf83l8sau8b][0;39m [32mc.a.oopsly.api.config.LoggingConfig[0;39m - Request: GET /api/v1/oopsly/shelves/7f000101-9bf3-1319-819b-f35c54120001/subjects/7f000101-9bf3-1319-819b-f35c75e60002/cards | Status: 200 | 12 ms
2026-01-30 20:32:41,496 [34mINFO [0;39m [[34mtomcat-handler-232[0;39m] [33m[XID:][0;39m [32mc.a.o.a.c.JwtAuthenticationFilter[0;39m - Filtering request: /api/v1/oopsly/shelves/7f000101-9bf3-1319-819b-f35c54120001/subjects/7f000101-9bf3-1319-819b-f35c75e60002
2026-01-30 20:32:41,497 [34mINFO [0;39m [[34mtomcat-handler-232[0;39m] [33m[XID:][0;39m [32mc.a.o.a.c.JwtAuthenticationFilter[0;39m - Attempting to authenticate using jwt
2026-01-30 20:32:41,498 [34mINFO [0;39m [[34mtomcat-handler-232[0;39m] [33m[XID:][0;39m [32mc.a.o.a.c.JwtAuthenticationFilter[0;39m - User 7f000101-9bf3-1319-819b-f35c1d640000 authenticated with role USER
2026-01-30 20:32:41,500 [34mINFO [0;39m [[34mtomcat-handler-232[0;39m] [33m[XID:aweb3xuctu7ylk3][0;39m [32mc.a.o.a.controller.SubjectController[0;39m - Getting subject: 7f000101-9bf3-1319-819b-f35c75e60002 from shelve: 7f000101-9bf3-1319-819b-f35c54120001
2026-01-30 20:32:41,500 [34mINFO [0;39m [[34mtomcat-handler-232[0;39m] [33m[XID:aweb3xuctu7ylk3][0;39m [32mc.a.o.a.s.impl.SubjectServiceImpl[0;39m - Getting subject: 7f000101-9bf3-1319-819b-f35c75e60002 from shelf: 7f000101-9bf3-1319-819b-f35c54120001
2026-01-30 20:32:41,501 [34mINFO [0;39m [[34mtomcat-handler-233[0;39m] [33m[XID:][0;39m [32mc.a.o.a.c.JwtAuthenticationFilter[0;39m - Filtering request: /api/v1/oopsly/shelves/7f000101-9bf3-1319-819b-f35c54120001/subjects/7f000101-9bf3-1319-819b-f35c75e60002/cards
2026-01-30 20:32:41,501 [34mINFO [0;39m [[34mtomcat-handler-233[0;39m] [33m[XID:][0;39m [32mc.a.o.a.c.JwtAuthenticationFilter[0;39m - Attempting to authenticate using jwt
2026-01-30 20:32:41,502 [34mINFO [0;39m [[34mtomcat-handler-233[0;39m] [33m[XID:][0;39m [32mc.a.o.a.c.JwtAuthenticationFilter[0;39m - User 7f000101-9bf3-1319-819b-f35c1d640000 authenticated with role USER
2026-01-30 20:32:41,505 [34mINFO [0;39m [[34mtomcat-handler-232[0;39m] [33m[XID:aweb3xuctu7ylk3][0;39m [32mc.a.o.a.s.impl.SubjectServiceImpl[0;39m - Successfully retrieved subject: 7f000101-9bf3-1319-819b-f35c75e60002
2026-01-30 20:32:41,510 [34mINFO [0;39m [[34mtomcat-handler-233[0;39m] [33m[XID:aweb4lxk5ofp4ho][0;39m [32mc.a.o.api.controller.CardController[0;39m - Getting all cards for subject: 7f000101-9bf3-1319-819b-f35c75e60002 in shelve: 7f000101-9bf3-1319-819b-f35c54120001 with page: 0 and size: 1000
2026-01-30 20:32:41,510 [34mINFO [0;39m [[34mtomcat-handler-233[0;39m] [33m[XID:aweb4lxk5ofp4ho][0;39m [32mc.a.o.a.service.impl.CardServiceImpl[0;39m - Getting all cards for subject: 7f000101-9bf3-1319-819b-f35c75e60002 in shelve: 7f000101-9bf3-1319-819b-f35c54120001 with page: 0 and size: 1000
2026-01-30 20:32:41,514 [34mINFO [0;39m [[34mtomcat-handler-232[0;39m] [33m[XID:aweb3xuctu7ylk3][0;39m [32mc.a.oopsly.api.config.LoggingConfig[0;39m - Request: GET /api/v1/oopsly/shelves/7f000101-9bf3-1319-819b-f35c54120001/subjects/7f000101-9bf3-1319-819b-f35c75e60002 | Status: 200 | 16 ms
2026-01-30 20:32:41,518 [34mINFO [0;39m [[34mtomcat-handler-233[0;39m] [33m[XID:aweb4lxk5ofp4ho][0;39m [32mc.a.o.a.service.impl.CardServiceImpl[0;39m - Successfully retrieved 4 cards for subject: 7f000101-9bf3-1319-819b-f35c75e60002 (total: 4)
2026-01-30 20:32:41,525 [34mINFO [0;39m [[34mtomcat-handler-233[0;39m] [33m[XID:aweb4lxk5ofp4ho][0;39m [32mc.a.oopsly.api.config.LoggingConfig[0;39m - Request: GET /api/v1/oopsly/shelves/7f000101-9bf3-1319-819b-f35c54120001/subjects/7f000101-9bf3-1319-819b-f35c75e60002/cards | Status: 200 | 22 ms
2026-01-30 20:32:43,552 [34mINFO [0;39m [[34mtomcat-handler-234[0;39m] [33m[XID:][0;39m [32mc.a.o.a.c.JwtAuthenticationFilter[0;39m - Filtering request: /api/v1/oopsly/shelves/7f000101-9bf3-1319-819b-f35c54120001/subjects/7f000101-9bf3-1319-819b-f35c75e60002
2026-01-30 20:32:43,552 [34mINFO [0;39m [[34mtomcat-handler-235[0;39m] [33m[XID:][0;39m [32mc.a.o.a.c.JwtAuthenticationFilter[0;39m - Filtering request: /api/v1/oopsly/shelves/7f000101-9bf3-1319-819b-f35c54120001/subjects/7f000101-9bf3-1319-819b-f35c75e60002/cards
2026-01-30 20:32:43,553 [34mINFO [0;39m [[34mtomcat-handler-234[0;39m] [33m[XID:][0;39m [32mc.a.o.a.c.JwtAuthenticationFilter[0;39m - Attempting to authenticate using jwt
2026-01-30 20:32:43,553 [34mINFO [0;39m [[34mtomcat-handler-235[0;39m] [33m[XID:][0;39m [32mc.a.o.a.c.JwtAuthenticationFilter[0;39m - Attempting to authenticate using jwt
2026-01-30 20:32:43,553 [34mINFO [0;39m [[34mtomcat-handler-234[0;39m] [33m[XID:][0;39m [32mc.a.o.a.c.JwtAuthenticationFilter[0;39m - User 7f000101-9bf3-1319-819b-f35c1d640000 authenticated with role USER
2026-01-30 20:32:43,553 [34mINFO [0;39m [[34mtomcat-handler-235[0;39m] [33m[XID:][0;39m [32mc.a.o.a.c.JwtAuthenticationFilter[0;39m - User 7f000101-9bf3-1319-819b-f35c1d640000 authenticated with role USER
2026-01-30 20:32:43,555 [34mINFO [0;39m [[34mtomcat-handler-234[0;39m] [33m[XID:awebuz43oa9irfd][0;39m [32mc.a.o.a.controller.SubjectController[0;39m - Getting subject: 7f000101-9bf3-1319-819b-f35c75e60002 from shelve: 7f000101-9bf3-1319-819b-f35c54120001
2026-01-30 20:32:43,555 [34mINFO [0;39m [[34mtomcat-handler-235[0;39m] [33m[XID:aweb27g2rq6qrhh][0;39m [32mc.a.o.api.controller.CardController[0;39m - Getting all cards for subject: 7f000101-9bf3-1319-819b-f35c75e60002 in shelve: 7f000101-9bf3-1319-819b-f35c54120001 with page: 0 and size: 1000
2026-01-30 20:32:43,555 [34mINFO [0;39m [[34mtomcat-handler-234[0;39m] [33m[XID:awebuz43oa9irfd][0;39m [32mc.a.o.a.s.impl.SubjectServiceImpl[0;39m - Getting subject: 7f000101-9bf3-1319-819b-f35c75e60002 from shelf: 7f000101-9bf3-1319-819b-f35c54120001
2026-01-30 20:32:43,555 [34mINFO [0;39m [[34mtomcat-handler-235[0;39m] [33m[XID:aweb27g2rq6qrhh][0;39m [32mc.a.o.a.service.impl.CardServiceImpl[0;39m - Getting all cards for subject: 7f000101-9bf3-1319-819b-f35c75e60002 in shelve: 7f000101-9bf3-1319-819b-f35c54120001 with page: 0 and size: 1000
2026-01-30 20:32:43,559 [34mINFO [0;39m [[34mtomcat-handler-234[0;39m] [33m[XID:awebuz43oa9irfd][0;39m [32mc.a.o.a.s.impl.SubjectServiceImpl[0;39m - Successfully retrieved subject: 7f000101-9bf3-1319-819b-f35c75e60002
2026-01-30 20:32:43,560 [34mINFO [0;39m [[34mtomcat-handler-235[0;39m] [33m[XID:aweb27g2rq6qrhh][0;39m [32mc.a.o.a.service.impl.CardServiceImpl[0;39m - Successfully retrieved 4 cards for subject: 7f000101-9bf3-1319-819b-f35c75e60002 (total: 4)
2026-01-30 20:32:43,567 [34mINFO [0;39m [[34mtomcat-handler-234[0;39m] [33m[XID:awebuz43oa9irfd][0;39m [32mc.a.oopsly.api.config.LoggingConfig[0;39m - Request: GET /api/v1/oopsly/shelves/7f000101-9bf3-1319-819b-f35c54120001/subjects/7f000101-9bf3-1319-819b-f35c75e60002 | Status: 200 | 13 ms
2026-01-30 20:32:43,562 [34mINFO [0;39m [[34mtomcat-handler-235[0;39m] [33m[XID:aweb27g2rq6qrhh][0;39m [32mc.a.oopsly.api.config.LoggingConfig[0;39m - Request: GET /api/v1/oopsly/shelves/7f000101-9bf3-1319-819b-f35c54120001/subjects/7f000101-9bf3-1319-819b-f35c75e60002/cards | Status: 200 | 8 ms
2026-01-30 20:32:59,966 [34mINFO [0;39m [[34mtomcat-handler-236[0;39m] [33m[XID:][0;39m [32mc.a.o.a.c.JwtAuthenticationFilter[0;39m - Filtering request: /api/v1/oopsly/shelves/7f000101-9bf3-1319-819b-f35c54120001/subjects/7f000101-9bf3-1319-819b-f35c75e60002
2026-01-30 20:32:59,966 [34mINFO [0;39m [[34mtomcat-handler-236[0;39m] [33m[XID:][0;39m [32mc.a.o.a.c.JwtAuthenticationFilter[0;39m - Attempting to authenticate using jwt
2026-01-30 20:32:59,967 [34mINFO [0;39m [[34mtomcat-handler-236[0;39m] [33m[XID:][0;39m [32mc.a.o.a.c.JwtAuthenticationFilter[0;39m - User 7f000101-9bf3-1319-819b-f35c1d640000 authenticated with role USER
2026-01-30 20:32:59,968 [34mINFO [0;39m [[34mtomcat-handler-237[0;39m] [33m[XID:][0;39m [32mc.a.o.a.c.JwtAuthenticationFilter[0;39m - Filtering request: /api/v1/oopsly/shelves/7f000101-9bf3-1319-819b-f35c54120001/subjects/7f000101-9bf3-1319-819b-f35c75e60002/cards
2026-01-30 20:32:59,969 [34mINFO [0;39m [[34mtomcat-handler-237[0;39m] [33m[XID:][0;39m [32mc.a.o.a.c.JwtAuthenticationFilter[0;39m - Attempting to authenticate using jwt
2026-01-30 20:32:59,970 [34mINFO [0;39m [[34mtomcat-handler-237[0;39m] [33m[XID:][0;39m [32mc.a.o.a.c.JwtAuthenticationFilter[0;39m - User 7f000101-9bf3-1319-819b-f35c1d640000 authenticated with role USER
2026-01-30 20:32:59,970 [34mINFO [0;39m [[34mtomcat-handler-236[0;39m] [33m[XID:awebo04p080o4j][0;39m [32mc.a.o.a.controller.SubjectController[0;39m - Getting subject: 7f000101-9bf3-1319-819b-f35c75e60002 from shelve: 7f000101-9bf3-1319-819b-f35c54120001
2026-01-30 20:32:59,971 [34mINFO [0;39m [[34mtomcat-handler-236[0;39m] [33m[XID:awebo04p080o4j][0;39m [32mc.a.o.a.s.impl.SubjectServiceImpl[0;39m - Getting subject: 7f000101-9bf3-1319-819b-f35c75e60002 from shelf: 7f000101-9bf3-1319-819b-f35c54120001
2026-01-30 20:32:59,973 [34mINFO [0;39m [[34mtomcat-handler-237[0;39m] [33m[XID:aweb0bkqrywgj6zt][0;39m [32mc.a.o.api.controller.CardController[0;39m - Getting all cards for subject: 7f000101-9bf3-1319-819b-f35c75e60002 in shelve: 7f000101-9bf3-1319-819b-f35c54120001 with page: 0 and size: 1000
2026-01-30 20:32:59,973 [34mINFO [0;39m [[34mtomcat-handler-237[0;39m] [33m[XID:aweb0bkqrywgj6zt][0;39m [32mc.a.o.a.service.impl.CardServiceImpl[0;39m - Getting all cards for subject: 7f000101-9bf3-1319-819b-f35c75e60002 in shelve: 7f000101-9bf3-1319-819b-f35c54120001 with page: 0 and size: 1000
2026-01-30 20:32:59,975 [34mINFO [0;39m [[34mtomcat-handler-236[0;39m] [33m[XID:awebo04p080o4j][0;39m [32mc.a.o.a.s.impl.SubjectServiceImpl[0;39m - Successfully retrieved subject: 7f000101-9bf3-1319-819b-f35c75e60002
2026-01-30 20:32:59,979 [34mINFO [0;39m [[34mtomcat-handler-236[0;39m] [33m[XID:awebo04p080o4j][0;39m [32mc.a.oopsly.api.config.LoggingConfig[0;39m - Request: GET /api/v1/oopsly/shelves/7f000101-9bf3-1319-819b-f35c54120001/subjects/7f000101-9bf3-1319-819b-f35c75e60002 | Status: 200 | 11 ms
2026-01-30 20:32:59,985 [34mINFO [0;39m [[34mtomcat-handler-237[0;39m] [33m[XID:aweb0bkqrywgj6zt][0;39m [32mc.a.o.a.service.impl.CardServiceImpl[0;39m - Successfully retrieved 4 cards for subject: 7f000101-9bf3-1319-819b-f35c75e60002 (total: 4)
2026-01-30 20:32:59,989 [34mINFO [0;39m [[34mtomcat-handler-237[0;39m] [33m[XID:aweb0bkqrywgj6zt][0;39m [32mc.a.oopsly.api.config.LoggingConfig[0;39m - Request: GET /api/v1/oopsly/shelves/7f000101-9bf3-1319-819b-f35c54120001/subjects/7f000101-9bf3-1319-819b-f35c75e60002/cards | Status: 200 | 18 ms
2026-01-30 20:33:05,814 [34mINFO [0;39m [[34mtomcat-handler-238[0;39m] [33m[XID:][0;39m [32mc.a.o.a.c.JwtAuthenticationFilter[0;39m - Filtering request: /api/v1/oopsly/shelves/7f000101-9bf3-1319-819b-f35c54120001/subjects/7f000101-9bf3-1319-819b-f35c75e60002
2026-01-30 20:33:05,814 [34mINFO [0;39m [[34mtomcat-handler-238[0;39m] [33m[XID:][0;39m [32mc.a.o.a.c.JwtAuthenticationFilter[0;39m - Attempting to authenticate using jwt
2026-01-30 20:33:05,814 [34mINFO [0;39m [[34mtomcat-handler-239[0;39m] [33m[XID:][0;39m [32mc.a.o.a.c.JwtAuthenticationFilter[0;39m - Filtering request: /api/v1/oopsly/shelves/7f000101-9bf3-1319-819b-f35c54120001/subjects/7f000101-9bf3-1319-819b-f35c75e60002/cards
2026-01-30 20:33:05,815 [34mINFO [0;39m [[34mtomcat-handler-239[0;39m] [33m[XID:][0;39m [32mc.a.o.a.c.JwtAuthenticationFilter[0;39m - Attempting to authenticate using jwt
2026-01-30 20:33:05,816 [34mINFO [0;39m [[34mtomcat-handler-239[0;39m] [33m[XID:][0;39m [32mc.a.o.a.c.JwtAuthenticationFilter[0;39m - User 7f000101-9bf3-1319-819b-f35c1d640000 authenticated with role USER
2026-01-30 20:33:05,816 [34mINFO [0;39m [[34mtomcat-handler-238[0;39m] [33m[XID:][0;39m [32mc.a.o.a.c.JwtAuthenticationFilter[0;39m - User 7f000101-9bf3-1319-819b-f35c1d640000 authenticated with role USER
2026-01-30 20:33:05,819 [34mINFO [0;39m [[34mtomcat-handler-238[0;39m] [33m[XID:awebu9d4nm5in7s][0;39m [32mc.a.o.a.controller.SubjectController[0;39m - Getting subject: 7f000101-9bf3-1319-819b-f35c75e60002 from shelve: 7f000101-9bf3-1319-819b-f35c54120001
2026-01-30 20:33:05,820 [34mINFO [0;39m [[34mtomcat-handler-239[0;39m] [33m[XID:awebki2w1fsvt7r][0;39m [32mc.a.o.api.controller.CardController[0;39m - Getting all cards for subject: 7f000101-9bf3-1319-819b-f35c75e60002 in shelve: 7f000101-9bf3-1319-819b-f35c54120001 with page: 0 and size: 1000
2026-01-30 20:33:05,820 [34mINFO [0;39m [[34mtomcat-handler-238[0;39m] [33m[XID:awebu9d4nm5in7s][0;39m [32mc.a.o.a.s.impl.SubjectServiceImpl[0;39m - Getting subject: 7f000101-9bf3-1319-819b-f35c75e60002 from shelf: 7f000101-9bf3-1319-819b-f35c54120001
2026-01-30 20:33:05,820 [34mINFO [0;39m [[34mtomcat-handler-239[0;39m] [33m[XID:awebki2w1fsvt7r][0;39m [32mc.a.o.a.service.impl.CardServiceImpl[0;39m - Getting all cards for subject: 7f000101-9bf3-1319-819b-f35c75e60002 in shelve: 7f000101-9bf3-1319-819b-f35c54120001 with page: 0 and size: 1000
2026-01-30 20:33:05,829 [34mINFO [0;39m [[34mtomcat-handler-238[0;39m] [33m[XID:awebu9d4nm5in7s][0;39m [32mc.a.o.a.s.impl.SubjectServiceImpl[0;39m - Successfully retrieved subject: 7f000101-9bf3-1319-819b-f35c75e60002
2026-01-30 20:33:05,832 [34mINFO [0;39m [[34mtomcat-handler-239[0;39m] [33m[XID:awebki2w1fsvt7r][0;39m [32mc.a.o.a.service.impl.CardServiceImpl[0;39m - Successfully retrieved 4 cards for subject: 7f000101-9bf3-1319-819b-f35c75e60002 (total: 4)
2026-01-30 20:33:05,833 [34mINFO [0;39m [[34mtomcat-handler-238[0;39m] [33m[XID:awebu9d4nm5in7s][0;39m [32mc.a.oopsly.api.config.LoggingConfig[0;39m - Request: GET /api/v1/oopsly/shelves/7f000101-9bf3-1319-819b-f35c54120001/subjects/7f000101-9bf3-1319-819b-f35c75e60002 | Status: 200 | 16 ms
2026-01-30 20:33:05,835 [34mINFO [0;39m [[34mtomcat-handler-239[0;39m] [33m[XID:awebki2w1fsvt7r][0;39m [32mc.a.oopsly.api.config.LoggingConfig[0;39m - Request: GET /api/v1/oopsly/shelves/7f000101-9bf3-1319-819b-f35c54120001/subjects/7f000101-9bf3-1319-819b-f35c75e60002/cards | Status: 200 | 18 ms
2026-01-30 20:33:17,564 [34mINFO [0;39m [[34mtomcat-handler-240[0;39m] [33m[XID:][0;39m [32mc.a.o.a.c.JwtAuthenticationFilter[0;39m - Filtering request: /api/v1/oopsly/shelves/7f000101-9bf3-1319-819b-f35c54120001/subjects/7f000101-9bf3-1319-819b-f35c75e60002
2026-01-30 20:33:17,564 [34mINFO [0;39m [[34mtomcat-handler-240[0;39m] [33m[XID:][0;39m [32mc.a.o.a.c.JwtAuthenticationFilter[0;39m - Attempting to authenticate using jwt
2026-01-30 20:33:17,566 [34mINFO [0;39m [[34mtomcat-handler-241[0;39m] [33m[XID:][0;39m [32mc.a.o.a.c.JwtAuthenticationFilter[0;39m - Filtering request: /api/v1/oopsly/shelves/7f000101-9bf3-1319-819b-f35c54120001/subjects/7f000101-9bf3-1319-819b-f35c75e60002/cards
2026-01-30 20:33:17,567 [34mINFO [0;39m [[34mtomcat-handler-241[0;39m] [33m[XID:][0;39m [32mc.a.o.a.c.JwtAuthenticationFilter[0;39m - Attempting to authenticate using jwt
2026-01-30 20:33:17,568 [34mINFO [0;39m [[34mtomcat-handler-241[0;39m] [33m[XID:][0;39m [32mc.a.o.a.c.JwtAuthenticationFilter[0;39m - User 7f000101-9bf3-1319-819b-f35c1d640000 authenticated with role USER
2026-01-30 20:33:17,569 [34mINFO [0;39m [[34mtomcat-handler-240[0;39m] [33m[XID:][0;39m [32mc.a.o.a.c.JwtAuthenticationFilter[0;39m - User 7f000101-9bf3-1319-819b-f35c1d640000 authenticated with role USER
2026-01-30 20:33:17,572 [34mINFO [0;39m [[34mtomcat-handler-240[0;39m] [33m[XID:aweb8ufo5v8ymnh][0;39m [32mc.a.o.a.controller.SubjectController[0;39m - Getting subject: 7f000101-9bf3-1319-819b-f35c75e60002 from shelve: 7f000101-9bf3-1319-819b-f35c54120001
2026-01-30 20:33:17,574 [34mINFO [0;39m [[34mtomcat-handler-240[0;39m] [33m[XID:aweb8ufo5v8ymnh][0;39m [32mc.a.o.a.s.impl.SubjectServiceImpl[0;39m - Getting subject: 7f000101-9bf3-1319-819b-f35c75e60002 from shelf: 7f000101-9bf3-1319-819b-f35c54120001
2026-01-30 20:33:17,578 [34mINFO [0;39m [[34mtomcat-handler-241[0;39m] [33m[XID:awebis51up0ch3b][0;39m [32mc.a.o.api.controller.CardController[0;39m - Getting all cards for subject: 7f000101-9bf3-1319-819b-f35c75e60002 in shelve: 7f000101-9bf3-1319-819b-f35c54120001 with page: 0 and size: 1000
2026-01-30 20:33:17,581 [34mINFO [0;39m [[34mtomcat-handler-241[0;39m] [33m[XID:awebis51up0ch3b][0;39m [32mc.a.o.a.service.impl.CardServiceImpl[0;39m - Getting all cards for subject: 7f000101-9bf3-1319-819b-f35c75e60002 in shelve: 7f000101-9bf3-1319-819b-f35c54120001 with page: 0 and size: 1000
2026-01-30 20:33:17,581 [34mINFO [0;39m [[34mtomcat-handler-240[0;39m] [33m[XID:aweb8ufo5v8ymnh][0;39m [32mc.a.o.a.s.impl.SubjectServiceImpl[0;39m - Successfully retrieved subject: 7f000101-9bf3-1319-819b-f35c75e60002
2026-01-30 20:33:17,584 [34mINFO [0;39m [[34mtomcat-handler-240[0;39m] [33m[XID:aweb8ufo5v8ymnh][0;39m [32mc.a.oopsly.api.config.LoggingConfig[0;39m - Request: GET /api/v1/oopsly/shelves/7f000101-9bf3-1319-819b-f35c54120001/subjects/7f000101-9bf3-1319-819b-f35c75e60002 | Status: 200 | 14 ms
2026-01-30 20:33:17,591 [34mINFO [0;39m [[34mtomcat-handler-241[0;39m] [33m[XID:awebis51up0ch3b][0;39m [32mc.a.o.a.service.impl.CardServiceImpl[0;39m - Successfully retrieved 4 cards for subject: 7f000101-9bf3-1319-819b-f35c75e60002 (total: 4)
2026-01-30 20:33:17,596 [34mINFO [0;39m [[34mtomcat-handler-241[0;39m] [33m[XID:awebis51up0ch3b][0;39m [32mc.a.oopsly.api.config.LoggingConfig[0;39m - Request: GET /api/v1/oopsly/shelves/7f000101-9bf3-1319-819b-f35c54120001/subjects/7f000101-9bf3-1319-819b-f35c75e60002/cards | Status: 200 | 27 ms
2026-01-30 20:33:39,294 [34mINFO [0;39m [[34mtomcat-handler-242[0;39m] [33m[XID:][0;39m [32mc.a.o.a.c.JwtAuthenticationFilter[0;39m - Filtering request: /api/v1/oopsly/shelves
2026-01-30 20:33:39,295 [31mWARN [0;39m [[34mtomcat-handler-242[0;39m] [33m[XID:][0;39m [32mc.a.o.a.c.JwtAuthenticationFilter[0;39m - Authorization header not present
2026-01-30 20:33:39,304 [34mINFO [0;39m [[34mtomcat-handler-242[0;39m] [33m[XID:bc3e019a-f3d5-4940-964c-bceee81c7ff3][0;39m [32mc.a.oopsly.api.config.LoggingConfig[0;39m - Request: OPTIONS /api/v1/oopsly/shelves | Status: 200 | 2 ms
2026-01-30 20:33:39,322 [34mINFO [0;39m [[34mtomcat-handler-243[0;39m] [33m[XID:][0;39m [32mc.a.o.a.c.JwtAuthenticationFilter[0;39m - Filtering request: /api/v1/oopsly/shelves
2026-01-30 20:33:39,323 [34mINFO [0;39m [[34mtomcat-handler-243[0;39m] [33m[XID:][0;39m [32mc.a.o.a.c.JwtAuthenticationFilter[0;39m - Attempting to authenticate using jwt
2026-01-30 20:33:39,324 [34mINFO [0;39m [[34mtomcat-handler-243[0;39m] [33m[XID:][0;39m [32mc.a.o.a.c.JwtAuthenticationFilter[0;39m - User 7f000101-9bf3-1319-819b-f35c1d640000 authenticated with role USER
2026-01-30 20:33:39,366 [34mINFO [0;39m [[34mtomcat-handler-243[0;39m] [33m[XID:awebcrkw6lhjnr9][0;39m [32mc.a.o.a.s.impl.ShelfServiceImpl[0;39m - Retrieving current user info from UserService
2026-01-30 20:33:39,367 [34mINFO [0;39m [[34mtomcat-handler-243[0;39m] [33m[XID:awebcrkw6lhjnr9][0;39m [32mc.a.o.a.s.impl.ShelfServiceImpl[0;39m - Fetching shelves page 0 size 100 for user 7f000101-9bf3-1319-819b-f35c1d640000
2026-01-30 20:33:39,367 [34mINFO [0;39m [[34mtomcat-handler-243[0;39m] [33m[XID:awebcrkw6lhjnr9][0;39m [32mc.a.o.a.s.impl.ShelfServiceImpl[0;39m - Retrieving current user info from UserService
2026-01-30 20:33:39,416 [34mINFO [0;39m [[34mtomcat-handler-243[0;39m] [33m[XID:awebcrkw6lhjnr9][0;39m [32mc.a.oopsly.api.config.LoggingConfig[0;39m - Request: GET /api/v1/oopsly/shelves | Status: 200 | 92 ms
2026-01-30 20:33:40,032 [34mINFO [0;39m [[34mtomcat-handler-244[0;39m] [33m[XID:][0;39m [32mc.a.o.a.c.JwtAuthenticationFilter[0;39m - Filtering request: /api/v1/oopsly/shelves
2026-01-30 20:33:40,032 [34mINFO [0;39m [[34mtomcat-handler-244[0;39m] [33m[XID:][0;39m [32mc.a.o.a.c.JwtAuthenticationFilter[0;39m - Attempting to authenticate using jwt
2026-01-30 20:33:40,033 [34mINFO [0;39m [[34mtomcat-handler-244[0;39m] [33m[XID:][0;39m [32mc.a.o.a.c.JwtAuthenticationFilter[0;39m - User 7f000101-9bf3-1319-819b-f35c1d640000 authenticated with role USER
2026-01-30 20:33:40,035 [34mINFO [0;39m [[34mtomcat-handler-244[0;39m] [33m[XID:aweb2xigxpms6cn][0;39m [32mc.a.o.a.s.impl.ShelfServiceImpl[0;39m - Retrieving current user info from UserService
2026-01-30 20:33:40,036 [34mINFO [0;39m [[34mtomcat-handler-244[0;39m] [33m[XID:aweb2xigxpms6cn][0;39m [32mc.a.o.a.s.impl.ShelfServiceImpl[0;39m - Fetching shelves page 0 size 100 for user 7f000101-9bf3-1319-819b-f35c1d640000
2026-01-30 20:33:40,036 [34mINFO [0;39m [[34mtomcat-handler-244[0;39m] [33m[XID:aweb2xigxpms6cn][0;39m [32mc.a.o.a.s.impl.ShelfServiceImpl[0;39m - Retrieving current user info from UserService
2026-01-30 20:33:40,055 [34mINFO [0;39m [[34mtomcat-handler-244[0;39m] [33m[XID:aweb2xigxpms6cn][0;39m [32mc.a.oopsly.api.config.LoggingConfig[0;39m - Request: GET /api/v1/oopsly/shelves | Status: 200 | 22 ms
2026-01-30 20:34:51,672 [34mINFO [0;39m [[34mtomcat-handler-247[0;39m] [33m[XID:][0;39m [32mc.a.o.a.c.JwtAuthenticationFilter[0;39m - Filtering request: /api/v1/oopsly/shelves/7f000101-9bf3-1319-819b-f35c54120001/subjects/7f000101-9bf3-1319-819b-f35c75e60002
2026-01-30 20:34:51,673 [31mWARN [0;39m [[34mtomcat-handler-247[0;39m] [33m[XID:][0;39m [32mc.a.o.a.c.JwtAuthenticationFilter[0;39m - Authorization header not present
2026-01-30 20:34:51,677 [34mINFO [0;39m [[34mtomcat-handler-247[0;39m] [33m[XID:9f0edaf5-334a-4cbc-83ac-63831ce83d50][0;39m [32mc.a.oopsly.api.config.LoggingConfig[0;39m - Request: OPTIONS /api/v1/oopsly/shelves/7f000101-9bf3-1319-819b-f35c54120001/subjects/7f000101-9bf3-1319-819b-f35c75e60002 | Status: 200 | 3 ms
2026-01-30 20:34:51,679 [34mINFO [0;39m [[34mtomcat-handler-248[0;39m] [33m[XID:][0;39m [32mc.a.o.a.c.JwtAuthenticationFilter[0;39m - Filtering request: /api/v1/oopsly/shelves/7f000101-9bf3-1319-819b-f35c54120001/subjects/7f000101-9bf3-1319-819b-f35c75e60002/cards
2026-01-30 20:34:51,679 [34mINFO [0;39m [[34mtomcat-handler-248[0;39m] [33m[XID:][0;39m [32mc.a.o.a.c.JwtAuthenticationFilter[0;39m - Attempting to authenticate using jwt
2026-01-30 20:34:51,681 [34mINFO [0;39m [[34mtomcat-handler-248[0;39m] [33m[XID:][0;39m [32mc.a.o.a.c.JwtAuthenticationFilter[0;39m - User 7f000101-9bf3-1319-819b-f35c1d640000 authenticated with role USER
2026-01-30 20:34:51,685 [34mINFO [0;39m [[34mtomcat-handler-248[0;39m] [33m[XID:awebgfzhi2a0zud][0;39m [32mc.a.o.api.controller.CardController[0;39m - Getting all cards for subject: 7f000101-9bf3-1319-819b-f35c75e60002 in shelve: 7f000101-9bf3-1319-819b-f35c54120001 with page: 0 and size: 1000
2026-01-30 20:34:51,686 [34mINFO [0;39m [[34mtomcat-handler-248[0;39m] [33m[XID:awebgfzhi2a0zud][0;39m [32mc.a.o.a.service.impl.CardServiceImpl[0;39m - Getting all cards for subject: 7f000101-9bf3-1319-819b-f35c75e60002 in shelve: 7f000101-9bf3-1319-819b-f35c54120001 with page: 0 and size: 1000
2026-01-30 20:34:51,691 [34mINFO [0;39m [[34mtomcat-handler-249[0;39m] [33m[XID:][0;39m [32mc.a.o.a.c.JwtAuthenticationFilter[0;39m - Filtering request: /api/v1/oopsly/shelves/7f000101-9bf3-1319-819b-f35c54120001/subjects/7f000101-9bf3-1319-819b-f35c75e60002
2026-01-30 20:34:51,692 [34mINFO [0;39m [[34mtomcat-handler-249[0;39m] [33m[XID:][0;39m [32mc.a.o.a.c.JwtAuthenticationFilter[0;39m - Attempting to authenticate using jwt
2026-01-30 20:34:51,694 [34mINFO [0;39m [[34mtomcat-handler-249[0;39m] [33m[XID:][0;39m [32mc.a.o.a.c.JwtAuthenticationFilter[0;39m - User 7f000101-9bf3-1319-819b-f35c1d640000 authenticated with role USER
2026-01-30 20:34:51,696 [34mINFO [0;39m [[34mtomcat-handler-248[0;39m] [33m[XID:awebgfzhi2a0zud][0;39m [32mc.a.o.a.service.impl.CardServiceImpl[0;39m - Successfully retrieved 4 cards for subject: 7f000101-9bf3-1319-819b-f35c75e60002 (total: 4)
2026-01-30 20:34:51,697 [34mINFO [0;39m [[34mtomcat-handler-249[0;39m] [33m[XID:awebfmbarbov707][0;39m [32mc.a.o.a.controller.SubjectController[0;39m - Getting subject: 7f000101-9bf3-1319-819b-f35c75e60002 from shelve: 7f000101-9bf3-1319-819b-f35c54120001
2026-01-30 20:34:51,697 [34mINFO [0;39m [[34mtomcat-handler-249[0;39m] [33m[XID:awebfmbarbov707][0;39m [32mc.a.o.a.s.impl.SubjectServiceImpl[0;39m - Getting subject: 7f000101-9bf3-1319-819b-f35c75e60002 from shelf: 7f000101-9bf3-1319-819b-f35c54120001
2026-01-30 20:34:51,702 [34mINFO [0;39m [[34mtomcat-handler-248[0;39m] [33m[XID:awebgfzhi2a0zud][0;39m [32mc.a.oopsly.api.config.LoggingConfig[0;39m - Request: GET /api/v1/oopsly/shelves/7f000101-9bf3-1319-819b-f35c54120001/subjects/7f000101-9bf3-1319-819b-f35c75e60002/cards | Status: 200 | 21 ms
2026-01-30 20:34:51,710 [34mINFO [0;39m [[34mtomcat-handler-249[0;39m] [33m[XID:awebfmbarbov707][0;39m [32mc.a.o.a.s.impl.SubjectServiceImpl[0;39m - Successfully retrieved subject: 7f000101-9bf3-1319-819b-f35c75e60002
2026-01-30 20:34:51,712 [34mINFO [0;39m [[34mtomcat-handler-249[0;39m] [33m[XID:awebfmbarbov707][0;39m [32mc.a.oopsly.api.config.LoggingConfig[0;39m - Request: GET /api/v1/oopsly/shelves/7f000101-9bf3-1319-819b-f35c54120001/subjects/7f000101-9bf3-1319-819b-f35c75e60002 | Status: 200 | 17 ms
2026-01-30 20:35:06,509 [34mINFO [0;39m [[34mtomcat-handler-250[0;39m] [33m[XID:][0;39m [32mc.a.o.a.c.JwtAuthenticationFilter[0;39m - Filtering request: /api/v1/oopsly/shelves/7f000101-9bf3-1319-819b-f35c54120001/subjects/7f000101-9bf3-1319-819b-f35c75e60002/cards
2026-01-30 20:35:06,510 [34mINFO [0;39m [[34mtomcat-handler-250[0;39m] [33m[XID:][0;39m [32mc.a.o.a.c.JwtAuthenticationFilter[0;39m - Attempting to authenticate using jwt
2026-01-30 20:35:06,510 [34mINFO [0;39m [[34mtomcat-handler-250[0;39m] [33m[XID:][0;39m [32mc.a.o.a.c.JwtAuthenticationFilter[0;39m - User 7f000101-9bf3-1319-819b-f35c1d640000 authenticated with role USER
2026-01-30 20:35:06,515 [34mINFO [0;39m [[34mtomcat-handler-250[0;39m] [33m[XID:awebpp3j7l5fzti][0;39m [32mc.a.o.api.controller.CardController[0;39m - Creating cards for subject: 7f000101-9bf3-1319-819b-f35c75e60002 in shelve: 7f000101-9bf3-1319-819b-f35c54120001
2026-01-30 20:35:06,516 [34mINFO [0;39m [[34mtomcat-handler-250[0;39m] [33m[XID:awebpp3j7l5fzti][0;39m [32mc.a.o.a.service.impl.CardServiceImpl[0;39m - Creating 1 cards for subject: 7f000101-9bf3-1319-819b-f35c75e60002 in shelve: 7f000101-9bf3-1319-819b-f35c54120001
2026-01-30 20:35:06,530 [34mINFO [0;39m [[34mtomcat-handler-250[0;39m] [33m[XID:awebpp3j7l5fzti][0;39m [32mc.a.o.a.service.impl.CardServiceImpl[0;39m - Successfully created 1 cards for subject: 7f000101-9bf3-1319-819b-f35c75e60002
2026-01-30 20:35:06,533 [34mINFO [0;39m [[34mtomcat-handler-250[0;39m] [33m[XID:awebpp3j7l5fzti][0;39m [32mc.a.oopsly.api.config.LoggingConfig[0;39m - Request: POST /api/v1/oopsly/shelves/7f000101-9bf3-1319-819b-f35c54120001/subjects/7f000101-9bf3-1319-819b-f35c75e60002/cards | Status: 200 | 22 ms
2026-01-30 20:35:06,540 [34mINFO [0;39m [[34mtomcat-handler-251[0;39m] [33m[XID:][0;39m [32mc.a.o.a.c.JwtAuthenticationFilter[0;39m - Filtering request: /api/v1/oopsly/shelves/7f000101-9bf3-1319-819b-f35c54120001/subjects/7f000101-9bf3-1319-819b-f35c75e60002/cards
2026-01-30 20:35:06,541 [34mINFO [0;39m [[34mtomcat-handler-251[0;39m] [33m[XID:][0;39m [32mc.a.o.a.c.JwtAuthenticationFilter[0;39m - Attempting to authenticate using jwt
2026-01-30 20:35:06,543 [34mINFO [0;39m [[34mtomcat-handler-251[0;39m] [33m[XID:][0;39m [32mc.a.o.a.c.JwtAuthenticationFilter[0;39m - User 7f000101-9bf3-1319-819b-f35c1d640000 authenticated with role USER
2026-01-30 20:35:06,546 [34mINFO [0;39m [[34mtomcat-handler-251[0;39m] [33m[XID:aweb68n6ftxxggw][0;39m [32mc.a.o.api.controller.CardController[0;39m - Getting all cards for subject: 7f000101-9bf3-1319-819b-f35c75e60002 in shelve: 7f000101-9bf3-1319-819b-f35c54120001 with page: 0 and size: 1000
2026-01-30 20:35:06,547 [34mINFO [0;39m [[34mtomcat-handler-251[0;39m] [33m[XID:aweb68n6ftxxggw][0;39m [32mc.a.o.a.service.impl.CardServiceImpl[0;39m - Getting all cards for subject: 7f000101-9bf3-1319-819b-f35c75e60002 in shelve: 7f000101-9bf3-1319-819b-f35c54120001 with page: 0 and size: 1000
2026-01-30 20:35:06,555 [34mINFO [0;39m [[34mtomcat-handler-251[0;39m] [33m[XID:aweb68n6ftxxggw][0;39m [32mc.a.o.a.service.impl.CardServiceImpl[0;39m - Successfully retrieved 5 cards for subject: 7f000101-9bf3-1319-819b-f35c75e60002 (total: 5)
2026-01-30 20:35:06,565 [34mINFO [0;39m [[34mtomcat-handler-251[0;39m] [33m[XID:aweb68n6ftxxggw][0;39m [32mc.a.oopsly.api.config.LoggingConfig[0;39m - Request: GET /api/v1/oopsly/shelves/7f000101-9bf3-1319-819b-f35c54120001/subjects/7f000101-9bf3-1319-819b-f35c75e60002/cards | Status: 200 | 22 ms
2026-01-30 20:35:26,657 [34mINFO [0;39m [[34mtomcat-handler-252[0;39m] [33m[XID:][0;39m [32mc.a.o.a.c.JwtAuthenticationFilter[0;39m - Filtering request: /api/v1/oopsly/shelves/7f000101-9bf3-1319-819b-f35c54120001/subjects/7f000101-9bf3-1319-819b-f35c75e60002/cards/7f000101-9c0e-1973-819c-0f136ba80000
2026-01-30 20:35:26,657 [31mWARN [0;39m [[34mtomcat-handler-252[0;39m] [33m[XID:][0;39m [32mc.a.o.a.c.JwtAuthenticationFilter[0;39m - Authorization header not present
2026-01-30 20:35:26,660 [34mINFO [0;39m [[34mtomcat-handler-252[0;39m] [33m[XID:3e4c09e9-e31e-4106-bf35-7e83c5fd0592][0;39m [32mc.a.oopsly.api.config.LoggingConfig[0;39m - Request: OPTIONS /api/v1/oopsly/shelves/7f000101-9bf3-1319-819b-f35c54120001/subjects/7f000101-9bf3-1319-819b-f35c75e60002/cards/7f000101-9c0e-1973-819c-0f136ba80000 | Status: 200 | 2 ms
2026-01-30 20:35:26,666 [34mINFO [0;39m [[34mtomcat-handler-253[0;39m] [33m[XID:][0;39m [32mc.a.o.a.c.JwtAuthenticationFilter[0;39m - Filtering request: /api/v1/oopsly/shelves/7f000101-9bf3-1319-819b-f35c54120001/subjects/7f000101-9bf3-1319-819b-f35c75e60002/cards/7f000101-9c0e-1973-819c-0f136ba80000
2026-01-30 20:35:26,666 [34mINFO [0;39m [[34mtomcat-handler-253[0;39m] [33m[XID:][0;39m [32mc.a.o.a.c.JwtAuthenticationFilter[0;39m - Attempting to authenticate using jwt
2026-01-30 20:35:26,667 [34mINFO [0;39m [[34mtomcat-handler-253[0;39m] [33m[XID:][0;39m [32mc.a.o.a.c.JwtAuthenticationFilter[0;39m - User 7f000101-9bf3-1319-819b-f35c1d640000 authenticated with role USER
2026-01-30 20:35:26,674 [34mINFO [0;39m [[34mtomcat-handler-253[0;39m] [33m[XID:awebmsbxdw1tqpp][0;39m [32mc.a.o.api.controller.CardController[0;39m - Updating card: 7f000101-9c0e-1973-819c-0f136ba80000 in subject: 7f000101-9bf3-1319-819b-f35c75e60002 in shelve: 7f000101-9bf3-1319-819b-f35c54120001
2026-01-30 20:35:26,697 [34mINFO [0;39m [[34mtomcat-handler-253[0;39m] [33m[XID:awebmsbxdw1tqpp][0;39m [32mc.a.o.a.service.impl.CardServiceImpl[0;39m - Successfully updated card: 7f000101-9c0e-1973-819c-0f136ba80000
2026-01-30 20:35:26,699 [34mINFO [0;39m [[34mtomcat-handler-253[0;39m] [33m[XID:awebmsbxdw1tqpp][0;39m [32mc.a.oopsly.api.config.LoggingConfig[0;39m - Request: PUT /api/v1/oopsly/shelves/7f000101-9bf3-1319-819b-f35c54120001/subjects/7f000101-9bf3-1319-819b-f35c75e60002/cards/7f000101-9c0e-1973-819c-0f136ba80000 | Status: 200 | 32 ms
2026-01-30 20:35:26,705 [34mINFO [0;39m [[34mtomcat-handler-254[0;39m] [33m[XID:][0;39m [32mc.a.o.a.c.JwtAuthenticationFilter[0;39m - Filtering request: /api/v1/oopsly/shelves/7f000101-9bf3-1319-819b-f35c54120001/subjects/7f000101-9bf3-1319-819b-f35c75e60002/cards
2026-01-30 20:35:26,705 [34mINFO [0;39m [[34mtomcat-handler-254[0;39m] [33m[XID:][0;39m [32mc.a.o.a.c.JwtAuthenticationFilter[0;39m - Attempting to authenticate using jwt
2026-01-30 20:35:26,706 [34mINFO [0;39m [[34mtomcat-handler-254[0;39m] [33m[XID:][0;39m [32mc.a.o.a.c.JwtAuthenticationFilter[0;39m - User 7f000101-9bf3-1319-819b-f35c1d640000 authenticated with role USER
2026-01-30 20:35:26,709 [34mINFO [0;39m [[34mtomcat-handler-254[0;39m] [33m[XID:awebqth8k6m0d4j][0;39m [32mc.a.o.api.controller.CardController[0;39m - Getting all cards for subject: 7f000101-9bf3-1319-819b-f35c75e60002 in shelve: 7f000101-9bf3-1319-819b-f35c54120001 with page: 0 and size: 1000
2026-01-30 20:35:26,709 [34mINFO [0;39m [[34mtomcat-handler-254[0;39m] [33m[XID:awebqth8k6m0d4j][0;39m [32mc.a.o.a.service.impl.CardServiceImpl[0;39m - Getting all cards for subject: 7f000101-9bf3-1319-819b-f35c75e60002 in shelve: 7f000101-9bf3-1319-819b-f35c54120001 with page: 0 and size: 1000
2026-01-30 20:35:26,716 [34mINFO [0;39m [[34mtomcat-handler-254[0;39m] [33m[XID:awebqth8k6m0d4j][0;39m [32mc.a.o.a.service.impl.CardServiceImpl[0;39m - Successfully retrieved 5 cards for subject: 7f000101-9bf3-1319-819b-f35c75e60002 (total: 5)
2026-01-30 20:35:26,718 [34mINFO [0;39m [[34mtomcat-handler-254[0;39m] [33m[XID:awebqth8k6m0d4j][0;39m [32mc.a.oopsly.api.config.LoggingConfig[0;39m - Request: GET /api/v1/oopsly/shelves/7f000101-9bf3-1319-819b-f35c54120001/subjects/7f000101-9bf3-1319-819b-f35c75e60002/cards | Status: 200 | 11 ms
2026-01-30 20:37:01,674 [34mINFO [0;39m [[34mtomcat-handler-258[0;39m] [33m[XID:][0;39m [32mc.a.o.a.c.JwtAuthenticationFilter[0;39m - Filtering request: /api/v1/oopsly/shelves/7f000101-9bf3-1319-819b-f35c54120001/subjects/7f000101-9bf3-1319-819b-f35c75e60002/cards
2026-01-30 20:37:01,674 [34mINFO [0;39m [[34mtomcat-handler-258[0;39m] [33m[XID:][0;39m [32mc.a.o.a.c.JwtAuthenticationFilter[0;39m - Attempting to authenticate using jwt
2026-01-30 20:37:01,674 [34mINFO [0;39m [[34mtomcat-handler-257[0;39m] [33m[XID:][0;39m [32mc.a.o.a.c.JwtAuthenticationFilter[0;39m - Filtering request: /api/v1/oopsly/shelves/7f000101-9bf3-1319-819b-f35c54120001/subjects/7f000101-9bf3-1319-819b-f35c75e60002
2026-01-30 20:37:01,675 [34mINFO [0;39m [[34mtomcat-handler-257[0;39m] [33m[XID:][0;39m [32mc.a.o.a.c.JwtAuthenticationFilter[0;39m - Attempting to authenticate using jwt
2026-01-30 20:37:01,675 [34mINFO [0;39m [[34mtomcat-handler-258[0;39m] [33m[XID:][0;39m [32mc.a.o.a.c.JwtAuthenticationFilter[0;39m - User 7f000101-9bf3-1319-819b-f35c1d640000 authenticated with role USER
2026-01-30 20:37:01,676 [34mINFO [0;39m [[34mtomcat-handler-257[0;39m] [33m[XID:][0;39m [32mc.a.o.a.c.JwtAuthenticationFilter[0;39m - User 7f000101-9bf3-1319-819b-f35c1d640000 authenticated with role USER
2026-01-30 20:37:01,678 [34mINFO [0;39m [[34mtomcat-handler-258[0;39m] [33m[XID:awebgbledtsif46][0;39m [32mc.a.o.api.controller.CardController[0;39m - Getting all cards for subject: 7f000101-9bf3-1319-819b-f35c75e60002 in shelve: 7f000101-9bf3-1319-819b-f35c54120001 with page: 0 and size: 1000
2026-01-30 20:37:01,678 [34mINFO [0;39m [[34mtomcat-handler-258[0;39m] [33m[XID:awebgbledtsif46][0;39m [32mc.a.o.a.service.impl.CardServiceImpl[0;39m - Getting all cards for subject: 7f000101-9bf3-1319-819b-f35c75e60002 in shelve: 7f000101-9bf3-1319-819b-f35c54120001 with page: 0 and size: 1000
2026-01-30 20:37:01,678 [34mINFO [0;39m [[34mtomcat-handler-257[0;39m] [33m[XID:awebsejyo41ysag][0;39m [32mc.a.o.a.controller.SubjectController[0;39m - Getting subject: 7f000101-9bf3-1319-819b-f35c75e60002 from shelve: 7f000101-9bf3-1319-819b-f35c54120001
2026-01-30 20:37:01,678 [34mINFO [0;39m [[34mtomcat-handler-257[0;39m] [33m[XID:awebsejyo41ysag][0;39m [32mc.a.o.a.s.impl.SubjectServiceImpl[0;39m - Getting subject: 7f000101-9bf3-1319-819b-f35c75e60002 from shelf: 7f000101-9bf3-1319-819b-f35c54120001
2026-01-30 20:37:01,682 [34mINFO [0;39m [[34mtomcat-handler-257[0;39m] [33m[XID:awebsejyo41ysag][0;39m [32mc.a.o.a.s.impl.SubjectServiceImpl[0;39m - Successfully retrieved subject: 7f000101-9bf3-1319-819b-f35c75e60002
2026-01-30 20:37:01,683 [34mINFO [0;39m [[34mtomcat-handler-258[0;39m] [33m[XID:awebgbledtsif46][0;39m [32mc.a.o.a.service.impl.CardServiceImpl[0;39m - Successfully retrieved 5 cards for subject: 7f000101-9bf3-1319-819b-f35c75e60002 (total: 5)
2026-01-30 20:37:01,685 [34mINFO [0;39m [[34mtomcat-handler-258[0;39m] [33m[XID:awebgbledtsif46][0;39m [32mc.a.oopsly.api.config.LoggingConfig[0;39m - Request: GET /api/v1/oopsly/shelves/7f000101-9bf3-1319-819b-f35c54120001/subjects/7f000101-9bf3-1319-819b-f35c75e60002/cards | Status: 200 | 9 ms
2026-01-30 20:37:01,685 [34mINFO [0;39m [[34mtomcat-handler-257[0;39m] [33m[XID:awebsejyo41ysag][0;39m [32mc.a.oopsly.api.config.LoggingConfig[0;39m - Request: GET /api/v1/oopsly/shelves/7f000101-9bf3-1319-819b-f35c54120001/subjects/7f000101-9bf3-1319-819b-f35c75e60002 | Status: 200 | 8 ms
2026-01-30 20:37:07,552 [34mINFO [0;39m [[34mtomcat-handler-259[0;39m] [33m[XID:][0;39m [32mc.a.o.a.c.JwtAuthenticationFilter[0;39m - Filtering request: /api/v1/oopsly/shelves/7f000101-9bf3-1319-819b-f35c54120001/subjects/7f000101-9bf3-1319-819b-f35c75e60002
2026-01-30 20:37:07,552 [34mINFO [0;39m [[34mtomcat-handler-260[0;39m] [33m[XID:][0;39m [32mc.a.o.a.c.JwtAuthenticationFilter[0;39m - Filtering request: /api/v1/oopsly/shelves/7f000101-9bf3-1319-819b-f35c54120001/subjects/7f000101-9bf3-1319-819b-f35c75e60002/cards
2026-01-30 20:37:07,553 [34mINFO [0;39m [[34mtomcat-handler-259[0;39m] [33m[XID:][0;39m [32mc.a.o.a.c.JwtAuthenticationFilter[0;39m - Attempting to authenticate using jwt
2026-01-30 20:37:07,553 [34mINFO [0;39m [[34mtomcat-handler-260[0;39m] [33m[XID:][0;39m [32mc.a.o.a.c.JwtAuthenticationFilter[0;39m - Attempting to authenticate using jwt
2026-01-30 20:37:07,553 [34mINFO [0;39m [[34mtomcat-handler-259[0;39m] [33m[XID:][0;39m [32mc.a.o.a.c.JwtAuthenticationFilter[0;39m - User 7f000101-9bf3-1319-819b-f35c1d640000 authenticated with role USER
2026-01-30 20:37:07,553 [34mINFO [0;39m [[34mtomcat-handler-260[0;39m] [33m[XID:][0;39m [32mc.a.o.a.c.JwtAuthenticationFilter[0;39m - User 7f000101-9bf3-1319-819b-f35c1d640000 authenticated with role USER
2026-01-30 20:37:07,554 [34mINFO [0;39m [[34mtomcat-handler-259[0;39m] [33m[XID:awebboa86mly06b][0;39m [32mc.a.o.a.controller.SubjectController[0;39m - Getting subject: 7f000101-9bf3-1319-819b-f35c75e60002 from shelve: 7f000101-9bf3-1319-819b-f35c54120001
2026-01-30 20:37:07,555 [34mINFO [0;39m [[34mtomcat-handler-260[0;39m] [33m[XID:awebzpvitpb8y2j][0;39m [32mc.a.o.api.controller.CardController[0;39m - Getting all cards for subject: 7f000101-9bf3-1319-819b-f35c75e60002 in shelve: 7f000101-9bf3-1319-819b-f35c54120001 with page: 0 and size: 1000
2026-01-30 20:37:07,555 [34mINFO [0;39m [[34mtomcat-handler-259[0;39m] [33m[XID:awebboa86mly06b][0;39m [32mc.a.o.a.s.impl.SubjectServiceImpl[0;39m - Getting subject: 7f000101-9bf3-1319-819b-f35c75e60002 from shelf: 7f000101-9bf3-1319-819b-f35c54120001
2026-01-30 20:37:07,555 [34mINFO [0;39m [[34mtomcat-handler-260[0;39m] [33m[XID:awebzpvitpb8y2j][0;39m [32mc.a.o.a.service.impl.CardServiceImpl[0;39m - Getting all cards for subject: 7f000101-9bf3-1319-819b-f35c75e60002 in shelve: 7f000101-9bf3-1319-819b-f35c54120001 with page: 0 and size: 1000
2026-01-30 20:37:07,558 [34mINFO [0;39m [[34mtomcat-handler-259[0;39m] [33m[XID:awebboa86mly06b][0;39m [32mc.a.o.a.s.impl.SubjectServiceImpl[0;39m - Successfully retrieved subject: 7f000101-9bf3-1319-819b-f35c75e60002
2026-01-30 20:37:07,559 [34mINFO [0;39m [[34mtomcat-handler-260[0;39m] [33m[XID:awebzpvitpb8y2j][0;39m [32mc.a.o.a.service.impl.CardServiceImpl[0;39m - Successfully retrieved 5 cards for subject: 7f000101-9bf3-1319-819b-f35c75e60002 (total: 5)
2026-01-30 20:37:07,560 [34mINFO [0;39m [[34mtomcat-handler-259[0;39m] [33m[XID:awebboa86mly06b][0;39m [32mc.a.oopsly.api.config.LoggingConfig[0;39m - Request: GET /api/v1/oopsly/shelves/7f000101-9bf3-1319-819b-f35c54120001/subjects/7f000101-9bf3-1319-819b-f35c75e60002 | Status: 200 | 7 ms
2026-01-30 20:37:07,560 [34mINFO [0;39m [[34mtomcat-handler-260[0;39m] [33m[XID:awebzpvitpb8y2j][0;39m [32mc.a.oopsly.api.config.LoggingConfig[0;39m - Request: GET /api/v1/oopsly/shelves/7f000101-9bf3-1319-819b-f35c54120001/subjects/7f000101-9bf3-1319-819b-f35c75e60002/cards | Status: 200 | 7 ms
2026-01-30 20:37:11,465 [34mINFO [0;39m [[34mtomcat-handler-261[0;39m] [33m[XID:][0;39m [32mc.a.o.a.c.JwtAuthenticationFilter[0;39m - Filtering request: /api/v1/oopsly/shelves/7f000101-9bf3-1319-819b-f35c54120001/subjects/7f000101-9bf3-1319-819b-f35c75e60002
2026-01-30 20:37:11,465 [34mINFO [0;39m [[34mtomcat-handler-261[0;39m] [33m[XID:][0;39m [32mc.a.o.a.c.JwtAuthenticationFilter[0;39m - Attempting to authenticate using jwt
2026-01-30 20:37:11,465 [34mINFO [0;39m [[34mtomcat-handler-262[0;39m] [33m[XID:][0;39m [32mc.a.o.a.c.JwtAuthenticationFilter[0;39m - Filtering request: /api/v1/oopsly/shelves/7f000101-9bf3-1319-819b-f35c54120001/subjects/7f000101-9bf3-1319-819b-f35c75e60002/cards
2026-01-30 20:37:11,465 [34mINFO [0;39m [[34mtomcat-handler-262[0;39m] [33m[XID:][0;39m [32mc.a.o.a.c.JwtAuthenticationFilter[0;39m - Attempting to authenticate using jwt
2026-01-30 20:37:11,466 [34mINFO [0;39m [[34mtomcat-handler-261[0;39m] [33m[XID:][0;39m [32mc.a.o.a.c.JwtAuthenticationFilter[0;39m - User 7f000101-9bf3-1319-819b-f35c1d640000 authenticated with role USER
2026-01-30 20:37:11,466 [34mINFO [0;39m [[34mtomcat-handler-262[0;39m] [33m[XID:][0;39m [32mc.a.o.a.c.JwtAuthenticationFilter[0;39m - User 7f000101-9bf3-1319-819b-f35c1d640000 authenticated with role USER
2026-01-30 20:37:11,467 [34mINFO [0;39m [[34mtomcat-handler-261[0;39m] [33m[XID:awebjjn3yi36k8k][0;39m [32mc.a.o.a.controller.SubjectController[0;39m - Getting subject: 7f000101-9bf3-1319-819b-f35c75e60002 from shelve: 7f000101-9bf3-1319-819b-f35c54120001
2026-01-30 20:37:11,468 [34mINFO [0;39m [[34mtomcat-handler-261[0;39m] [33m[XID:awebjjn3yi36k8k][0;39m [32mc.a.o.a.s.impl.SubjectServiceImpl[0;39m - Getting subject: 7f000101-9bf3-1319-819b-f35c75e60002 from shelf: 7f000101-9bf3-1319-819b-f35c54120001
2026-01-30 20:37:11,468 [34mINFO [0;39m [[34mtomcat-handler-262[0;39m] [33m[XID:awebyn2ysly2to][0;39m [32mc.a.o.api.controller.CardController[0;39m - Getting all cards for subject: 7f000101-9bf3-1319-819b-f35c75e60002 in shelve: 7f000101-9bf3-1319-819b-f35c54120001 with page: 0 and size: 1000
2026-01-30 20:37:11,469 [34mINFO [0;39m [[34mtomcat-handler-262[0;39m] [33m[XID:awebyn2ysly2to][0;39m [32mc.a.o.a.service.impl.CardServiceImpl[0;39m - Getting all cards for subject: 7f000101-9bf3-1319-819b-f35c75e60002 in shelve: 7f000101-9bf3-1319-819b-f35c54120001 with page: 0 and size: 1000
2026-01-30 20:37:11,473 [34mINFO [0;39m [[34mtomcat-handler-261[0;39m] [33m[XID:awebjjn3yi36k8k][0;39m [32mc.a.o.a.s.impl.SubjectServiceImpl[0;39m - Successfully retrieved subject: 7f000101-9bf3-1319-819b-f35c75e60002
2026-01-30 20:37:11,473 [34mINFO [0;39m [[34mtomcat-handler-262[0;39m] [33m[XID:awebyn2ysly2to][0;39m [32mc.a.o.a.service.impl.CardServiceImpl[0;39m - Successfully retrieved 5 cards for subject: 7f000101-9bf3-1319-819b-f35c75e60002 (total: 5)
2026-01-30 20:37:11,474 [34mINFO [0;39m [[34mtomcat-handler-261[0;39m] [33m[XID:awebjjn3yi36k8k][0;39m [32mc.a.oopsly.api.config.LoggingConfig[0;39m - Request: GET /api/v1/oopsly/shelves/7f000101-9bf3-1319-819b-f35c54120001/subjects/7f000101-9bf3-1319-819b-f35c75e60002 | Status: 200 | 8 ms
2026-01-30 20:37:11,475 [34mINFO [0;39m [[34mtomcat-handler-262[0;39m] [33m[XID:awebyn2ysly2to][0;39m [32mc.a.oopsly.api.config.LoggingConfig[0;39m - Request: GET /api/v1/oopsly/shelves/7f000101-9bf3-1319-819b-f35c54120001/subjects/7f000101-9bf3-1319-819b-f35c75e60002/cards | Status: 200 | 9 ms
2026-01-30 20:37:27,837 [34mINFO [0;39m [[34mtomcat-handler-263[0;39m] [33m[XID:][0;39m [32mc.a.o.a.c.JwtAuthenticationFilter[0;39m - Filtering request: /api/v1/oopsly/shelves
2026-01-30 20:37:27,837 [34mINFO [0;39m [[34mtomcat-handler-263[0;39m] [33m[XID:][0;39m [32mc.a.o.a.c.JwtAuthenticationFilter[0;39m - Attempting to authenticate using jwt
2026-01-30 20:37:27,843 [34mINFO [0;39m [[34mtomcat-handler-263[0;39m] [33m[XID:][0;39m [32mc.a.o.a.c.JwtAuthenticationFilter[0;39m - User 7f000101-9bf3-1319-819b-f35c1d640000 authenticated with role USER
2026-01-30 20:37:27,856 [34mINFO [0;39m [[34mtomcat-handler-263[0;39m] [33m[XID:awebkg75rn3spdg][0;39m [32mc.a.o.a.s.impl.ShelfServiceImpl[0;39m - Retrieving current user info from UserService
2026-01-30 20:37:27,858 [34mINFO [0;39m [[34mtomcat-handler-263[0;39m] [33m[XID:awebkg75rn3spdg][0;39m [32mc.a.o.a.s.impl.ShelfServiceImpl[0;39m - Fetching shelves page 0 size 100 for user 7f000101-9bf3-1319-819b-f35c1d640000
2026-01-30 20:37:27,859 [34mINFO [0;39m [[34mtomcat-handler-263[0;39m] [33m[XID:awebkg75rn3spdg][0;39m [32mc.a.o.a.s.impl.ShelfServiceImpl[0;39m - Retrieving current user info from UserService
2026-01-30 20:37:27,889 [34mINFO [0;39m [[34mtomcat-handler-263[0;39m] [33m[XID:awebkg75rn3spdg][0;39m [32mc.a.oopsly.api.config.LoggingConfig[0;39m - Request: GET /api/v1/oopsly/shelves | Status: 200 | 44 ms
2026-01-30 20:37:29,337 [34mINFO [0;39m [[34mtomcat-handler-264[0;39m] [33m[XID:][0;39m [32mc.a.o.a.c.JwtAuthenticationFilter[0;39m - Filtering request: /api/v1/oopsly/shelves
2026-01-30 20:37:29,338 [34mINFO [0;39m [[34mtomcat-handler-264[0;39m] [33m[XID:][0;39m [32mc.a.o.a.c.JwtAuthenticationFilter[0;39m - Attempting to authenticate using jwt
2026-01-30 20:37:29,340 [34mINFO [0;39m [[34mtomcat-handler-264[0;39m] [33m[XID:][0;39m [32mc.a.o.a.c.JwtAuthenticationFilter[0;39m - User 7f000101-9bf3-1319-819b-f35c1d640000 authenticated with role USER
2026-01-30 20:37:29,351 [34mINFO [0;39m [[34mtomcat-handler-264[0;39m] [33m[XID:awebd01wg757ztt][0;39m [32mc.a.o.a.s.impl.ShelfServiceImpl[0;39m - Retrieving current user info from UserService
2026-01-30 20:37:29,353 [34mINFO [0;39m [[34mtomcat-handler-264[0;39m] [33m[XID:awebd01wg757ztt][0;39m [32mc.a.o.a.s.impl.ShelfServiceImpl[0;39m - Fetching shelves page 0 size 100 for user 7f000101-9bf3-1319-819b-f35c1d640000
2026-01-30 20:37:29,353 [34mINFO [0;39m [[34mtomcat-handler-264[0;39m] [33m[XID:awebd01wg757ztt][0;39m [32mc.a.o.a.s.impl.ShelfServiceImpl[0;39m - Retrieving current user info from UserService
2026-01-30 20:37:29,412 [34mINFO [0;39m [[34mtomcat-handler-264[0;39m] [33m[XID:awebd01wg757ztt][0;39m [32mc.a.oopsly.api.config.LoggingConfig[0;39m - Request: GET /api/v1/oopsly/shelves | Status: 200 | 71 ms
2026-01-30 20:39:25,057 [34mINFO [0;39m [[34mtomcat-handler-267[0;39m] [33m[XID:][0;39m [32mc.a.o.a.c.JwtAuthenticationFilter[0;39m - Filtering request: /api/v1/oopsly/shelves/7f000101-9bf3-1319-819b-f35c54120001/subjects/7f000101-9bf3-1319-819b-f35c75e60002
2026-01-30 20:39:25,059 [34mINFO [0;39m [[34mtomcat-handler-267[0;39m] [33m[XID:][0;39m [32mc.a.o.a.c.JwtAuthenticationFilter[0;39m - Attempting to authenticate using jwt
2026-01-30 20:39:25,058 [34mINFO [0;39m [[34mtomcat-handler-268[0;39m] [33m[XID:][0;39m [32mc.a.o.a.c.JwtAuthenticationFilter[0;39m - Filtering request: /api/v1/oopsly/shelves/7f000101-9bf3-1319-819b-f35c54120001/subjects/7f000101-9bf3-1319-819b-f35c75e60002/cards
2026-01-30 20:39:25,059 [34mINFO [0;39m [[34mtomcat-handler-268[0;39m] [33m[XID:][0;39m [32mc.a.o.a.c.JwtAuthenticationFilter[0;39m - Attempting to authenticate using jwt
2026-01-30 20:39:25,060 [34mINFO [0;39m [[34mtomcat-handler-268[0;39m] [33m[XID:][0;39m [32mc.a.o.a.c.JwtAuthenticationFilter[0;39m - User 7f000101-9bf3-1319-819b-f35c1d640000 authenticated with role USER
2026-01-30 20:39:25,060 [34mINFO [0;39m [[34mtomcat-handler-267[0;39m] [33m[XID:][0;39m [32mc.a.o.a.c.JwtAuthenticationFilter[0;39m - User 7f000101-9bf3-1319-819b-f35c1d640000 authenticated with role USER
2026-01-30 20:39:25,064 [34mINFO [0;39m [[34mtomcat-handler-267[0;39m] [33m[XID:aweb38jnksdmgl1][0;39m [32mc.a.o.a.controller.SubjectController[0;39m - Getting subject: 7f000101-9bf3-1319-819b-f35c75e60002 from shelve: 7f000101-9bf3-1319-819b-f35c54120001
2026-01-30 20:39:25,064 [34mINFO [0;39m [[34mtomcat-handler-268[0;39m] [33m[XID:aweb3z5yjkqmhcm][0;39m [32mc.a.o.api.controller.CardController[0;39m - Getting all cards for subject: 7f000101-9bf3-1319-819b-f35c75e60002 in shelve: 7f000101-9bf3-1319-819b-f35c54120001 with page: 0 and size: 1000
2026-01-30 20:39:25,065 [34mINFO [0;39m [[34mtomcat-handler-268[0;39m] [33m[XID:aweb3z5yjkqmhcm][0;39m [32mc.a.o.a.service.impl.CardServiceImpl[0;39m - Getting all cards for subject: 7f000101-9bf3-1319-819b-f35c75e60002 in shelve: 7f000101-9bf3-1319-819b-f35c54120001 with page: 0 and size: 1000
2026-01-30 20:39:25,064 [34mINFO [0;39m [[34mtomcat-handler-267[0;39m] [33m[XID:aweb38jnksdmgl1][0;39m [32mc.a.o.a.s.impl.SubjectServiceImpl[0;39m - Getting subject: 7f000101-9bf3-1319-819b-f35c75e60002 from shelf: 7f000101-9bf3-1319-819b-f35c54120001
2026-01-30 20:39:25,077 [34mINFO [0;39m [[34mtomcat-handler-267[0;39m] [33m[XID:aweb38jnksdmgl1][0;39m [32mc.a.o.a.s.impl.SubjectServiceImpl[0;39m - Successfully retrieved subject: 7f000101-9bf3-1319-819b-f35c75e60002
2026-01-30 20:39:25,081 [34mINFO [0;39m [[34mtomcat-handler-268[0;39m] [33m[XID:aweb3z5yjkqmhcm][0;39m [32mc.a.o.a.service.impl.CardServiceImpl[0;39m - Successfully retrieved 5 cards for subject: 7f000101-9bf3-1319-819b-f35c75e60002 (total: 5)
2026-01-30 20:39:25,083 [34mINFO [0;39m [[34mtomcat-handler-267[0;39m] [33m[XID:aweb38jnksdmgl1][0;39m [32mc.a.oopsly.api.config.LoggingConfig[0;39m - Request: GET /api/v1/oopsly/shelves/7f000101-9bf3-1319-819b-f35c54120001/subjects/7f000101-9bf3-1319-819b-f35c75e60002 | Status: 200 | 22 ms
2026-01-30 20:39:25,084 [34mINFO [0;39m [[34mtomcat-handler-268[0;39m] [33m[XID:aweb3z5yjkqmhcm][0;39m [32mc.a.oopsly.api.config.LoggingConfig[0;39m - Request: GET /api/v1/oopsly/shelves/7f000101-9bf3-1319-819b-f35c54120001/subjects/7f000101-9bf3-1319-819b-f35c75e60002/cards | Status: 200 | 23 ms
2026-01-30 20:43:10,085 [34mINFO [0;39m [[34mtomcat-handler-271[0;39m] [33m[XID:][0;39m [32mc.a.o.a.c.JwtAuthenticationFilter[0;39m - Filtering request: /api/v1/oopsly/shelves/7f000101-9bf3-1319-819b-f35c54120001/subjects/7f000101-9bf3-1319-819b-f35c75e60002
2026-01-30 20:43:10,088 [34mINFO [0;39m [[34mtomcat-handler-271[0;39m] [33m[XID:][0;39m [32mc.a.o.a.c.JwtAuthenticationFilter[0;39m - Attempting to authenticate using jwt
2026-01-30 20:43:10,090 [34mINFO [0;39m [[34mtomcat-handler-271[0;39m] [33m[XID:][0;39m [32mc.a.o.a.c.JwtAuthenticationFilter[0;39m - User 7f000101-9bf3-1319-819b-f35c1d640000 authenticated with role USER
2026-01-30 20:43:10,096 [34mINFO [0;39m [[34mtomcat-handler-271[0;39m] [33m[XID:awebne5ug5b71c][0;39m [32mc.a.o.a.controller.SubjectController[0;39m - Getting subject: 7f000101-9bf3-1319-819b-f35c75e60002 from shelve: 7f000101-9bf3-1319-819b-f35c54120001
2026-01-30 20:43:10,097 [34mINFO [0;39m [[34mtomcat-handler-271[0;39m] [33m[XID:awebne5ug5b71c][0;39m [32mc.a.o.a.s.impl.SubjectServiceImpl[0;39m - Getting subject: 7f000101-9bf3-1319-819b-f35c75e60002 from shelf: 7f000101-9bf3-1319-819b-f35c54120001
2026-01-30 20:43:10,101 [34mINFO [0;39m [[34mtomcat-handler-272[0;39m] [33m[XID:][0;39m [32mc.a.o.a.c.JwtAuthenticationFilter[0;39m - Filtering request: /api/v1/oopsly/shelves/7f000101-9bf3-1319-819b-f35c54120001/subjects/7f000101-9bf3-1319-819b-f35c75e60002/cards
2026-01-30 20:43:10,101 [34mINFO [0;39m [[34mtomcat-handler-272[0;39m] [33m[XID:][0;39m [32mc.a.o.a.c.JwtAuthenticationFilter[0;39m - Attempting to authenticate using jwt
2026-01-30 20:43:10,102 [34mINFO [0;39m [[34mtomcat-handler-272[0;39m] [33m[XID:][0;39m [32mc.a.o.a.c.JwtAuthenticationFilter[0;39m - User 7f000101-9bf3-1319-819b-f35c1d640000 authenticated with role USER
2026-01-30 20:43:10,104 [34mINFO [0;39m [[34mtomcat-handler-271[0;39m] [33m[XID:awebne5ug5b71c][0;39m [32mc.a.o.a.s.impl.SubjectServiceImpl[0;39m - Successfully retrieved subject: 7f000101-9bf3-1319-819b-f35c75e60002
2026-01-30 20:43:10,105 [34mINFO [0;39m [[34mtomcat-handler-272[0;39m] [33m[XID:aweb6ogl75x31mr][0;39m [32mc.a.o.api.controller.CardController[0;39m - Getting all cards for subject: 7f000101-9bf3-1319-819b-f35c75e60002 in shelve: 7f000101-9bf3-1319-819b-f35c54120001 with page: 0 and size: 1000
2026-01-30 20:43:10,107 [34mINFO [0;39m [[34mtomcat-handler-271[0;39m] [33m[XID:awebne5ug5b71c][0;39m [32mc.a.oopsly.api.config.LoggingConfig[0;39m - Request: GET /api/v1/oopsly/shelves/7f000101-9bf3-1319-819b-f35c54120001/subjects/7f000101-9bf3-1319-819b-f35c75e60002 | Status: 200 | 16 ms
2026-01-30 20:43:10,107 [34mINFO [0;39m [[34mtomcat-handler-272[0;39m] [33m[XID:aweb6ogl75x31mr][0;39m [32mc.a.o.a.service.impl.CardServiceImpl[0;39m - Getting all cards for subject: 7f000101-9bf3-1319-819b-f35c75e60002 in shelve: 7f000101-9bf3-1319-819b-f35c54120001 with page: 0 and size: 1000
2026-01-30 20:43:10,116 [34mINFO [0;39m [[34mtomcat-handler-272[0;39m] [33m[XID:aweb6ogl75x31mr][0;39m [32mc.a.o.a.service.impl.CardServiceImpl[0;39m - Successfully retrieved 5 cards for subject: 7f000101-9bf3-1319-819b-f35c75e60002 (total: 5)
2026-01-30 20:43:10,124 [34mINFO [0;39m [[34mtomcat-handler-272[0;39m] [33m[XID:aweb6ogl75x31mr][0;39m [32mc.a.oopsly.api.config.LoggingConfig[0;39m - Request: GET /api/v1/oopsly/shelves/7f000101-9bf3-1319-819b-f35c54120001/subjects/7f000101-9bf3-1319-819b-f35c75e60002/cards | Status: 200 | 22 ms
2026-01-30 20:43:11,992 [34mINFO [0;39m [[34mtomcat-handler-273[0;39m] [33m[XID:][0;39m [32mc.a.o.a.c.JwtAuthenticationFilter[0;39m - Filtering request: /api/v1/oopsly/shelves/7f000101-9bf3-1319-819b-f35c54120001/subjects/7f000101-9bf3-1319-819b-f35c75e60002
2026-01-30 20:43:11,992 [34mINFO [0;39m [[34mtomcat-handler-274[0;39m] [33m[XID:][0;39m [32mc.a.o.a.c.JwtAuthenticationFilter[0;39m - Filtering request: /api/v1/oopsly/shelves/7f000101-9bf3-1319-819b-f35c54120001/subjects/7f000101-9bf3-1319-819b-f35c75e60002/cards
2026-01-30 20:43:11,992 [34mINFO [0;39m [[34mtomcat-handler-273[0;39m] [33m[XID:][0;39m [32mc.a.o.a.c.JwtAuthenticationFilter[0;39m - Attempting to authenticate using jwt
2026-01-30 20:43:11,993 [34mINFO [0;39m [[34mtomcat-handler-274[0;39m] [33m[XID:][0;39m [32mc.a.o.a.c.JwtAuthenticationFilter[0;39m - Attempting to authenticate using jwt
2026-01-30 20:43:11,994 [34mINFO [0;39m [[34mtomcat-handler-273[0;39m] [33m[XID:][0;39m [32mc.a.o.a.c.JwtAuthenticationFilter[0;39m - User 7f000101-9bf3-1319-819b-f35c1d640000 authenticated with role USER
2026-01-30 20:43:11,995 [34mINFO [0;39m [[34mtomcat-handler-274[0;39m] [33m[XID:][0;39m [32mc.a.o.a.c.JwtAuthenticationFilter[0;39m - User 7f000101-9bf3-1319-819b-f35c1d640000 authenticated with role USER
2026-01-30 20:43:11,996 [34mINFO [0;39m [[34mtomcat-handler-273[0;39m] [33m[XID:awebz4ibnmsl4d][0;39m [32mc.a.o.a.controller.SubjectController[0;39m - Getting subject: 7f000101-9bf3-1319-819b-f35c75e60002 from shelve: 7f000101-9bf3-1319-819b-f35c54120001
2026-01-30 20:43:11,996 [34mINFO [0;39m [[34mtomcat-handler-273[0;39m] [33m[XID:awebz4ibnmsl4d][0;39m [32mc.a.o.a.s.impl.SubjectServiceImpl[0;39m - Getting subject: 7f000101-9bf3-1319-819b-f35c75e60002 from shelf: 7f000101-9bf3-1319-819b-f35c54120001
2026-01-30 20:43:11,997 [34mINFO [0;39m [[34mtomcat-handler-274[0;39m] [33m[XID:aweb4bsy306ibca][0;39m [32mc.a.o.api.controller.CardController[0;39m - Getting all cards for subject: 7f000101-9bf3-1319-819b-f35c75e60002 in shelve: 7f000101-9bf3-1319-819b-f35c54120001 with page: 0 and size: 1000
2026-01-30 20:43:11,997 [34mINFO [0;39m [[34mtomcat-handler-274[0;39m] [33m[XID:aweb4bsy306ibca][0;39m [32mc.a.o.a.service.impl.CardServiceImpl[0;39m - Getting all cards for subject: 7f000101-9bf3-1319-819b-f35c75e60002 in shelve: 7f000101-9bf3-1319-819b-f35c54120001 with page: 0 and size: 1000
2026-01-30 20:43:12,002 [34mINFO [0;39m [[34mtomcat-handler-273[0;39m] [33m[XID:awebz4ibnmsl4d][0;39m [32mc.a.o.a.s.impl.SubjectServiceImpl[0;39m - Successfully retrieved subject: 7f000101-9bf3-1319-819b-f35c75e60002
2026-01-30 20:43:12,003 [34mINFO [0;39m [[34mtomcat-handler-274[0;39m] [33m[XID:aweb4bsy306ibca][0;39m [32mc.a.o.a.service.impl.CardServiceImpl[0;39m - Successfully retrieved 5 cards for subject: 7f000101-9bf3-1319-819b-f35c75e60002 (total: 5)
2026-01-30 20:43:12,004 [34mINFO [0;39m [[34mtomcat-handler-273[0;39m] [33m[XID:awebz4ibnmsl4d][0;39m [32mc.a.oopsly.api.config.LoggingConfig[0;39m - Request: GET /api/v1/oopsly/shelves/7f000101-9bf3-1319-819b-f35c54120001/subjects/7f000101-9bf3-1319-819b-f35c75e60002 | Status: 200 | 10 ms
2026-01-30 20:43:12,006 [34mINFO [0;39m [[34mtomcat-handler-274[0;39m] [33m[XID:aweb4bsy306ibca][0;39m [32mc.a.oopsly.api.config.LoggingConfig[0;39m - Request: GET /api/v1/oopsly/shelves/7f000101-9bf3-1319-819b-f35c54120001/subjects/7f000101-9bf3-1319-819b-f35c75e60002/cards | Status: 200 | 10 ms
2026-01-30 20:43:16,247 [34mINFO [0;39m [[34mtomcat-handler-275[0;39m] [33m[XID:][0;39m [32mc.a.o.a.c.JwtAuthenticationFilter[0;39m - Filtering request: /api/v1/oopsly/shelves/7f000101-9bf3-1319-819b-f35c54120001/subjects/7f000101-9bf3-1319-819b-f35c75e60002
2026-01-30 20:43:16,248 [34mINFO [0;39m [[34mtomcat-handler-275[0;39m] [33m[XID:][0;39m [32mc.a.o.a.c.JwtAuthenticationFilter[0;39m - Attempting to authenticate using jwt
2026-01-30 20:43:16,248 [34mINFO [0;39m [[34mtomcat-handler-275[0;39m] [33m[XID:][0;39m [32mc.a.o.a.c.JwtAuthenticationFilter[0;39m - User 7f000101-9bf3-1319-819b-f35c1d640000 authenticated with role USER
2026-01-30 20:43:16,250 [34mINFO [0;39m [[34mtomcat-handler-275[0;39m] [33m[XID:awebzcbbyh7npfh][0;39m [32mc.a.o.a.controller.SubjectController[0;39m - Getting subject: 7f000101-9bf3-1319-819b-f35c75e60002 from shelve: 7f000101-9bf3-1319-819b-f35c54120001
2026-01-30 20:43:16,251 [34mINFO [0;39m [[34mtomcat-handler-275[0;39m] [33m[XID:awebzcbbyh7npfh][0;39m [32mc.a.o.a.s.impl.SubjectServiceImpl[0;39m - Getting subject: 7f000101-9bf3-1319-819b-f35c75e60002 from shelf: 7f000101-9bf3-1319-819b-f35c54120001
2026-01-30 20:43:16,254 [34mINFO [0;39m [[34mtomcat-handler-275[0;39m] [33m[XID:awebzcbbyh7npfh][0;39m [32mc.a.o.a.s.impl.SubjectServiceImpl[0;39m - Successfully retrieved subject: 7f000101-9bf3-1319-819b-f35c75e60002
2026-01-30 20:43:16,456 [34mINFO [0;39m [[34mtomcat-handler-275[0;39m] [33m[XID:awebzcbbyh7npfh][0;39m [32mc.a.oopsly.api.config.LoggingConfig[0;39m - Request: GET /api/v1/oopsly/shelves/7f000101-9bf3-1319-819b-f35c54120001/subjects/7f000101-9bf3-1319-819b-f35c75e60002 | Status: 200 | 207 ms
2026-01-30 20:43:16,623 [34mINFO [0;39m [[34mtomcat-handler-276[0;39m] [33m[XID:][0;39m [32mc.a.o.a.c.JwtAuthenticationFilter[0;39m - Filtering request: /api/v1/oopsly/shelves/7f000101-9bf3-1319-819b-f35c54120001/subjects/7f000101-9bf3-1319-819b-f35c75e60002/cards
2026-01-30 20:43:16,624 [34mINFO [0;39m [[34mtomcat-handler-276[0;39m] [33m[XID:][0;39m [32mc.a.o.a.c.JwtAuthenticationFilter[0;39m - Attempting to authenticate using jwt
2026-01-30 20:43:16,624 [34mINFO [0;39m [[34mtomcat-handler-276[0;39m] [33m[XID:][0;39m [32mc.a.o.a.c.JwtAuthenticationFilter[0;39m - User 7f000101-9bf3-1319-819b-f35c1d640000 authenticated with role USER
2026-01-30 20:43:16,627 [34mINFO [0;39m [[34mtomcat-handler-276[0;39m] [33m[XID:awebaz1nypclr67][0;39m [32mc.a.o.api.controller.CardController[0;39m - Getting all cards for subject: 7f000101-9bf3-1319-819b-f35c75e60002 in shelve: 7f000101-9bf3-1319-819b-f35c54120001 with page: 0 and size: 1000
2026-01-30 20:43:16,627 [34mINFO [0;39m [[34mtomcat-handler-276[0;39m] [33m[XID:awebaz1nypclr67][0;39m [32mc.a.o.a.service.impl.CardServiceImpl[0;39m - Getting all cards for subject: 7f000101-9bf3-1319-819b-f35c75e60002 in shelve: 7f000101-9bf3-1319-819b-f35c54120001 with page: 0 and size: 1000
2026-01-30 20:43:16,631 [34mINFO [0;39m [[34mtomcat-handler-276[0;39m] [33m[XID:awebaz1nypclr67][0;39m [32mc.a.o.a.service.impl.CardServiceImpl[0;39m - Successfully retrieved 5 cards for subject: 7f000101-9bf3-1319-819b-f35c75e60002 (total: 5)
2026-01-30 20:43:16,633 [34mINFO [0;39m [[34mtomcat-handler-276[0;39m] [33m[XID:awebaz1nypclr67][0;39m [32mc.a.oopsly.api.config.LoggingConfig[0;39m - Request: GET /api/v1/oopsly/shelves/7f000101-9bf3-1319-819b-f35c54120001/subjects/7f000101-9bf3-1319-819b-f35c75e60002/cards | Status: 200 | 8 ms
2026-01-30 20:43:20,685 [34mINFO [0;39m [[34mtomcat-handler-277[0;39m] [33m[XID:][0;39m [32mc.a.o.a.c.JwtAuthenticationFilter[0;39m - Filtering request: /api/v1/oopsly/shelves/7f000101-9bf3-1319-819b-f35c54120001/subjects/7f000101-9bf3-1319-819b-f35c75e60002/cards/7f000101-9c0e-1973-819c-0f136ba80000
2026-01-30 20:43:20,685 [34mINFO [0;39m [[34mtomcat-handler-277[0;39m] [33m[XID:][0;39m [32mc.a.o.a.c.JwtAuthenticationFilter[0;39m - Attempting to authenticate using jwt
2026-01-30 20:43:20,685 [34mINFO [0;39m [[34mtomcat-handler-277[0;39m] [33m[XID:][0;39m [32mc.a.o.a.c.JwtAuthenticationFilter[0;39m - User 7f000101-9bf3-1319-819b-f35c1d640000 authenticated with role USER
2026-01-30 20:43:20,691 [34mINFO [0;39m [[34mtomcat-handler-277[0;39m] [33m[XID:awebdeemk8m9o4w][0;39m [32mc.a.o.api.controller.CardController[0;39m - Deleting card: 7f000101-9c0e-1973-819c-0f136ba80000 from collection: 7f000101-9bf3-1319-819b-f35c75e60002 in deck: 7f000101-9bf3-1319-819b-f35c54120001
2026-01-30 20:43:20,694 [34mINFO [0;39m [[34mtomcat-handler-277[0;39m] [33m[XID:awebdeemk8m9o4w][0;39m [32mc.a.o.a.service.impl.CardServiceImpl[0;39m - Deleting card: 7f000101-9c0e-1973-819c-0f136ba80000 from subject: 7f000101-9bf3-1319-819b-f35c75e60002 in shelve: 7f000101-9bf3-1319-819b-f35c54120001
2026-01-30 20:43:20,709 [34mINFO [0;39m [[34mtomcat-handler-277[0;39m] [33m[XID:awebdeemk8m9o4w][0;39m [32mc.a.o.a.service.impl.CardServiceImpl[0;39m - Successfully deleted card: 7f000101-9c0e-1973-819c-0f136ba80000
2026-01-30 20:43:20,711 [34mINFO [0;39m [[34mtomcat-handler-277[0;39m] [33m[XID:awebdeemk8m9o4w][0;39m [32mc.a.oopsly.api.config.LoggingConfig[0;39m - Request: PATCH /api/v1/oopsly/shelves/7f000101-9bf3-1319-819b-f35c54120001/subjects/7f000101-9bf3-1319-819b-f35c75e60002/cards/7f000101-9c0e-1973-819c-0f136ba80000 | Status: 200 | 25 ms
2026-01-30 20:43:20,719 [34mINFO [0;39m [[34mtomcat-handler-278[0;39m] [33m[XID:][0;39m [32mc.a.o.a.c.JwtAuthenticationFilter[0;39m - Filtering request: /api/v1/oopsly/shelves/7f000101-9bf3-1319-819b-f35c54120001/subjects/7f000101-9bf3-1319-819b-f35c75e60002/cards
2026-01-30 20:43:20,719 [34mINFO [0;39m [[34mtomcat-handler-278[0;39m] [33m[XID:][0;39m [32mc.a.o.a.c.JwtAuthenticationFilter[0;39m - Attempting to authenticate using jwt
2026-01-30 20:43:20,720 [34mINFO [0;39m [[34mtomcat-handler-278[0;39m] [33m[XID:][0;39m [32mc.a.o.a.c.JwtAuthenticationFilter[0;39m - User 7f000101-9bf3-1319-819b-f35c1d640000 authenticated with role USER
2026-01-30 20:43:20,722 [34mINFO [0;39m [[34mtomcat-handler-278[0;39m] [33m[XID:aweb5lfkrsy5ir9][0;39m [32mc.a.o.api.controller.CardController[0;39m - Getting all cards for subject: 7f000101-9bf3-1319-819b-f35c75e60002 in shelve: 7f000101-9bf3-1319-819b-f35c54120001 with page: 0 and size: 1000
2026-01-30 20:43:20,723 [34mINFO [0;39m [[34mtomcat-handler-278[0;39m] [33m[XID:aweb5lfkrsy5ir9][0;39m [32mc.a.o.a.service.impl.CardServiceImpl[0;39m - Getting all cards for subject: 7f000101-9bf3-1319-819b-f35c75e60002 in shelve: 7f000101-9bf3-1319-819b-f35c54120001 with page: 0 and size: 1000
2026-01-30 20:43:20,727 [34mINFO [0;39m [[34mtomcat-handler-278[0;39m] [33m[XID:aweb5lfkrsy5ir9][0;39m [32mc.a.o.a.service.impl.CardServiceImpl[0;39m - Successfully retrieved 4 cards for subject: 7f000101-9bf3-1319-819b-f35c75e60002 (total: 4)
2026-01-30 20:43:20,729 [34mINFO [0;39m [[34mtomcat-handler-278[0;39m] [33m[XID:aweb5lfkrsy5ir9][0;39m [32mc.a.oopsly.api.config.LoggingConfig[0;39m - Request: GET /api/v1/oopsly/shelves/7f000101-9bf3-1319-819b-f35c54120001/subjects/7f000101-9bf3-1319-819b-f35c75e60002/cards | Status: 200 | 8 ms
2026-01-30 20:44:05,415 [34mINFO [0;39m [[34mtomcat-handler-280[0;39m] [33m[XID:][0;39m [32mc.a.o.a.c.JwtAuthenticationFilter[0;39m - Filtering request: /api/v1/oopsly/shelves/7f000101-9bf3-1319-819b-f35c54120001/subjects/7f000101-9bf3-1319-819b-f35c75e60002/cards
2026-01-30 20:44:05,415 [34mINFO [0;39m [[34mtomcat-handler-279[0;39m] [33m[XID:][0;39m [32mc.a.o.a.c.JwtAuthenticationFilter[0;39m - Filtering request: /api/v1/oopsly/shelves/7f000101-9bf3-1319-819b-f35c54120001/subjects/7f000101-9bf3-1319-819b-f35c75e60002
2026-01-30 20:44:05,416 [34mINFO [0;39m [[34mtomcat-handler-280[0;39m] [33m[XID:][0;39m [32mc.a.o.a.c.JwtAuthenticationFilter[0;39m - Attempting to authenticate using jwt
2026-01-30 20:44:05,416 [34mINFO [0;39m [[34mtomcat-handler-279[0;39m] [33m[XID:][0;39m [32mc.a.o.a.c.JwtAuthenticationFilter[0;39m - Attempting to authenticate using jwt
2026-01-30 20:44:05,416 [34mINFO [0;39m [[34mtomcat-handler-280[0;39m] [33m[XID:][0;39m [32mc.a.o.a.c.JwtAuthenticationFilter[0;39m - User 7f000101-9bf3-1319-819b-f35c1d640000 authenticated with role USER
2026-01-30 20:44:05,417 [34mINFO [0;39m [[34mtomcat-handler-279[0;39m] [33m[XID:][0;39m [32mc.a.o.a.c.JwtAuthenticationFilter[0;39m - User 7f000101-9bf3-1319-819b-f35c1d640000 authenticated with role USER
2026-01-30 20:44:05,419 [34mINFO [0;39m [[34mtomcat-handler-279[0;39m] [33m[XID:awebg2fvnimlkn][0;39m [32mc.a.o.a.controller.SubjectController[0;39m - Getting subject: 7f000101-9bf3-1319-819b-f35c75e60002 from shelve: 7f000101-9bf3-1319-819b-f35c54120001
2026-01-30 20:44:05,419 [34mINFO [0;39m [[34mtomcat-handler-280[0;39m] [33m[XID:awebedqz4q6qpwl][0;39m [32mc.a.o.api.controller.CardController[0;39m - Getting all cards for subject: 7f000101-9bf3-1319-819b-f35c75e60002 in shelve: 7f000101-9bf3-1319-819b-f35c54120001 with page: 0 and size: 1000
2026-01-30 20:44:05,419 [34mINFO [0;39m [[34mtomcat-handler-279[0;39m] [33m[XID:awebg2fvnimlkn][0;39m [32mc.a.o.a.s.impl.SubjectServiceImpl[0;39m - Getting subject: 7f000101-9bf3-1319-819b-f35c75e60002 from shelf: 7f000101-9bf3-1319-819b-f35c54120001
2026-01-30 20:44:05,419 [34mINFO [0;39m [[34mtomcat-handler-280[0;39m] [33m[XID:awebedqz4q6qpwl][0;39m [32mc.a.o.a.service.impl.CardServiceImpl[0;39m - Getting all cards for subject: 7f000101-9bf3-1319-819b-f35c75e60002 in shelve: 7f000101-9bf3-1319-819b-f35c54120001 with page: 0 and size: 1000
2026-01-30 20:44:05,424 [34mINFO [0;39m [[34mtomcat-handler-279[0;39m] [33m[XID:awebg2fvnimlkn][0;39m [32mc.a.o.a.s.impl.SubjectServiceImpl[0;39m - Successfully retrieved subject: 7f000101-9bf3-1319-819b-f35c75e60002
2026-01-30 20:44:05,426 [34mINFO [0;39m [[34mtomcat-handler-279[0;39m] [33m[XID:awebg2fvnimlkn][0;39m [32mc.a.oopsly.api.config.LoggingConfig[0;39m - Request: GET /api/v1/oopsly/shelves/7f000101-9bf3-1319-819b-f35c54120001/subjects/7f000101-9bf3-1319-819b-f35c75e60002 | Status: 200 | 9 ms
2026-01-30 20:44:05,427 [34mINFO [0;39m [[34mtomcat-handler-280[0;39m] [33m[XID:awebedqz4q6qpwl][0;39m [32mc.a.o.a.service.impl.CardServiceImpl[0;39m - Successfully retrieved 4 cards for subject: 7f000101-9bf3-1319-819b-f35c75e60002 (total: 4)
2026-01-30 20:44:05,429 [34mINFO [0;39m [[34mtomcat-handler-280[0;39m] [33m[XID:awebedqz4q6qpwl][0;39m [32mc.a.oopsly.api.config.LoggingConfig[0;39m - Request: GET /api/v1/oopsly/shelves/7f000101-9bf3-1319-819b-f35c54120001/subjects/7f000101-9bf3-1319-819b-f35c75e60002/cards | Status: 200 | 12 ms
2026-01-30 20:44:48,048 [34mINFO [0;39m [[34mtomcat-handler-281[0;39m] [33m[XID:][0;39m [32mc.a.o.a.c.JwtAuthenticationFilter[0;39m - Filtering request: /api/v1/oopsly/shelves/7f000101-9bf3-1319-819b-f35c54120001/subjects/7f000101-9bf3-1319-819b-f35c75e60002
2026-01-30 20:44:48,048 [34mINFO [0;39m [[34mtomcat-handler-282[0;39m] [33m[XID:][0;39m [32mc.a.o.a.c.JwtAuthenticationFilter[0;39m - Filtering request: /api/v1/oopsly/shelves/7f000101-9bf3-1319-819b-f35c54120001/subjects/7f000101-9bf3-1319-819b-f35c75e60002/cards
2026-01-30 20:44:48,049 [34mINFO [0;39m [[34mtomcat-handler-281[0;39m] [33m[XID:][0;39m [32mc.a.o.a.c.JwtAuthenticationFilter[0;39m - Attempting to authenticate using jwt
2026-01-30 20:44:48,049 [34mINFO [0;39m [[34mtomcat-handler-282[0;39m] [33m[XID:][0;39m [32mc.a.o.a.c.JwtAuthenticationFilter[0;39m - Attempting to authenticate using jwt
2026-01-30 20:44:48,049 [34mINFO [0;39m [[34mtomcat-handler-282[0;39m] [33m[XID:][0;39m [32mc.a.o.a.c.JwtAuthenticationFilter[0;39m - User 7f000101-9bf3-1319-819b-f35c1d640000 authenticated with role USER
2026-01-30 20:44:48,049 [34mINFO [0;39m [[34mtomcat-handler-281[0;39m] [33m[XID:][0;39m [32mc.a.o.a.c.JwtAuthenticationFilter[0;39m - User 7f000101-9bf3-1319-819b-f35c1d640000 authenticated with role USER
2026-01-30 20:44:48,051 [34mINFO [0;39m [[34mtomcat-handler-281[0;39m] [33m[XID:awebh9sns1r7kqt][0;39m [32mc.a.o.a.controller.SubjectController[0;39m - Getting subject: 7f000101-9bf3-1319-819b-f35c75e60002 from shelve: 7f000101-9bf3-1319-819b-f35c54120001
2026-01-30 20:44:48,051 [34mINFO [0;39m [[34mtomcat-handler-282[0;39m] [33m[XID:aweb067d3bt2vf7i][0;39m [32mc.a.o.api.controller.CardController[0;39m - Getting all cards for subject: 7f000101-9bf3-1319-819b-f35c75e60002 in shelve: 7f000101-9bf3-1319-819b-f35c54120001 with page: 0 and size: 1000
2026-01-30 20:44:48,051 [34mINFO [0;39m [[34mtomcat-handler-281[0;39m] [33m[XID:awebh9sns1r7kqt][0;39m [32mc.a.o.a.s.impl.SubjectServiceImpl[0;39m - Getting subject: 7f000101-9bf3-1319-819b-f35c75e60002 from shelf: 7f000101-9bf3-1319-819b-f35c54120001
2026-01-30 20:44:48,051 [34mINFO [0;39m [[34mtomcat-handler-282[0;39m] [33m[XID:aweb067d3bt2vf7i][0;39m [32mc.a.o.a.service.impl.CardServiceImpl[0;39m - Getting all cards for subject: 7f000101-9bf3-1319-819b-f35c75e60002 in shelve: 7f000101-9bf3-1319-819b-f35c54120001 with page: 0 and size: 1000
2026-01-30 20:44:48,055 [34mINFO [0;39m [[34mtomcat-handler-281[0;39m] [33m[XID:awebh9sns1r7kqt][0;39m [32mc.a.o.a.s.impl.SubjectServiceImpl[0;39m - Successfully retrieved subject: 7f000101-9bf3-1319-819b-f35c75e60002
2026-01-30 20:44:48,056 [34mINFO [0;39m [[34mtomcat-handler-282[0;39m] [33m[XID:aweb067d3bt2vf7i][0;39m [32mc.a.o.a.service.impl.CardServiceImpl[0;39m - Successfully retrieved 4 cards for subject: 7f000101-9bf3-1319-819b-f35c75e60002 (total: 4)
2026-01-30 20:44:48,059 [34mINFO [0;39m [[34mtomcat-handler-282[0;39m] [33m[XID:aweb067d3bt2vf7i][0;39m [32mc.a.oopsly.api.config.LoggingConfig[0;39m - Request: GET /api/v1/oopsly/shelves/7f000101-9bf3-1319-819b-f35c54120001/subjects/7f000101-9bf3-1319-819b-f35c75e60002/cards | Status: 200 | 9 ms
2026-01-30 20:44:48,058 [34mINFO [0;39m [[34mtomcat-handler-281[0;39m] [33m[XID:awebh9sns1r7kqt][0;39m [32mc.a.oopsly.api.config.LoggingConfig[0;39m - Request: GET /api/v1/oopsly/shelves/7f000101-9bf3-1319-819b-f35c54120001/subjects/7f000101-9bf3-1319-819b-f35c75e60002 | Status: 200 | 8 ms
2026-01-30 20:44:56,737 [34mINFO [0;39m [[34mtomcat-handler-284[0;39m] [33m[XID:][0;39m [32mc.a.o.a.c.JwtAuthenticationFilter[0;39m - Filtering request: /api/v1/oopsly/shelves/7f000101-9bf3-1319-819b-f35c54120001/subjects/7f000101-9bf3-1319-819b-f35c75e60002/cards
2026-01-30 20:44:56,738 [34mINFO [0;39m [[34mtomcat-handler-284[0;39m] [33m[XID:][0;39m [32mc.a.o.a.c.JwtAuthenticationFilter[0;39m - Attempting to authenticate using jwt
2026-01-30 20:44:56,737 [34mINFO [0;39m [[34mtomcat-handler-283[0;39m] [33m[XID:][0;39m [32mc.a.o.a.c.JwtAuthenticationFilter[0;39m - Filtering request: /api/v1/oopsly/shelves/7f000101-9bf3-1319-819b-f35c54120001/subjects/7f000101-9bf3-1319-819b-f35c75e60002
2026-01-30 20:44:56,738 [34mINFO [0;39m [[34mtomcat-handler-283[0;39m] [33m[XID:][0;39m [32mc.a.o.a.c.JwtAuthenticationFilter[0;39m - Attempting to authenticate using jwt
2026-01-30 20:44:56,738 [34mINFO [0;39m [[34mtomcat-handler-284[0;39m] [33m[XID:][0;39m [32mc.a.o.a.c.JwtAuthenticationFilter[0;39m - User 7f000101-9bf3-1319-819b-f35c1d640000 authenticated with role USER
2026-01-30 20:44:56,739 [34mINFO [0;39m [[34mtomcat-handler-283[0;39m] [33m[XID:][0;39m [32mc.a.o.a.c.JwtAuthenticationFilter[0;39m - User 7f000101-9bf3-1319-819b-f35c1d640000 authenticated with role USER
2026-01-30 20:44:56,741 [34mINFO [0;39m [[34mtomcat-handler-283[0;39m] [33m[XID:awebg7qmoi76046][0;39m [32mc.a.o.a.controller.SubjectController[0;39m - Getting subject: 7f000101-9bf3-1319-819b-f35c75e60002 from shelve: 7f000101-9bf3-1319-819b-f35c54120001
2026-01-30 20:44:56,742 [34mINFO [0;39m [[34mtomcat-handler-283[0;39m] [33m[XID:awebg7qmoi76046][0;39m [32mc.a.o.a.s.impl.SubjectServiceImpl[0;39m - Getting subject: 7f000101-9bf3-1319-819b-f35c75e60002 from shelf: 7f000101-9bf3-1319-819b-f35c54120001
2026-01-30 20:44:56,741 [34mINFO [0;39m [[34mtomcat-handler-284[0;39m] [33m[XID:awebb77fzyo4r8w][0;39m [32mc.a.o.api.controller.CardController[0;39m - Getting all cards for subject: 7f000101-9bf3-1319-819b-f35c75e60002 in shelve: 7f000101-9bf3-1319-819b-f35c54120001 with page: 0 and size: 1000
2026-01-30 20:44:56,742 [34mINFO [0;39m [[34mtomcat-handler-284[0;39m] [33m[XID:awebb77fzyo4r8w][0;39m [32mc.a.o.a.service.impl.CardServiceImpl[0;39m - Getting all cards for subject: 7f000101-9bf3-1319-819b-f35c75e60002 in shelve: 7f000101-9bf3-1319-819b-f35c54120001 with page: 0 and size: 1000
2026-01-30 20:44:56,745 [34mINFO [0;39m [[34mtomcat-handler-283[0;39m] [33m[XID:awebg7qmoi76046][0;39m [32mc.a.o.a.s.impl.SubjectServiceImpl[0;39m - Successfully retrieved subject: 7f000101-9bf3-1319-819b-f35c75e60002
2026-01-30 20:44:56,746 [34mINFO [0;39m [[34mtomcat-handler-284[0;39m] [33m[XID:awebb77fzyo4r8w][0;39m [32mc.a.o.a.service.impl.CardServiceImpl[0;39m - Successfully retrieved 4 cards for subject: 7f000101-9bf3-1319-819b-f35c75e60002 (total: 4)
2026-01-30 20:44:56,747 [34mINFO [0;39m [[34mtomcat-handler-283[0;39m] [33m[XID:awebg7qmoi76046][0;39m [32mc.a.oopsly.api.config.LoggingConfig[0;39m - Request: GET /api/v1/oopsly/shelves/7f000101-9bf3-1319-819b-f35c54120001/subjects/7f000101-9bf3-1319-819b-f35c75e60002 | Status: 200 | 7 ms
2026-01-30 20:44:56,748 [34mINFO [0;39m [[34mtomcat-handler-284[0;39m] [33m[XID:awebb77fzyo4r8w][0;39m [32mc.a.oopsly.api.config.LoggingConfig[0;39m - Request: GET /api/v1/oopsly/shelves/7f000101-9bf3-1319-819b-f35c54120001/subjects/7f000101-9bf3-1319-819b-f35c75e60002/cards | Status: 200 | 9 ms
2026-01-30 20:45:04,057 [34mINFO [0;39m [[34mtomcat-handler-285[0;39m] [33m[XID:][0;39m [32mc.a.o.a.c.JwtAuthenticationFilter[0;39m - Filtering request: /api/v1/oopsly/shelves/7f000101-9bf3-1319-819b-f35c54120001/subjects/7f000101-9bf3-1319-819b-f35c75e60002/cards
2026-01-30 20:45:04,077 [34mINFO [0;39m [[34mtomcat-handler-285[0;39m] [33m[XID:][0;39m [32mc.a.o.a.c.JwtAuthenticationFilter[0;39m - Attempting to authenticate using jwt
2026-01-30 20:45:04,062 [34mINFO [0;39m [[34mtomcat-handler-286[0;39m] [33m[XID:][0;39m [32mc.a.o.a.c.JwtAuthenticationFilter[0;39m - Filtering request: /api/v1/oopsly/shelves/7f000101-9bf3-1319-819b-f35c54120001/subjects/7f000101-9bf3-1319-819b-f35c75e60002
2026-01-30 20:45:04,091 [34mINFO [0;39m [[34mtomcat-handler-286[0;39m] [33m[XID:][0;39m [32mc.a.o.a.c.JwtAuthenticationFilter[0;39m - Attempting to authenticate using jwt
2026-01-30 20:45:04,093 [34mINFO [0;39m [[34mtomcat-handler-286[0;39m] [33m[XID:][0;39m [32mc.a.o.a.c.JwtAuthenticationFilter[0;39m - User 7f000101-9bf3-1319-819b-f35c1d640000 authenticated with role USER
2026-01-30 20:45:04,078 [34mINFO [0;39m [[34mtomcat-handler-285[0;39m] [33m[XID:][0;39m [32mc.a.o.a.c.JwtAuthenticationFilter[0;39m - User 7f000101-9bf3-1319-819b-f35c1d640000 authenticated with role USER
2026-01-30 20:45:04,105 [34mINFO [0;39m [[34mtomcat-handler-286[0;39m] [33m[XID:awebxmbak5km2ur][0;39m [32mc.a.o.a.controller.SubjectController[0;39m - Getting subject: 7f000101-9bf3-1319-819b-f35c75e60002 from shelve: 7f000101-9bf3-1319-819b-f35c54120001
2026-01-30 20:45:04,107 [34mINFO [0;39m [[34mtomcat-handler-286[0;39m] [33m[XID:awebxmbak5km2ur][0;39m [32mc.a.o.a.s.impl.SubjectServiceImpl[0;39m - Getting subject: 7f000101-9bf3-1319-819b-f35c75e60002 from shelf: 7f000101-9bf3-1319-819b-f35c54120001
2026-01-30 20:45:04,108 [34mINFO [0;39m [[34mtomcat-handler-285[0;39m] [33m[XID:awebsnopkvo2m7][0;39m [32mc.a.o.api.controller.CardController[0;39m - Getting all cards for subject: 7f000101-9bf3-1319-819b-f35c75e60002 in shelve: 7f000101-9bf3-1319-819b-f35c54120001 with page: 0 and size: 1000
2026-01-30 20:45:04,117 [34mINFO [0;39m [[34mtomcat-handler-285[0;39m] [33m[XID:awebsnopkvo2m7][0;39m [32mc.a.o.a.service.impl.CardServiceImpl[0;39m - Getting all cards for subject: 7f000101-9bf3-1319-819b-f35c75e60002 in shelve: 7f000101-9bf3-1319-819b-f35c54120001 with page: 0 and size: 1000
2026-01-30 20:45:04,131 [34mINFO [0;39m [[34mtomcat-handler-286[0;39m] [33m[XID:awebxmbak5km2ur][0;39m [32mc.a.o.a.s.impl.SubjectServiceImpl[0;39m - Successfully retrieved subject: 7f000101-9bf3-1319-819b-f35c75e60002
2026-01-30 20:45:04,146 [34mINFO [0;39m [[34mtomcat-handler-285[0;39m] [33m[XID:awebsnopkvo2m7][0;39m [32mc.a.o.a.service.impl.CardServiceImpl[0;39m - Successfully retrieved 4 cards for subject: 7f000101-9bf3-1319-819b-f35c75e60002 (total: 4)
2026-01-30 20:45:04,154 [34mINFO [0;39m [[34mtomcat-handler-286[0;39m] [33m[XID:awebxmbak5km2ur][0;39m [32mc.a.oopsly.api.config.LoggingConfig[0;39m - Request: GET /api/v1/oopsly/shelves/7f000101-9bf3-1319-819b-f35c54120001/subjects/7f000101-9bf3-1319-819b-f35c75e60002 | Status: 200 | 60 ms
2026-01-30 20:45:04,154 [34mINFO [0;39m [[34mtomcat-handler-285[0;39m] [33m[XID:awebsnopkvo2m7][0;39m [32mc.a.oopsly.api.config.LoggingConfig[0;39m - Request: GET /api/v1/oopsly/shelves/7f000101-9bf3-1319-819b-f35c54120001/subjects/7f000101-9bf3-1319-819b-f35c75e60002/cards | Status: 200 | 52 ms
2026-01-30 20:45:14,544 [34mINFO [0;39m [[34mtomcat-handler-287[0;39m] [33m[XID:][0;39m [32mc.a.o.a.c.JwtAuthenticationFilter[0;39m - Filtering request: /api/v1/oopsly/shelves
2026-01-30 20:45:14,544 [34mINFO [0;39m [[34mtomcat-handler-288[0;39m] [33m[XID:][0;39m [32mc.a.o.a.c.JwtAuthenticationFilter[0;39m - Filtering request: /api/v1/oopsly/shelves/7f000101-9bf3-1319-819b-f35c54120001/subjects/7f000101-9bf3-1319-819b-f35c75e60002
2026-01-30 20:45:14,545 [34mINFO [0;39m [[34mtomcat-handler-288[0;39m] [33m[XID:][0;39m [32mc.a.o.a.c.JwtAuthenticationFilter[0;39m - Attempting to authenticate using jwt
2026-01-30 20:45:14,545 [34mINFO [0;39m [[34mtomcat-handler-287[0;39m] [33m[XID:][0;39m [32mc.a.o.a.c.JwtAuthenticationFilter[0;39m - Attempting to authenticate using jwt
2026-01-30 20:45:14,546 [34mINFO [0;39m [[34mtomcat-handler-288[0;39m] [33m[XID:][0;39m [32mc.a.o.a.c.JwtAuthenticationFilter[0;39m - User 7f000101-9bf3-1319-819b-f35c1d640000 authenticated with role USER
2026-01-30 20:45:14,546 [34mINFO [0;39m [[34mtomcat-handler-287[0;39m] [33m[XID:][0;39m [32mc.a.o.a.c.JwtAuthenticationFilter[0;39m - User 7f000101-9bf3-1319-819b-f35c1d640000 authenticated with role USER
2026-01-30 20:45:14,551 [34mINFO [0;39m [[34mtomcat-handler-287[0;39m] [33m[XID:awebg2awtnx0rw][0;39m [32mc.a.o.a.s.impl.ShelfServiceImpl[0;39m - Retrieving current user info from UserService
2026-01-30 20:45:14,551 [34mINFO [0;39m [[34mtomcat-handler-288[0;39m] [33m[XID:aweb2poenue0jv][0;39m [32mc.a.o.a.controller.SubjectController[0;39m - Getting subject: 7f000101-9bf3-1319-819b-f35c75e60002 from shelve: 7f000101-9bf3-1319-819b-f35c54120001
2026-01-30 20:45:14,552 [34mINFO [0;39m [[34mtomcat-handler-288[0;39m] [33m[XID:aweb2poenue0jv][0;39m [32mc.a.o.a.s.impl.SubjectServiceImpl[0;39m - Getting subject: 7f000101-9bf3-1319-819b-f35c75e60002 from shelf: 7f000101-9bf3-1319-819b-f35c54120001
2026-01-30 20:45:14,552 [34mINFO [0;39m [[34mtomcat-handler-287[0;39m] [33m[XID:awebg2awtnx0rw][0;39m [32mc.a.o.a.s.impl.ShelfServiceImpl[0;39m - Fetching shelves page 0 size 100 for user 7f000101-9bf3-1319-819b-f35c1d640000
2026-01-30 20:45:14,553 [34mINFO [0;39m [[34mtomcat-handler-287[0;39m] [33m[XID:awebg2awtnx0rw][0;39m [32mc.a.o.a.s.impl.ShelfServiceImpl[0;39m - Retrieving current user info from UserService
2026-01-30 20:45:14,564 [34mINFO [0;39m [[34mtomcat-handler-288[0;39m] [33m[XID:aweb2poenue0jv][0;39m [32mc.a.o.a.s.impl.SubjectServiceImpl[0;39m - Successfully retrieved subject: 7f000101-9bf3-1319-819b-f35c75e60002
2026-01-30 20:45:14,568 [34mINFO [0;39m [[34mtomcat-handler-288[0;39m] [33m[XID:aweb2poenue0jv][0;39m [32mc.a.oopsly.api.config.LoggingConfig[0;39m - Request: GET /api/v1/oopsly/shelves/7f000101-9bf3-1319-819b-f35c54120001/subjects/7f000101-9bf3-1319-819b-f35c75e60002 | Status: 200 | 20 ms
2026-01-30 20:45:14,571 [34mINFO [0;39m [[34mtomcat-handler-289[0;39m] [33m[XID:][0;39m [32mc.a.o.a.c.JwtAuthenticationFilter[0;39m - Filtering request: /api/v1/oopsly/shelves/7f000101-9bf3-1319-819b-f35c54120001/subjects/7f000101-9bf3-1319-819b-f35c75e60002/cards
2026-01-30 20:45:14,572 [34mINFO [0;39m [[34mtomcat-handler-289[0;39m] [33m[XID:][0;39m [32mc.a.o.a.c.JwtAuthenticationFilter[0;39m - Attempting to authenticate using jwt
2026-01-30 20:45:14,573 [34mINFO [0;39m [[34mtomcat-handler-289[0;39m] [33m[XID:][0;39m [32mc.a.o.a.c.JwtAuthenticationFilter[0;39m - User 7f000101-9bf3-1319-819b-f35c1d640000 authenticated with role USER
2026-01-30 20:45:14,577 [34mINFO [0;39m [[34mtomcat-handler-289[0;39m] [33m[XID:awebtyx715dfnk][0;39m [32mc.a.o.api.controller.CardController[0;39m - Getting all cards for subject: 7f000101-9bf3-1319-819b-f35c75e60002 in shelve: 7f000101-9bf3-1319-819b-f35c54120001 with page: 0 and size: 1000
2026-01-30 20:45:14,578 [34mINFO [0;39m [[34mtomcat-handler-289[0;39m] [33m[XID:awebtyx715dfnk][0;39m [32mc.a.o.a.service.impl.CardServiceImpl[0;39m - Getting all cards for subject: 7f000101-9bf3-1319-819b-f35c75e60002 in shelve: 7f000101-9bf3-1319-819b-f35c54120001 with page: 0 and size: 1000
2026-01-30 20:45:14,586 [34mINFO [0;39m [[34mtomcat-handler-289[0;39m] [33m[XID:awebtyx715dfnk][0;39m [32mc.a.o.a.service.impl.CardServiceImpl[0;39m - Successfully retrieved 4 cards for subject: 7f000101-9bf3-1319-819b-f35c75e60002 (total: 4)
2026-01-30 20:45:14,590 [34mINFO [0;39m [[34mtomcat-handler-289[0;39m] [33m[XID:awebtyx715dfnk][0;39m [32mc.a.oopsly.api.config.LoggingConfig[0;39m - Request: GET /api/v1/oopsly/shelves/7f000101-9bf3-1319-819b-f35c54120001/subjects/7f000101-9bf3-1319-819b-f35c75e60002/cards | Status: 200 | 16 ms
2026-01-30 20:45:14,593 [34mINFO [0;39m [[34mtomcat-handler-287[0;39m] [33m[XID:awebg2awtnx0rw][0;39m [32mc.a.oopsly.api.config.LoggingConfig[0;39m - Request: GET /api/v1/oopsly/shelves | Status: 200 | 45 ms
2026-01-30 20:45:24,989 [34mINFO [0;39m [[34mtomcat-handler-290[0;39m] [33m[XID:][0;39m [32mc.a.o.a.c.JwtAuthenticationFilter[0;39m - Filtering request: /api/v1/oopsly/shelves
2026-01-30 20:45:24,989 [34mINFO [0;39m [[34mtomcat-handler-292[0;39m] [33m[XID:][0;39m [32mc.a.o.a.c.JwtAuthenticationFilter[0;39m - Filtering request: /api/v1/oopsly/shelves/7f000101-9bf3-1319-819b-f35c54120001/subjects/7f000101-9bf3-1319-819b-f35c75e60002/cards
2026-01-30 20:45:24,989 [34mINFO [0;39m [[34mtomcat-handler-290[0;39m] [33m[XID:][0;39m [32mc.a.o.a.c.JwtAuthenticationFilter[0;39m - Attempting to authenticate using jwt
2026-01-30 20:45:24,989 [34mINFO [0;39m [[34mtomcat-handler-292[0;39m] [33m[XID:][0;39m [32mc.a.o.a.c.JwtAuthenticationFilter[0;39m - Attempting to authenticate using jwt
2026-01-30 20:45:24,989 [34mINFO [0;39m [[34mtomcat-handler-291[0;39m] [33m[XID:][0;39m [32mc.a.o.a.c.JwtAuthenticationFilter[0;39m - Filtering request: /api/v1/oopsly/shelves/7f000101-9bf3-1319-819b-f35c54120001/subjects/7f000101-9bf3-1319-819b-f35c75e60002
2026-01-30 20:45:24,990 [34mINFO [0;39m [[34mtomcat-handler-291[0;39m] [33m[XID:][0;39m [32mc.a.o.a.c.JwtAuthenticationFilter[0;39m - Attempting to authenticate using jwt
2026-01-30 20:45:24,990 [34mINFO [0;39m [[34mtomcat-handler-290[0;39m] [33m[XID:][0;39m [32mc.a.o.a.c.JwtAuthenticationFilter[0;39m - User 7f000101-9bf3-1319-819b-f35c1d640000 authenticated with role USER
2026-01-30 20:45:24,990 [34mINFO [0;39m [[34mtomcat-handler-292[0;39m] [33m[XID:][0;39m [32mc.a.o.a.c.JwtAuthenticationFilter[0;39m - User 7f000101-9bf3-1319-819b-f35c1d640000 authenticated with role USER
2026-01-30 20:45:24,991 [34mINFO [0;39m [[34mtomcat-handler-291[0;39m] [33m[XID:][0;39m [32mc.a.o.a.c.JwtAuthenticationFilter[0;39m - User 7f000101-9bf3-1319-819b-f35c1d640000 authenticated with role USER
2026-01-30 20:45:24,992 [34mINFO [0;39m [[34mtomcat-handler-291[0;39m] [33m[XID:awebjxxg537pnn][0;39m [32mc.a.o.a.controller.SubjectController[0;39m - Getting subject: 7f000101-9bf3-1319-819b-f35c75e60002 from shelve: 7f000101-9bf3-1319-819b-f35c54120001
2026-01-30 20:45:24,992 [34mINFO [0;39m [[34mtomcat-handler-292[0;39m] [33m[XID:aweb53ebql4a7a][0;39m [32mc.a.o.api.controller.CardController[0;39m - Getting all cards for subject: 7f000101-9bf3-1319-819b-f35c75e60002 in shelve: 7f000101-9bf3-1319-819b-f35c54120001 with page: 0 and size: 1000
2026-01-30 20:45:24,992 [34mINFO [0;39m [[34mtomcat-handler-292[0;39m] [33m[XID:aweb53ebql4a7a][0;39m [32mc.a.o.a.service.impl.CardServiceImpl[0;39m - Getting all cards for subject: 7f000101-9bf3-1319-819b-f35c75e60002 in shelve: 7f000101-9bf3-1319-819b-f35c54120001 with page: 0 and size: 1000
2026-01-30 20:45:24,993 [34mINFO [0;39m [[34mtomcat-handler-291[0;39m] [33m[XID:awebjxxg537pnn][0;39m [32mc.a.o.a.s.impl.SubjectServiceImpl[0;39m - Getting subject: 7f000101-9bf3-1319-819b-f35c75e60002 from shelf: 7f000101-9bf3-1319-819b-f35c54120001
2026-01-30 20:45:24,992 [34mINFO [0;39m [[34mtomcat-handler-290[0;39m] [33m[XID:aweb05l8tnmb2get][0;39m [32mc.a.o.a.s.impl.ShelfServiceImpl[0;39m - Retrieving current user info from UserService
2026-01-30 20:45:24,993 [34mINFO [0;39m [[34mtomcat-handler-290[0;39m] [33m[XID:aweb05l8tnmb2get][0;39m [32mc.a.o.a.s.impl.ShelfServiceImpl[0;39m - Fetching shelves page 0 size 100 for user 7f000101-9bf3-1319-819b-f35c1d640000
2026-01-30 20:45:24,993 [34mINFO [0;39m [[34mtomcat-handler-290[0;39m] [33m[XID:aweb05l8tnmb2get][0;39m [32mc.a.o.a.s.impl.ShelfServiceImpl[0;39m - Retrieving current user info from UserService
2026-01-30 20:45:24,997 [34mINFO [0;39m [[34mtomcat-handler-291[0;39m] [33m[XID:awebjxxg537pnn][0;39m [32mc.a.o.a.s.impl.SubjectServiceImpl[0;39m - Successfully retrieved subject: 7f000101-9bf3-1319-819b-f35c75e60002
2026-01-30 20:45:24,997 [34mINFO [0;39m [[34mtomcat-handler-292[0;39m] [33m[XID:aweb53ebql4a7a][0;39m [32mc.a.o.a.service.impl.CardServiceImpl[0;39m - Successfully retrieved 4 cards for subject: 7f000101-9bf3-1319-819b-f35c75e60002 (total: 4)
2026-01-30 20:45:24,999 [34mINFO [0;39m [[34mtomcat-handler-292[0;39m] [33m[XID:aweb53ebql4a7a][0;39m [32mc.a.oopsly.api.config.LoggingConfig[0;39m - Request: GET /api/v1/oopsly/shelves/7f000101-9bf3-1319-819b-f35c54120001/subjects/7f000101-9bf3-1319-819b-f35c75e60002/cards | Status: 200 | 8 ms
2026-01-30 20:45:25,000 [34mINFO [0;39m [[34mtomcat-handler-291[0;39m] [33m[XID:awebjxxg537pnn][0;39m [32mc.a.oopsly.api.config.LoggingConfig[0;39m - Request: GET /api/v1/oopsly/shelves/7f000101-9bf3-1319-819b-f35c54120001/subjects/7f000101-9bf3-1319-819b-f35c75e60002 | Status: 200 | 9 ms
2026-01-30 20:45:25,012 [34mINFO [0;39m [[34mtomcat-handler-290[0;39m] [33m[XID:aweb05l8tnmb2get][0;39m [32mc.a.oopsly.api.config.LoggingConfig[0;39m - Request: GET /api/v1/oopsly/shelves | Status: 200 | 21 ms
2026-01-30 20:46:16,514 [34mINFO [0;39m [[34mtomcat-handler-293[0;39m] [33m[XID:][0;39m [32mc.a.o.a.c.JwtAuthenticationFilter[0;39m - Filtering request: /api/v1/oopsly/shelves
2026-01-30 20:46:16,514 [34mINFO [0;39m [[34mtomcat-handler-295[0;39m] [33m[XID:][0;39m [32mc.a.o.a.c.JwtAuthenticationFilter[0;39m - Filtering request: /api/v1/oopsly/shelves/7f000101-9bf3-1319-819b-f35c54120001/subjects/7f000101-9bf3-1319-819b-f35c75e60002/cards
2026-01-30 20:46:16,514 [34mINFO [0;39m [[34mtomcat-handler-294[0;39m] [33m[XID:][0;39m [32mc.a.o.a.c.JwtAuthenticationFilter[0;39m - Filtering request: /api/v1/oopsly/shelves/7f000101-9bf3-1319-819b-f35c54120001/subjects/7f000101-9bf3-1319-819b-f35c75e60002
2026-01-30 20:46:16,515 [34mINFO [0;39m [[34mtomcat-handler-294[0;39m] [33m[XID:][0;39m [32mc.a.o.a.c.JwtAuthenticationFilter[0;39m - Attempting to authenticate using jwt
2026-01-30 20:46:16,515 [34mINFO [0;39m [[34mtomcat-handler-295[0;39m] [33m[XID:][0;39m [32mc.a.o.a.c.JwtAuthenticationFilter[0;39m - Attempting to authenticate using jwt
2026-01-30 20:46:16,515 [34mINFO [0;39m [[34mtomcat-handler-293[0;39m] [33m[XID:][0;39m [32mc.a.o.a.c.JwtAuthenticationFilter[0;39m - Attempting to authenticate using jwt
2026-01-30 20:46:16,515 [34mINFO [0;39m [[34mtomcat-handler-295[0;39m] [33m[XID:][0;39m [32mc.a.o.a.c.JwtAuthenticationFilter[0;39m - User 7f000101-9bf3-1319-819b-f35c1d640000 authenticated with role USER
2026-01-30 20:46:16,515 [34mINFO [0;39m [[34mtomcat-handler-293[0;39m] [33m[XID:][0;39m [32mc.a.o.a.c.JwtAuthenticationFilter[0;39m - User 7f000101-9bf3-1319-819b-f35c1d640000 authenticated with role USER
2026-01-30 20:46:16,515 [34mINFO [0;39m [[34mtomcat-handler-294[0;39m] [33m[XID:][0;39m [32mc.a.o.a.c.JwtAuthenticationFilter[0;39m - User 7f000101-9bf3-1319-819b-f35c1d640000 authenticated with role USER
2026-01-30 20:46:16,518 [34mINFO [0;39m [[34mtomcat-handler-294[0;39m] [33m[XID:awebzu2f3oddho][0;39m [32mc.a.o.a.controller.SubjectController[0;39m - Getting subject: 7f000101-9bf3-1319-819b-f35c75e60002 from shelve: 7f000101-9bf3-1319-819b-f35c54120001
2026-01-30 20:46:16,518 [34mINFO [0;39m [[34mtomcat-handler-295[0;39m] [33m[XID:awebbdjs6ixd0xr][0;39m [32mc.a.o.api.controller.CardController[0;39m - Getting all cards for subject: 7f000101-9bf3-1319-819b-f35c75e60002 in shelve: 7f000101-9bf3-1319-819b-f35c54120001 with page: 0 and size: 1000
2026-01-30 20:46:16,518 [34mINFO [0;39m [[34mtomcat-handler-294[0;39m] [33m[XID:awebzu2f3oddho][0;39m [32mc.a.o.a.s.impl.SubjectServiceImpl[0;39m - Getting subject: 7f000101-9bf3-1319-819b-f35c75e60002 from shelf: 7f000101-9bf3-1319-819b-f35c54120001
2026-01-30 20:46:16,518 [34mINFO [0;39m [[34mtomcat-handler-295[0;39m] [33m[XID:awebbdjs6ixd0xr][0;39m [32mc.a.o.a.service.impl.CardServiceImpl[0;39m - Getting all cards for subject: 7f000101-9bf3-1319-819b-f35c75e60002 in shelve: 7f000101-9bf3-1319-819b-f35c54120001 with page: 0 and size: 1000
2026-01-30 20:46:16,518 [34mINFO [0;39m [[34mtomcat-handler-293[0;39m] [33m[XID:aweb0topnmp17fx][0;39m [32mc.a.o.a.s.impl.ShelfServiceImpl[0;39m - Retrieving current user info from UserService
2026-01-30 20:46:16,520 [34mINFO [0;39m [[34mtomcat-handler-293[0;39m] [33m[XID:aweb0topnmp17fx][0;39m [32mc.a.o.a.s.impl.ShelfServiceImpl[0;39m - Fetching shelves page 0 size 100 for user 7f000101-9bf3-1319-819b-f35c1d640000
2026-01-30 20:46:16,520 [34mINFO [0;39m [[34mtomcat-handler-293[0;39m] [33m[XID:aweb0topnmp17fx][0;39m [32mc.a.o.a.s.impl.ShelfServiceImpl[0;39m - Retrieving current user info from UserService
2026-01-30 20:46:16,525 [34mINFO [0;39m [[34mtomcat-handler-294[0;39m] [33m[XID:awebzu2f3oddho][0;39m [32mc.a.o.a.s.impl.SubjectServiceImpl[0;39m - Successfully retrieved subject: 7f000101-9bf3-1319-819b-f35c75e60002
2026-01-30 20:46:16,525 [34mINFO [0;39m [[34mtomcat-handler-295[0;39m] [33m[XID:awebbdjs6ixd0xr][0;39m [32mc.a.o.a.service.impl.CardServiceImpl[0;39m - Successfully retrieved 4 cards for subject: 7f000101-9bf3-1319-819b-f35c75e60002 (total: 4)
2026-01-30 20:46:16,527 [34mINFO [0;39m [[34mtomcat-handler-295[0;39m] [33m[XID:awebbdjs6ixd0xr][0;39m [32mc.a.oopsly.api.config.LoggingConfig[0;39m - Request: GET /api/v1/oopsly/shelves/7f000101-9bf3-1319-819b-f35c54120001/subjects/7f000101-9bf3-1319-819b-f35c75e60002/cards | Status: 200 | 11 ms
2026-01-30 20:46:16,527 [34mINFO [0;39m [[34mtomcat-handler-294[0;39m] [33m[XID:awebzu2f3oddho][0;39m [32mc.a.oopsly.api.config.LoggingConfig[0;39m - Request: GET /api/v1/oopsly/shelves/7f000101-9bf3-1319-819b-f35c54120001/subjects/7f000101-9bf3-1319-819b-f35c75e60002 | Status: 200 | 11 ms
2026-01-30 20:46:16,537 [34mINFO [0;39m [[34mtomcat-handler-293[0;39m] [33m[XID:aweb0topnmp17fx][0;39m [32mc.a.oopsly.api.config.LoggingConfig[0;39m - Request: GET /api/v1/oopsly/shelves | Status: 200 | 21 ms
2026-01-30 20:46:27,174 [34mINFO [0;39m [[34mtomcat-handler-296[0;39m] [33m[XID:][0;39m [32mc.a.o.a.c.JwtAuthenticationFilter[0;39m - Filtering request: /api/v1/oopsly/shelves
2026-01-30 20:46:27,174 [34mINFO [0;39m [[34mtomcat-handler-296[0;39m] [33m[XID:][0;39m [32mc.a.o.a.c.JwtAuthenticationFilter[0;39m - Attempting to authenticate using jwt
2026-01-30 20:46:27,175 [34mINFO [0;39m [[34mtomcat-handler-298[0;39m] [33m[XID:][0;39m [32mc.a.o.a.c.JwtAuthenticationFilter[0;39m - Filtering request: /api/v1/oopsly/shelves/7f000101-9bf3-1319-819b-f35c54120001/subjects/7f000101-9bf3-1319-819b-f35c75e60002/cards
2026-01-30 20:46:27,175 [34mINFO [0;39m [[34mtomcat-handler-297[0;39m] [33m[XID:][0;39m [32mc.a.o.a.c.JwtAuthenticationFilter[0;39m - Filtering request: /api/v1/oopsly/shelves/7f000101-9bf3-1319-819b-f35c54120001/subjects/7f000101-9bf3-1319-819b-f35c75e60002
2026-01-30 20:46:27,175 [34mINFO [0;39m [[34mtomcat-handler-298[0;39m] [33m[XID:][0;39m [32mc.a.o.a.c.JwtAuthenticationFilter[0;39m - Attempting to authenticate using jwt
2026-01-30 20:46:27,175 [34mINFO [0;39m [[34mtomcat-handler-297[0;39m] [33m[XID:][0;39m [32mc.a.o.a.c.JwtAuthenticationFilter[0;39m - Attempting to authenticate using jwt
2026-01-30 20:46:27,175 [34mINFO [0;39m [[34mtomcat-handler-297[0;39m] [33m[XID:][0;39m [32mc.a.o.a.c.JwtAuthenticationFilter[0;39m - User 7f000101-9bf3-1319-819b-f35c1d640000 authenticated with role USER
2026-01-30 20:46:27,175 [34mINFO [0;39m [[34mtomcat-handler-298[0;39m] [33m[XID:][0;39m [32mc.a.o.a.c.JwtAuthenticationFilter[0;39m - User 7f000101-9bf3-1319-819b-f35c1d640000 authenticated with role USER
2026-01-30 20:46:27,176 [34mINFO [0;39m [[34mtomcat-handler-296[0;39m] [33m[XID:][0;39m [32mc.a.o.a.c.JwtAuthenticationFilter[0;39m - User 7f000101-9bf3-1319-819b-f35c1d640000 authenticated with role USER
2026-01-30 20:46:27,178 [34mINFO [0;39m [[34mtomcat-handler-296[0;39m] [33m[XID:aweb2an8jyv5zmg][0;39m [32mc.a.o.a.s.impl.ShelfServiceImpl[0;39m - Retrieving current user info from UserService
2026-01-30 20:46:27,178 [34mINFO [0;39m [[34mtomcat-handler-297[0;39m] [33m[XID:aweb1l9iod49c7x][0;39m [32mc.a.o.a.controller.SubjectController[0;39m - Getting subject: 7f000101-9bf3-1319-819b-f35c75e60002 from shelve: 7f000101-9bf3-1319-819b-f35c54120001
2026-01-30 20:46:27,178 [34mINFO [0;39m [[34mtomcat-handler-298[0;39m] [33m[XID:awebwa3qrjpfc][0;39m [32mc.a.o.api.controller.CardController[0;39m - Getting all cards for subject: 7f000101-9bf3-1319-819b-f35c75e60002 in shelve: 7f000101-9bf3-1319-819b-f35c54120001 with page: 0 and size: 1000
2026-01-30 20:46:27,179 [34mINFO [0;39m [[34mtomcat-handler-297[0;39m] [33m[XID:aweb1l9iod49c7x][0;39m [32mc.a.o.a.s.impl.SubjectServiceImpl[0;39m - Getting subject: 7f000101-9bf3-1319-819b-f35c75e60002 from shelf: 7f000101-9bf3-1319-819b-f35c54120001
2026-01-30 20:46:27,179 [34mINFO [0;39m [[34mtomcat-handler-298[0;39m] [33m[XID:awebwa3qrjpfc][0;39m [32mc.a.o.a.service.impl.CardServiceImpl[0;39m - Getting all cards for subject: 7f000101-9bf3-1319-819b-f35c75e60002 in shelve: 7f000101-9bf3-1319-819b-f35c54120001 with page: 0 and size: 1000
2026-01-30 20:46:27,179 [34mINFO [0;39m [[34mtomcat-handler-296[0;39m] [33m[XID:aweb2an8jyv5zmg][0;39m [32mc.a.o.a.s.impl.ShelfServiceImpl[0;39m - Fetching shelves page 0 size 100 for user 7f000101-9bf3-1319-819b-f35c1d640000
2026-01-30 20:46:27,179 [34mINFO [0;39m [[34mtomcat-handler-296[0;39m] [33m[XID:aweb2an8jyv5zmg][0;39m [32mc.a.o.a.s.impl.ShelfServiceImpl[0;39m - Retrieving current user info from UserService
2026-01-30 20:46:27,183 [34mINFO [0;39m [[34mtomcat-handler-297[0;39m] [33m[XID:aweb1l9iod49c7x][0;39m [32mc.a.o.a.s.impl.SubjectServiceImpl[0;39m - Successfully retrieved subject: 7f000101-9bf3-1319-819b-f35c75e60002
2026-01-30 20:46:27,187 [34mINFO [0;39m [[34mtomcat-handler-297[0;39m] [33m[XID:aweb1l9iod49c7x][0;39m [32mc.a.oopsly.api.config.LoggingConfig[0;39m - Request: GET /api/v1/oopsly/shelves/7f000101-9bf3-1319-819b-f35c54120001/subjects/7f000101-9bf3-1319-819b-f35c75e60002 | Status: 200 | 11 ms
2026-01-30 20:46:27,187 [34mINFO [0;39m [[34mtomcat-handler-298[0;39m] [33m[XID:awebwa3qrjpfc][0;39m [32mc.a.o.a.service.impl.CardServiceImpl[0;39m - Successfully retrieved 4 cards for subject: 7f000101-9bf3-1319-819b-f35c75e60002 (total: 4)
2026-01-30 20:46:27,189 [34mINFO [0;39m [[34mtomcat-handler-298[0;39m] [33m[XID:awebwa3qrjpfc][0;39m [32mc.a.oopsly.api.config.LoggingConfig[0;39m - Request: GET /api/v1/oopsly/shelves/7f000101-9bf3-1319-819b-f35c54120001/subjects/7f000101-9bf3-1319-819b-f35c75e60002/cards | Status: 200 | 13 ms
2026-01-30 20:46:27,201 [34mINFO [0;39m [[34mtomcat-handler-296[0;39m] [33m[XID:aweb2an8jyv5zmg][0;39m [32mc.a.oopsly.api.config.LoggingConfig[0;39m - Request: GET /api/v1/oopsly/shelves | Status: 200 | 25 ms
2026-01-30 20:46:38,702 [34mINFO [0;39m [[34mtomcat-handler-299[0;39m] [33m[XID:][0;39m [32mc.a.o.a.c.JwtAuthenticationFilter[0;39m - Filtering request: /api/v1/oopsly/shelves/7f000101-9bf3-1319-819b-f35c54120001/subjects/7f000101-9bf3-1319-819b-f35c75e60002
2026-01-30 20:46:38,702 [34mINFO [0;39m [[34mtomcat-handler-299[0;39m] [33m[XID:][0;39m [32mc.a.o.a.c.JwtAuthenticationFilter[0;39m - Attempting to authenticate using jwt
2026-01-30 20:46:38,703 [34mINFO [0;39m [[34mtomcat-handler-300[0;39m] [33m[XID:][0;39m [32mc.a.o.a.c.JwtAuthenticationFilter[0;39m - Filtering request: /api/v1/oopsly/shelves/7f000101-9bf3-1319-819b-f35c54120001/subjects/7f000101-9bf3-1319-819b-f35c75e60002/cards
2026-01-30 20:46:38,703 [34mINFO [0;39m [[34mtomcat-handler-300[0;39m] [33m[XID:][0;39m [32mc.a.o.a.c.JwtAuthenticationFilter[0;39m - Attempting to authenticate using jwt
2026-01-30 20:46:38,704 [34mINFO [0;39m [[34mtomcat-handler-299[0;39m] [33m[XID:][0;39m [32mc.a.o.a.c.JwtAuthenticationFilter[0;39m - User 7f000101-9bf3-1319-819b-f35c1d640000 authenticated with role USER
2026-01-30 20:46:38,704 [34mINFO [0;39m [[34mtomcat-handler-300[0;39m] [33m[XID:][0;39m [32mc.a.o.a.c.JwtAuthenticationFilter[0;39m - User 7f000101-9bf3-1319-819b-f35c1d640000 authenticated with role USER
2026-01-30 20:46:38,707 [34mINFO [0;39m [[34mtomcat-handler-299[0;39m] [33m[XID:awebbja4xo3qihd][0;39m [32mc.a.o.a.controller.SubjectController[0;39m - Getting subject: 7f000101-9bf3-1319-819b-f35c75e60002 from shelve: 7f000101-9bf3-1319-819b-f35c54120001
2026-01-30 20:46:38,707 [34mINFO [0;39m [[34mtomcat-handler-299[0;39m] [33m[XID:awebbja4xo3qihd][0;39m [32mc.a.o.a.s.impl.SubjectServiceImpl[0;39m - Getting subject: 7f000101-9bf3-1319-819b-f35c75e60002 from shelf: 7f000101-9bf3-1319-819b-f35c54120001
2026-01-30 20:46:38,709 [34mINFO [0;39m [[34mtomcat-handler-300[0;39m] [33m[XID:aweb6uopxojggbn][0;39m [32mc.a.o.api.controller.CardController[0;39m - Getting all cards for subject: 7f000101-9bf3-1319-819b-f35c75e60002 in shelve: 7f000101-9bf3-1319-819b-f35c54120001 with page: 0 and size: 1000
2026-01-30 20:46:38,710 [34mINFO [0;39m [[34mtomcat-handler-300[0;39m] [33m[XID:aweb6uopxojggbn][0;39m [32mc.a.o.a.service.impl.CardServiceImpl[0;39m - Getting all cards for subject: 7f000101-9bf3-1319-819b-f35c75e60002 in shelve: 7f000101-9bf3-1319-819b-f35c54120001 with page: 0 and size: 1000
2026-01-30 20:46:38,712 [34mINFO [0;39m [[34mtomcat-handler-299[0;39m] [33m[XID:awebbja4xo3qihd][0;39m [32mc.a.o.a.s.impl.SubjectServiceImpl[0;39m - Successfully retrieved subject: 7f000101-9bf3-1319-819b-f35c75e60002
2026-01-30 20:46:38,714 [34mINFO [0;39m [[34mtomcat-handler-299[0;39m] [33m[XID:awebbja4xo3qihd][0;39m [32mc.a.oopsly.api.config.LoggingConfig[0;39m - Request: GET /api/v1/oopsly/shelves/7f000101-9bf3-1319-819b-f35c54120001/subjects/7f000101-9bf3-1319-819b-f35c75e60002 | Status: 200 | 9 ms
2026-01-30 20:46:38,718 [34mINFO [0;39m [[34mtomcat-handler-300[0;39m] [33m[XID:aweb6uopxojggbn][0;39m [32mc.a.o.a.service.impl.CardServiceImpl[0;39m - Successfully retrieved 4 cards for subject: 7f000101-9bf3-1319-819b-f35c75e60002 (total: 4)
2026-01-30 20:46:38,721 [34mINFO [0;39m [[34mtomcat-handler-300[0;39m] [33m[XID:aweb6uopxojggbn][0;39m [32mc.a.oopsly.api.config.LoggingConfig[0;39m - Request: GET /api/v1/oopsly/shelves/7f000101-9bf3-1319-819b-f35c54120001/subjects/7f000101-9bf3-1319-819b-f35c75e60002/cards | Status: 200 | 16 ms
2026-01-30 20:46:41,746 [34mINFO [0;39m [[34mtomcat-handler-301[0;39m] [33m[XID:][0;39m [32mc.a.o.a.c.JwtAuthenticationFilter[0;39m - Filtering request: /api/v1/oopsly/shelves/7f000101-9bf3-1319-819b-f35c54120001/subjects/7f000101-9bf3-1319-819b-f35c75e60002
2026-01-30 20:46:41,746 [34mINFO [0;39m [[34mtomcat-handler-302[0;39m] [33m[XID:][0;39m [32mc.a.o.a.c.JwtAuthenticationFilter[0;39m - Filtering request: /api/v1/oopsly/shelves/7f000101-9bf3-1319-819b-f35c54120001/subjects/7f000101-9bf3-1319-819b-f35c75e60002/cards
2026-01-30 20:46:41,747 [34mINFO [0;39m [[34mtomcat-handler-301[0;39m] [33m[XID:][0;39m [32mc.a.o.a.c.JwtAuthenticationFilter[0;39m - Attempting to authenticate using jwt
2026-01-30 20:46:41,747 [34mINFO [0;39m [[34mtomcat-handler-302[0;39m] [33m[XID:][0;39m [32mc.a.o.a.c.JwtAuthenticationFilter[0;39m - Attempting to authenticate using jwt
2026-01-30 20:46:41,747 [34mINFO [0;39m [[34mtomcat-handler-302[0;39m] [33m[XID:][0;39m [32mc.a.o.a.c.JwtAuthenticationFilter[0;39m - User 7f000101-9bf3-1319-819b-f35c1d640000 authenticated with role USER
2026-01-30 20:46:41,749 [34mINFO [0;39m [[34mtomcat-handler-301[0;39m] [33m[XID:][0;39m [32mc.a.o.a.c.JwtAuthenticationFilter[0;39m - User 7f000101-9bf3-1319-819b-f35c1d640000 authenticated with role USER
2026-01-30 20:46:41,751 [34mINFO [0;39m [[34mtomcat-handler-301[0;39m] [33m[XID:aweb9n2x7j73la8][0;39m [32mc.a.o.a.controller.SubjectController[0;39m - Getting subject: 7f000101-9bf3-1319-819b-f35c75e60002 from shelve: 7f000101-9bf3-1319-819b-f35c54120001
2026-01-30 20:46:41,751 [34mINFO [0;39m [[34mtomcat-handler-301[0;39m] [33m[XID:aweb9n2x7j73la8][0;39m [32mc.a.o.a.s.impl.SubjectServiceImpl[0;39m - Getting subject: 7f000101-9bf3-1319-819b-f35c75e60002 from shelf: 7f000101-9bf3-1319-819b-f35c54120001
2026-01-30 20:46:41,754 [34mINFO [0;39m [[34mtomcat-handler-302[0;39m] [33m[XID:awebe74wdowdbhv][0;39m [32mc.a.o.api.controller.CardController[0;39m - Getting all cards for subject: 7f000101-9bf3-1319-819b-f35c75e60002 in shelve: 7f000101-9bf3-1319-819b-f35c54120001 with page: 0 and size: 1000
2026-01-30 20:46:41,756 [34mINFO [0;39m [[34mtomcat-handler-302[0;39m] [33m[XID:awebe74wdowdbhv][0;39m [32mc.a.o.a.service.impl.CardServiceImpl[0;39m - Getting all cards for subject: 7f000101-9bf3-1319-819b-f35c75e60002 in shelve: 7f000101-9bf3-1319-819b-f35c54120001 with page: 0 and size: 1000
2026-01-30 20:46:41,757 [34mINFO [0;39m [[34mtomcat-handler-301[0;39m] [33m[XID:aweb9n2x7j73la8][0;39m [32mc.a.o.a.s.impl.SubjectServiceImpl[0;39m - Successfully retrieved subject: 7f000101-9bf3-1319-819b-f35c75e60002
2026-01-30 20:46:41,759 [34mINFO [0;39m [[34mtomcat-handler-301[0;39m] [33m[XID:aweb9n2x7j73la8][0;39m [32mc.a.oopsly.api.config.LoggingConfig[0;39m - Request: GET /api/v1/oopsly/shelves/7f000101-9bf3-1319-819b-f35c54120001/subjects/7f000101-9bf3-1319-819b-f35c75e60002 | Status: 200 | 10 ms
2026-01-30 20:46:41,772 [34mINFO [0;39m [[34mtomcat-handler-302[0;39m] [33m[XID:awebe74wdowdbhv][0;39m [32mc.a.o.a.service.impl.CardServiceImpl[0;39m - Successfully retrieved 4 cards for subject: 7f000101-9bf3-1319-819b-f35c75e60002 (total: 4)
2026-01-30 20:46:41,774 [34mINFO [0;39m [[34mtomcat-handler-302[0;39m] [33m[XID:awebe74wdowdbhv][0;39m [32mc.a.oopsly.api.config.LoggingConfig[0;39m - Request: GET /api/v1/oopsly/shelves/7f000101-9bf3-1319-819b-f35c54120001/subjects/7f000101-9bf3-1319-819b-f35c75e60002/cards | Status: 200 | 25 ms
2026-01-30 20:46:48,437 [34mINFO [0;39m [[34mtomcat-handler-303[0;39m] [33m[XID:][0;39m [32mc.a.o.a.c.JwtAuthenticationFilter[0;39m - Filtering request: /api/v1/oopsly/shelves/7f000101-9bf3-1319-819b-f35c54120001/subjects/7f000101-9bf3-1319-819b-f35c75e60002
2026-01-30 20:46:48,438 [34mINFO [0;39m [[34mtomcat-handler-303[0;39m] [33m[XID:][0;39m [32mc.a.o.a.c.JwtAuthenticationFilter[0;39m - Attempting to authenticate using jwt
2026-01-30 20:46:48,439 [34mINFO [0;39m [[34mtomcat-handler-303[0;39m] [33m[XID:][0;39m [32mc.a.o.a.c.JwtAuthenticationFilter[0;39m - User 7f000101-9bf3-1319-819b-f35c1d640000 authenticated with role USER
2026-01-30 20:46:48,443 [34mINFO [0;39m [[34mtomcat-handler-304[0;39m] [33m[XID:][0;39m [32mc.a.o.a.c.JwtAuthenticationFilter[0;39m - Filtering request: /api/v1/oopsly/shelves/7f000101-9bf3-1319-819b-f35c54120001/subjects/7f000101-9bf3-1319-819b-f35c75e60002/cards
2026-01-30 20:46:48,443 [34mINFO [0;39m [[34mtomcat-handler-304[0;39m] [33m[XID:][0;39m [32mc.a.o.a.c.JwtAuthenticationFilter[0;39m - Attempting to authenticate using jwt
2026-01-30 20:46:48,446 [34mINFO [0;39m [[34mtomcat-handler-303[0;39m] [33m[XID:aweb84swdt5tx1m][0;39m [32mc.a.o.a.controller.SubjectController[0;39m - Getting subject: 7f000101-9bf3-1319-819b-f35c75e60002 from shelve: 7f000101-9bf3-1319-819b-f35c54120001
2026-01-30 20:46:48,447 [34mINFO [0;39m [[34mtomcat-handler-304[0;39m] [33m[XID:][0;39m [32mc.a.o.a.c.JwtAuthenticationFilter[0;39m - User 7f000101-9bf3-1319-819b-f35c1d640000 authenticated with role USER
2026-01-30 20:46:48,447 [34mINFO [0;39m [[34mtomcat-handler-303[0;39m] [33m[XID:aweb84swdt5tx1m][0;39m [32mc.a.o.a.s.impl.SubjectServiceImpl[0;39m - Getting subject: 7f000101-9bf3-1319-819b-f35c75e60002 from shelf: 7f000101-9bf3-1319-819b-f35c54120001
2026-01-30 20:46:48,453 [34mINFO [0;39m [[34mtomcat-handler-304[0;39m] [33m[XID:aweb0yytg96zuqn][0;39m [32mc.a.o.api.controller.CardController[0;39m - Getting all cards for subject: 7f000101-9bf3-1319-819b-f35c75e60002 in shelve: 7f000101-9bf3-1319-819b-f35c54120001 with page: 0 and size: 1000
2026-01-30 20:46:48,453 [34mINFO [0;39m [[34mtomcat-handler-304[0;39m] [33m[XID:aweb0yytg96zuqn][0;39m [32mc.a.o.a.service.impl.CardServiceImpl[0;39m - Getting all cards for subject: 7f000101-9bf3-1319-819b-f35c75e60002 in shelve: 7f000101-9bf3-1319-819b-f35c54120001 with page: 0 and size: 1000
2026-01-30 20:46:48,456 [34mINFO [0;39m [[34mtomcat-handler-303[0;39m] [33m[XID:aweb84swdt5tx1m][0;39m [32mc.a.o.a.s.impl.SubjectServiceImpl[0;39m - Successfully retrieved subject: 7f000101-9bf3-1319-819b-f35c75e60002
2026-01-30 20:46:48,462 [34mINFO [0;39m [[34mtomcat-handler-303[0;39m] [33m[XID:aweb84swdt5tx1m][0;39m [32mc.a.oopsly.api.config.LoggingConfig[0;39m - Request: GET /api/v1/oopsly/shelves/7f000101-9bf3-1319-819b-f35c54120001/subjects/7f000101-9bf3-1319-819b-f35c75e60002 | Status: 200 | 20 ms
2026-01-30 20:46:48,473 [34mINFO [0;39m [[34mtomcat-handler-304[0;39m] [33m[XID:aweb0yytg96zuqn][0;39m [32mc.a.o.a.service.impl.CardServiceImpl[0;39m - Successfully retrieved 4 cards for subject: 7f000101-9bf3-1319-819b-f35c75e60002 (total: 4)
2026-01-30 20:46:48,476 [34mINFO [0;39m [[34mtomcat-handler-304[0;39m] [33m[XID:aweb0yytg96zuqn][0;39m [32mc.a.oopsly.api.config.LoggingConfig[0;39m - Request: GET /api/v1/oopsly/shelves/7f000101-9bf3-1319-819b-f35c54120001/subjects/7f000101-9bf3-1319-819b-f35c75e60002/cards | Status: 200 | 27 ms
2026-01-30 20:46:49,449 [34mINFO [0;39m [[34mtomcat-handler-305[0;39m] [33m[XID:][0;39m [32mc.a.o.a.c.JwtAuthenticationFilter[0;39m - Filtering request: /api/v1/oopsly/shelves/7f000101-9bf3-1319-819b-f35c54120001/subjects/7f000101-9bf3-1319-819b-f35c75e60002
2026-01-30 20:46:49,449 [34mINFO [0;39m [[34mtomcat-handler-305[0;39m] [33m[XID:][0;39m [32mc.a.o.a.c.JwtAuthenticationFilter[0;39m - Attempting to authenticate using jwt
2026-01-30 20:46:49,450 [34mINFO [0;39m [[34mtomcat-handler-305[0;39m] [33m[XID:][0;39m [32mc.a.o.a.c.JwtAuthenticationFilter[0;39m - User 7f000101-9bf3-1319-819b-f35c1d640000 authenticated with role USER
2026-01-30 20:46:49,451 [34mINFO [0;39m [[34mtomcat-handler-306[0;39m] [33m[XID:][0;39m [32mc.a.o.a.c.JwtAuthenticationFilter[0;39m - Filtering request: /api/v1/oopsly/shelves/7f000101-9bf3-1319-819b-f35c54120001/subjects/7f000101-9bf3-1319-819b-f35c75e60002/cards
2026-01-30 20:46:49,456 [34mINFO [0;39m [[34mtomcat-handler-306[0;39m] [33m[XID:][0;39m [32mc.a.o.a.c.JwtAuthenticationFilter[0;39m - Attempting to authenticate using jwt
2026-01-30 20:46:49,458 [34mINFO [0;39m [[34mtomcat-handler-306[0;39m] [33m[XID:][0;39m [32mc.a.o.a.c.JwtAuthenticationFilter[0;39m - User 7f000101-9bf3-1319-819b-f35c1d640000 authenticated with role USER
2026-01-30 20:46:49,458 [34mINFO [0;39m [[34mtomcat-handler-305[0;39m] [33m[XID:awebzhbmgp0daxi][0;39m [32mc.a.o.a.controller.SubjectController[0;39m - Getting subject: 7f000101-9bf3-1319-819b-f35c75e60002 from shelve: 7f000101-9bf3-1319-819b-f35c54120001
2026-01-30 20:46:49,461 [34mINFO [0;39m [[34mtomcat-handler-306[0;39m] [33m[XID:awebt99qmoe585a][0;39m [32mc.a.o.api.controller.CardController[0;39m - Getting all cards for subject: 7f000101-9bf3-1319-819b-f35c75e60002 in shelve: 7f000101-9bf3-1319-819b-f35c54120001 with page: 0 and size: 1000
2026-01-30 20:46:49,463 [34mINFO [0;39m [[34mtomcat-handler-306[0;39m] [33m[XID:awebt99qmoe585a][0;39m [32mc.a.o.a.service.impl.CardServiceImpl[0;39m - Getting all cards for subject: 7f000101-9bf3-1319-819b-f35c75e60002 in shelve: 7f000101-9bf3-1319-819b-f35c54120001 with page: 0 and size: 1000
2026-01-30 20:46:49,463 [34mINFO [0;39m [[34mtomcat-handler-305[0;39m] [33m[XID:awebzhbmgp0daxi][0;39m [32mc.a.o.a.s.impl.SubjectServiceImpl[0;39m - Getting subject: 7f000101-9bf3-1319-819b-f35c75e60002 from shelf: 7f000101-9bf3-1319-819b-f35c54120001
2026-01-30 20:46:49,470 [34mINFO [0;39m [[34mtomcat-handler-305[0;39m] [33m[XID:awebzhbmgp0daxi][0;39m [32mc.a.o.a.s.impl.SubjectServiceImpl[0;39m - Successfully retrieved subject: 7f000101-9bf3-1319-819b-f35c75e60002
2026-01-30 20:46:49,473 [34mINFO [0;39m [[34mtomcat-handler-306[0;39m] [33m[XID:awebt99qmoe585a][0;39m [32mc.a.o.a.service.impl.CardServiceImpl[0;39m - Successfully retrieved 4 cards for subject: 7f000101-9bf3-1319-819b-f35c75e60002 (total: 4)
2026-01-30 20:46:49,473 [34mINFO [0;39m [[34mtomcat-handler-305[0;39m] [33m[XID:awebzhbmgp0daxi][0;39m [32mc.a.oopsly.api.config.LoggingConfig[0;39m - Request: GET /api/v1/oopsly/shelves/7f000101-9bf3-1319-819b-f35c54120001/subjects/7f000101-9bf3-1319-819b-f35c75e60002 | Status: 200 | 22 ms
2026-01-30 20:46:49,477 [34mINFO [0;39m [[34mtomcat-handler-306[0;39m] [33m[XID:awebt99qmoe585a][0;39m [32mc.a.oopsly.api.config.LoggingConfig[0;39m - Request: GET /api/v1/oopsly/shelves/7f000101-9bf3-1319-819b-f35c54120001/subjects/7f000101-9bf3-1319-819b-f35c75e60002/cards | Status: 200 | 18 ms
2026-01-30 20:46:52,329 [34mINFO [0;39m [[34mtomcat-handler-307[0;39m] [33m[XID:][0;39m [32mc.a.o.a.c.JwtAuthenticationFilter[0;39m - Filtering request: /api/v1/oopsly/shelves/7f000101-9bf3-1319-819b-f35c54120001/subjects/7f000101-9bf3-1319-819b-f35c75e60002
2026-01-30 20:46:52,330 [34mINFO [0;39m [[34mtomcat-handler-307[0;39m] [33m[XID:][0;39m [32mc.a.o.a.c.JwtAuthenticationFilter[0;39m - Attempting to authenticate using jwt
2026-01-30 20:46:52,331 [34mINFO [0;39m [[34mtomcat-handler-307[0;39m] [33m[XID:][0;39m [32mc.a.o.a.c.JwtAuthenticationFilter[0;39m - User 7f000101-9bf3-1319-819b-f35c1d640000 authenticated with role USER
2026-01-30 20:46:52,334 [34mINFO [0;39m [[34mtomcat-handler-307[0;39m] [33m[XID:aweb44c69sh619l][0;39m [32mc.a.o.a.controller.SubjectController[0;39m - Getting subject: 7f000101-9bf3-1319-819b-f35c75e60002 from shelve: 7f000101-9bf3-1319-819b-f35c54120001
2026-01-30 20:46:52,334 [34mINFO [0;39m [[34mtomcat-handler-307[0;39m] [33m[XID:aweb44c69sh619l][0;39m [32mc.a.o.a.s.impl.SubjectServiceImpl[0;39m - Getting subject: 7f000101-9bf3-1319-819b-f35c75e60002 from shelf: 7f000101-9bf3-1319-819b-f35c54120001
2026-01-30 20:46:52,337 [34mINFO [0;39m [[34mtomcat-handler-308[0;39m] [33m[XID:][0;39m [32mc.a.o.a.c.JwtAuthenticationFilter[0;39m - Filtering request: /api/v1/oopsly/shelves/7f000101-9bf3-1319-819b-f35c54120001/subjects/7f000101-9bf3-1319-819b-f35c75e60002/cards
2026-01-30 20:46:52,338 [34mINFO [0;39m [[34mtomcat-handler-308[0;39m] [33m[XID:][0;39m [32mc.a.o.a.c.JwtAuthenticationFilter[0;39m - Attempting to authenticate using jwt
2026-01-30 20:46:52,339 [34mINFO [0;39m [[34mtomcat-handler-308[0;39m] [33m[XID:][0;39m [32mc.a.o.a.c.JwtAuthenticationFilter[0;39m - User 7f000101-9bf3-1319-819b-f35c1d640000 authenticated with role USER
2026-01-30 20:46:52,341 [34mINFO [0;39m [[34mtomcat-handler-308[0;39m] [33m[XID:aweb8k0p2qb2vtg][0;39m [32mc.a.o.api.controller.CardController[0;39m - Getting all cards for subject: 7f000101-9bf3-1319-819b-f35c75e60002 in shelve: 7f000101-9bf3-1319-819b-f35c54120001 with page: 0 and size: 1000
2026-01-30 20:46:52,341 [34mINFO [0;39m [[34mtomcat-handler-308[0;39m] [33m[XID:aweb8k0p2qb2vtg][0;39m [32mc.a.o.a.service.impl.CardServiceImpl[0;39m - Getting all cards for subject: 7f000101-9bf3-1319-819b-f35c75e60002 in shelve: 7f000101-9bf3-1319-819b-f35c54120001 with page: 0 and size: 1000
2026-01-30 20:46:52,347 [34mINFO [0;39m [[34mtomcat-handler-307[0;39m] [33m[XID:aweb44c69sh619l][0;39m [32mc.a.o.a.s.impl.SubjectServiceImpl[0;39m - Successfully retrieved subject: 7f000101-9bf3-1319-819b-f35c75e60002
2026-01-30 20:46:52,348 [34mINFO [0;39m [[34mtomcat-handler-308[0;39m] [33m[XID:aweb8k0p2qb2vtg][0;39m [32mc.a.o.a.service.impl.CardServiceImpl[0;39m - Successfully retrieved 4 cards for subject: 7f000101-9bf3-1319-819b-f35c75e60002 (total: 4)
2026-01-30 20:46:52,351 [34mINFO [0;39m [[34mtomcat-handler-307[0;39m] [33m[XID:aweb44c69sh619l][0;39m [32mc.a.oopsly.api.config.LoggingConfig[0;39m - Request: GET /api/v1/oopsly/shelves/7f000101-9bf3-1319-819b-f35c54120001/subjects/7f000101-9bf3-1319-819b-f35c75e60002 | Status: 200 | 19 ms
2026-01-30 20:46:52,352 [34mINFO [0;39m [[34mtomcat-handler-308[0;39m] [33m[XID:aweb8k0p2qb2vtg][0;39m [32mc.a.oopsly.api.config.LoggingConfig[0;39m - Request: GET /api/v1/oopsly/shelves/7f000101-9bf3-1319-819b-f35c54120001/subjects/7f000101-9bf3-1319-819b-f35c75e60002/cards | Status: 200 | 13 ms
2026-01-30 20:47:05,803 [34mINFO [0;39m [[34mtomcat-handler-309[0;39m] [33m[XID:][0;39m [32mc.a.o.a.c.JwtAuthenticationFilter[0;39m - Filtering request: /api/v1/oopsly/shelves/7f000101-9bf3-1319-819b-f35c54120001/subjects/7f000101-9bf3-1319-819b-f35c75e60002
2026-01-30 20:47:05,804 [34mINFO [0;39m [[34mtomcat-handler-310[0;39m] [33m[XID:][0;39m [32mc.a.o.a.c.JwtAuthenticationFilter[0;39m - Filtering request: /api/v1/oopsly/shelves/7f000101-9bf3-1319-819b-f35c54120001/subjects/7f000101-9bf3-1319-819b-f35c75e60002/cards
2026-01-30 20:47:05,804 [34mINFO [0;39m [[34mtomcat-handler-309[0;39m] [33m[XID:][0;39m [32mc.a.o.a.c.JwtAuthenticationFilter[0;39m - Attempting to authenticate using jwt
2026-01-30 20:47:05,804 [34mINFO [0;39m [[34mtomcat-handler-310[0;39m] [33m[XID:][0;39m [32mc.a.o.a.c.JwtAuthenticationFilter[0;39m - Attempting to authenticate using jwt
2026-01-30 20:47:05,805 [34mINFO [0;39m [[34mtomcat-handler-310[0;39m] [33m[XID:][0;39m [32mc.a.o.a.c.JwtAuthenticationFilter[0;39m - User 7f000101-9bf3-1319-819b-f35c1d640000 authenticated with role USER
2026-01-30 20:47:05,805 [34mINFO [0;39m [[34mtomcat-handler-309[0;39m] [33m[XID:][0;39m [32mc.a.o.a.c.JwtAuthenticationFilter[0;39m - User 7f000101-9bf3-1319-819b-f35c1d640000 authenticated with role USER
2026-01-30 20:47:05,808 [34mINFO [0;39m [[34mtomcat-handler-309[0;39m] [33m[XID:aweb9e5mf3v1dx][0;39m [32mc.a.o.a.controller.SubjectController[0;39m - Getting subject: 7f000101-9bf3-1319-819b-f35c75e60002 from shelve: 7f000101-9bf3-1319-819b-f35c54120001
2026-01-30 20:47:05,809 [34mINFO [0;39m [[34mtomcat-handler-310[0;39m] [33m[XID:awebviyvjpnyc1p][0;39m [32mc.a.o.api.controller.CardController[0;39m - Getting all cards for subject: 7f000101-9bf3-1319-819b-f35c75e60002 in shelve: 7f000101-9bf3-1319-819b-f35c54120001 with page: 0 and size: 1000
2026-01-30 20:47:05,809 [34mINFO [0;39m [[34mtomcat-handler-309[0;39m] [33m[XID:aweb9e5mf3v1dx][0;39m [32mc.a.o.a.s.impl.SubjectServiceImpl[0;39m - Getting subject: 7f000101-9bf3-1319-819b-f35c75e60002 from shelf: 7f000101-9bf3-1319-819b-f35c54120001
2026-01-30 20:47:05,809 [34mINFO [0;39m [[34mtomcat-handler-310[0;39m] [33m[XID:awebviyvjpnyc1p][0;39m [32mc.a.o.a.service.impl.CardServiceImpl[0;39m - Getting all cards for subject: 7f000101-9bf3-1319-819b-f35c75e60002 in shelve: 7f000101-9bf3-1319-819b-f35c54120001 with page: 0 and size: 1000
2026-01-30 20:47:05,817 [34mINFO [0;39m [[34mtomcat-handler-309[0;39m] [33m[XID:aweb9e5mf3v1dx][0;39m [32mc.a.o.a.s.impl.SubjectServiceImpl[0;39m - Successfully retrieved subject: 7f000101-9bf3-1319-819b-f35c75e60002
2026-01-30 20:47:05,820 [34mINFO [0;39m [[34mtomcat-handler-310[0;39m] [33m[XID:awebviyvjpnyc1p][0;39m [32mc.a.o.a.service.impl.CardServiceImpl[0;39m - Successfully retrieved 4 cards for subject: 7f000101-9bf3-1319-819b-f35c75e60002 (total: 4)
2026-01-30 20:47:05,820 [34mINFO [0;39m [[34mtomcat-handler-309[0;39m] [33m[XID:aweb9e5mf3v1dx][0;39m [32mc.a.oopsly.api.config.LoggingConfig[0;39m - Request: GET /api/v1/oopsly/shelves/7f000101-9bf3-1319-819b-f35c54120001/subjects/7f000101-9bf3-1319-819b-f35c75e60002 | Status: 200 | 14 ms
2026-01-30 20:47:05,825 [34mINFO [0;39m [[34mtomcat-handler-310[0;39m] [33m[XID:awebviyvjpnyc1p][0;39m [32mc.a.oopsly.api.config.LoggingConfig[0;39m - Request: GET /api/v1/oopsly/shelves/7f000101-9bf3-1319-819b-f35c54120001/subjects/7f000101-9bf3-1319-819b-f35c75e60002/cards | Status: 200 | 19 ms
2026-01-30 20:47:09,763 [34mINFO [0;39m [[34mtomcat-handler-311[0;39m] [33m[XID:][0;39m [32mc.a.o.a.c.JwtAuthenticationFilter[0;39m - Filtering request: /api/v1/oopsly/shelves/7f000101-9bf3-1319-819b-f35c54120001/subjects/7f000101-9bf3-1319-819b-f35c75e60002/cards
2026-01-30 20:47:09,763 [34mINFO [0;39m [[34mtomcat-handler-311[0;39m] [33m[XID:][0;39m [32mc.a.o.a.c.JwtAuthenticationFilter[0;39m - Attempting to authenticate using jwt
2026-01-30 20:47:09,764 [34mINFO [0;39m [[34mtomcat-handler-311[0;39m] [33m[XID:][0;39m [32mc.a.o.a.c.JwtAuthenticationFilter[0;39m - User 7f000101-9bf3-1319-819b-f35c1d640000 authenticated with role USER
2026-01-30 20:47:09,767 [34mINFO [0;39m [[34mtomcat-handler-311[0;39m] [33m[XID:awebs647z8garu][0;39m [32mc.a.o.api.controller.CardController[0;39m - Getting all cards for subject: 7f000101-9bf3-1319-819b-f35c75e60002 in shelve: 7f000101-9bf3-1319-819b-f35c54120001 with page: 0 and size: 1000
2026-01-30 20:47:09,768 [34mINFO [0;39m [[34mtomcat-handler-311[0;39m] [33m[XID:awebs647z8garu][0;39m [32mc.a.o.a.service.impl.CardServiceImpl[0;39m - Getting all cards for subject: 7f000101-9bf3-1319-819b-f35c75e60002 in shelve: 7f000101-9bf3-1319-819b-f35c54120001 with page: 0 and size: 1000
2026-01-30 20:47:09,769 [34mINFO [0;39m [[34mtomcat-handler-312[0;39m] [33m[XID:][0;39m [32mc.a.o.a.c.JwtAuthenticationFilter[0;39m - Filtering request: /api/v1/oopsly/shelves/7f000101-9bf3-1319-819b-f35c54120001/subjects/7f000101-9bf3-1319-819b-f35c75e60002
2026-01-30 20:47:09,770 [34mINFO [0;39m [[34mtomcat-handler-312[0;39m] [33m[XID:][0;39m [32mc.a.o.a.c.JwtAuthenticationFilter[0;39m - Attempting to authenticate using jwt
2026-01-30 20:47:09,772 [34mINFO [0;39m [[34mtomcat-handler-312[0;39m] [33m[XID:][0;39m [32mc.a.o.a.c.JwtAuthenticationFilter[0;39m - User 7f000101-9bf3-1319-819b-f35c1d640000 authenticated with role USER
2026-01-30 20:47:09,776 [34mINFO [0;39m [[34mtomcat-handler-312[0;39m] [33m[XID:awebtyy3j8aaqu][0;39m [32mc.a.o.a.controller.SubjectController[0;39m - Getting subject: 7f000101-9bf3-1319-819b-f35c75e60002 from shelve: 7f000101-9bf3-1319-819b-f35c54120001
2026-01-30 20:47:09,777 [34mINFO [0;39m [[34mtomcat-handler-312[0;39m] [33m[XID:awebtyy3j8aaqu][0;39m [32mc.a.o.a.s.impl.SubjectServiceImpl[0;39m - Getting subject: 7f000101-9bf3-1319-819b-f35c75e60002 from shelf: 7f000101-9bf3-1319-819b-f35c54120001
2026-01-30 20:47:09,779 [34mINFO [0;39m [[34mtomcat-handler-311[0;39m] [33m[XID:awebs647z8garu][0;39m [32mc.a.o.a.service.impl.CardServiceImpl[0;39m - Successfully retrieved 4 cards for subject: 7f000101-9bf3-1319-819b-f35c75e60002 (total: 4)
2026-01-30 20:47:09,780 [34mINFO [0;39m [[34mtomcat-handler-311[0;39m] [33m[XID:awebs647z8garu][0;39m [32mc.a.oopsly.api.config.LoggingConfig[0;39m - Request: GET /api/v1/oopsly/shelves/7f000101-9bf3-1319-819b-f35c54120001/subjects/7f000101-9bf3-1319-819b-f35c75e60002/cards | Status: 200 | 15 ms
2026-01-30 20:47:09,785 [34mINFO [0;39m [[34mtomcat-handler-312[0;39m] [33m[XID:awebtyy3j8aaqu][0;39m [32mc.a.o.a.s.impl.SubjectServiceImpl[0;39m - Successfully retrieved subject: 7f000101-9bf3-1319-819b-f35c75e60002
2026-01-30 20:47:09,794 [34mINFO [0;39m [[34mtomcat-handler-312[0;39m] [33m[XID:awebtyy3j8aaqu][0;39m [32mc.a.oopsly.api.config.LoggingConfig[0;39m - Request: GET /api/v1/oopsly/shelves/7f000101-9bf3-1319-819b-f35c54120001/subjects/7f000101-9bf3-1319-819b-f35c75e60002 | Status: 200 | 21 ms
2026-01-30 20:47:10,736 [34mINFO [0;39m [[34mtomcat-handler-313[0;39m] [33m[XID:][0;39m [32mc.a.o.a.c.JwtAuthenticationFilter[0;39m - Filtering request: /api/v1/oopsly/shelves/7f000101-9bf3-1319-819b-f35c54120001/subjects/7f000101-9bf3-1319-819b-f35c75e60002
2026-01-30 20:47:10,736 [34mINFO [0;39m [[34mtomcat-handler-313[0;39m] [33m[XID:][0;39m [32mc.a.o.a.c.JwtAuthenticationFilter[0;39m - Attempting to authenticate using jwt
2026-01-30 20:47:10,736 [34mINFO [0;39m [[34mtomcat-handler-314[0;39m] [33m[XID:][0;39m [32mc.a.o.a.c.JwtAuthenticationFilter[0;39m - Filtering request: /api/v1/oopsly/shelves/7f000101-9bf3-1319-819b-f35c54120001/subjects/7f000101-9bf3-1319-819b-f35c75e60002/cards
2026-01-30 20:47:10,737 [34mINFO [0;39m [[34mtomcat-handler-314[0;39m] [33m[XID:][0;39m [32mc.a.o.a.c.JwtAuthenticationFilter[0;39m - Attempting to authenticate using jwt
2026-01-30 20:47:10,738 [34mINFO [0;39m [[34mtomcat-handler-314[0;39m] [33m[XID:][0;39m [32mc.a.o.a.c.JwtAuthenticationFilter[0;39m - User 7f000101-9bf3-1319-819b-f35c1d640000 authenticated with role USER
2026-01-30 20:47:10,741 [34mINFO [0;39m [[34mtomcat-handler-313[0;39m] [33m[XID:][0;39m [32mc.a.o.a.c.JwtAuthenticationFilter[0;39m - User 7f000101-9bf3-1319-819b-f35c1d640000 authenticated with role USER
2026-01-30 20:47:10,742 [34mINFO [0;39m [[34mtomcat-handler-314[0;39m] [33m[XID:awebl4vyu2096og][0;39m [32mc.a.o.api.controller.CardController[0;39m - Getting all cards for subject: 7f000101-9bf3-1319-819b-f35c75e60002 in shelve: 7f000101-9bf3-1319-819b-f35c54120001 with page: 0 and size: 1000
2026-01-30 20:47:10,742 [34mINFO [0;39m [[34mtomcat-handler-314[0;39m] [33m[XID:awebl4vyu2096og][0;39m [32mc.a.o.a.service.impl.CardServiceImpl[0;39m - Getting all cards for subject: 7f000101-9bf3-1319-819b-f35c75e60002 in shelve: 7f000101-9bf3-1319-819b-f35c54120001 with page: 0 and size: 1000
2026-01-30 20:47:10,744 [34mINFO [0;39m [[34mtomcat-handler-313[0;39m] [33m[XID:awebi2fb18d8z0h][0;39m [32mc.a.o.a.controller.SubjectController[0;39m - Getting subject: 7f000101-9bf3-1319-819b-f35c75e60002 from shelve: 7f000101-9bf3-1319-819b-f35c54120001
2026-01-30 20:47:10,745 [34mINFO [0;39m [[34mtomcat-handler-313[0;39m] [33m[XID:awebi2fb18d8z0h][0;39m [32mc.a.o.a.s.impl.SubjectServiceImpl[0;39m - Getting subject: 7f000101-9bf3-1319-819b-f35c75e60002 from shelf: 7f000101-9bf3-1319-819b-f35c54120001
2026-01-30 20:47:10,748 [34mINFO [0;39m [[34mtomcat-handler-313[0;39m] [33m[XID:awebi2fb18d8z0h][0;39m [32mc.a.o.a.s.impl.SubjectServiceImpl[0;39m - Successfully retrieved subject: 7f000101-9bf3-1319-819b-f35c75e60002
2026-01-30 20:47:10,750 [34mINFO [0;39m [[34mtomcat-handler-313[0;39m] [33m[XID:awebi2fb18d8z0h][0;39m [32mc.a.oopsly.api.config.LoggingConfig[0;39m - Request: GET /api/v1/oopsly/shelves/7f000101-9bf3-1319-819b-f35c54120001/subjects/7f000101-9bf3-1319-819b-f35c75e60002 | Status: 200 | 8 ms
2026-01-30 20:47:10,756 [34mINFO [0;39m [[34mtomcat-handler-314[0;39m] [33m[XID:awebl4vyu2096og][0;39m [32mc.a.o.a.service.impl.CardServiceImpl[0;39m - Successfully retrieved 4 cards for subject: 7f000101-9bf3-1319-819b-f35c75e60002 (total: 4)
2026-01-30 20:47:10,758 [34mINFO [0;39m [[34mtomcat-handler-314[0;39m] [33m[XID:awebl4vyu2096og][0;39m [32mc.a.oopsly.api.config.LoggingConfig[0;39m - Request: GET /api/v1/oopsly/shelves/7f000101-9bf3-1319-819b-f35c54120001/subjects/7f000101-9bf3-1319-819b-f35c75e60002/cards | Status: 200 | 19 ms
2026-01-30 20:47:35,652 [34mINFO [0;39m [[34mtomcat-handler-316[0;39m] [33m[XID:][0;39m [32mc.a.o.a.c.JwtAuthenticationFilter[0;39m - Filtering request: /api/v1/oopsly/shelves/7f000101-9bf3-1319-819b-f35c54120001/subjects/7f000101-9bf3-1319-819b-f35c75e60002
2026-01-30 20:47:35,652 [31mWARN [0;39m [[34mtomcat-handler-316[0;39m] [33m[XID:][0;39m [32mc.a.o.a.c.JwtAuthenticationFilter[0;39m - Authorization header not present
2026-01-30 20:47:35,656 [34mINFO [0;39m [[34mtomcat-handler-316[0;39m] [33m[XID:7da32463-904e-4aae-b361-ce7b3e4c6282][0;39m [32mc.a.oopsly.api.config.LoggingConfig[0;39m - Request: OPTIONS /api/v1/oopsly/shelves/7f000101-9bf3-1319-819b-f35c54120001/subjects/7f000101-9bf3-1319-819b-f35c75e60002 | Status: 200 | 2 ms
2026-01-30 20:47:35,660 [34mINFO [0;39m [[34mtomcat-handler-317[0;39m] [33m[XID:][0;39m [32mc.a.o.a.c.JwtAuthenticationFilter[0;39m - Filtering request: /api/v1/oopsly/shelves/7f000101-9bf3-1319-819b-f35c54120001/subjects/7f000101-9bf3-1319-819b-f35c75e60002
2026-01-30 20:47:35,660 [34mINFO [0;39m [[34mtomcat-handler-317[0;39m] [33m[XID:][0;39m [32mc.a.o.a.c.JwtAuthenticationFilter[0;39m - Attempting to authenticate using jwt
2026-01-30 20:47:35,661 [34mINFO [0;39m [[34mtomcat-handler-317[0;39m] [33m[XID:][0;39m [32mc.a.o.a.c.JwtAuthenticationFilter[0;39m - User 7f000101-9bf3-1319-819b-f35c1d640000 authenticated with role USER
2026-01-30 20:47:35,668 [34mINFO [0;39m [[34mtomcat-handler-317[0;39m] [33m[XID:awebu1o6rd51ygn][0;39m [32mc.a.o.a.controller.SubjectController[0;39m - Updating subject: 7f000101-9bf3-1319-819b-f35c75e60002 in shelve: 7f000101-9bf3-1319-819b-f35c54120001
2026-01-30 20:47:35,671 [34mINFO [0;39m [[34mtomcat-handler-317[0;39m] [33m[XID:awebu1o6rd51ygn][0;39m [32mc.a.o.a.s.impl.SubjectServiceImpl[0;39m - Updating subject: 7f000101-9bf3-1319-819b-f35c75e60002 in shelf: 7f000101-9bf3-1319-819b-f35c54120001
2026-01-30 20:47:35,686 [34mINFO [0;39m [[34mtomcat-handler-317[0;39m] [33m[XID:awebu1o6rd51ygn][0;39m [32mc.a.o.a.s.impl.SubjectServiceImpl[0;39m - Successfully updated subject: 7f000101-9bf3-1319-819b-f35c75e60002
2026-01-30 20:47:35,688 [34mINFO [0;39m [[34mtomcat-handler-317[0;39m] [33m[XID:awebu1o6rd51ygn][0;39m [32mc.a.oopsly.api.config.LoggingConfig[0;39m - Request: PUT /api/v1/oopsly/shelves/7f000101-9bf3-1319-819b-f35c54120001/subjects/7f000101-9bf3-1319-819b-f35c75e60002 | Status: 200 | 27 ms
2026-01-30 20:47:35,693 [34mINFO [0;39m [[34mtomcat-handler-318[0;39m] [33m[XID:][0;39m [32mc.a.o.a.c.JwtAuthenticationFilter[0;39m - Filtering request: /api/v1/oopsly/shelves/7f000101-9bf3-1319-819b-f35c54120001/subjects/7f000101-9bf3-1319-819b-f35c75e60002
2026-01-30 20:47:35,693 [34mINFO [0;39m [[34mtomcat-handler-318[0;39m] [33m[XID:][0;39m [32mc.a.o.a.c.JwtAuthenticationFilter[0;39m - Attempting to authenticate using jwt
2026-01-30 20:47:35,694 [34mINFO [0;39m [[34mtomcat-handler-318[0;39m] [33m[XID:][0;39m [32mc.a.o.a.c.JwtAuthenticationFilter[0;39m - User 7f000101-9bf3-1319-819b-f35c1d640000 authenticated with role USER
2026-01-30 20:47:35,695 [34mINFO [0;39m [[34mtomcat-handler-318[0;39m] [33m[XID:aweb9pgn7dpvb0h][0;39m [32mc.a.o.a.controller.SubjectController[0;39m - Getting subject: 7f000101-9bf3-1319-819b-f35c75e60002 from shelve: 7f000101-9bf3-1319-819b-f35c54120001
2026-01-30 20:47:35,696 [34mINFO [0;39m [[34mtomcat-handler-318[0;39m] [33m[XID:aweb9pgn7dpvb0h][0;39m [32mc.a.o.a.s.impl.SubjectServiceImpl[0;39m - Getting subject: 7f000101-9bf3-1319-819b-f35c75e60002 from shelf: 7f000101-9bf3-1319-819b-f35c54120001
2026-01-30 20:47:35,698 [34mINFO [0;39m [[34mtomcat-handler-318[0;39m] [33m[XID:aweb9pgn7dpvb0h][0;39m [32mc.a.o.a.s.impl.SubjectServiceImpl[0;39m - Successfully retrieved subject: 7f000101-9bf3-1319-819b-f35c75e60002
2026-01-30 20:47:35,700 [34mINFO [0;39m [[34mtomcat-handler-318[0;39m] [33m[XID:aweb9pgn7dpvb0h][0;39m [32mc.a.oopsly.api.config.LoggingConfig[0;39m - Request: GET /api/v1/oopsly/shelves/7f000101-9bf3-1319-819b-f35c54120001/subjects/7f000101-9bf3-1319-819b-f35c75e60002 | Status: 200 | 5 ms
2026-01-30 20:47:51,650 [34mINFO [0;39m [[34mtomcat-handler-319[0;39m] [33m[XID:][0;39m [32mc.a.o.a.c.JwtAuthenticationFilter[0;39m - Filtering request: /api/v1/oopsly/shelves/7f000101-9bf3-1319-819b-f3700e9c0003/subjects/7f000101-9bf3-1319-819b-f37030410004
2026-01-30 20:47:51,650 [31mWARN [0;39m [[34mtomcat-handler-319[0;39m] [33m[XID:][0;39m [32mc.a.o.a.c.JwtAuthenticationFilter[0;39m - Authorization header not present
2026-01-30 20:47:51,653 [34mINFO [0;39m [[34mtomcat-handler-319[0;39m] [33m[XID:d1133fa5-cfee-49eb-a354-c7744bda803a][0;39m [32mc.a.oopsly.api.config.LoggingConfig[0;39m - Request: OPTIONS /api/v1/oopsly/shelves/7f000101-9bf3-1319-819b-f3700e9c0003/subjects/7f000101-9bf3-1319-819b-f37030410004 | Status: 200 | 2 ms
2026-01-30 20:47:51,655 [34mINFO [0;39m [[34mtomcat-handler-320[0;39m] [33m[XID:][0;39m [32mc.a.o.a.c.JwtAuthenticationFilter[0;39m - Filtering request: /api/v1/oopsly/shelves/7f000101-9bf3-1319-819b-f3700e9c0003/subjects/7f000101-9bf3-1319-819b-f37030410004/cards
2026-01-30 20:47:51,659 [31mWARN [0;39m [[34mtomcat-handler-320[0;39m] [33m[XID:][0;39m [32mc.a.o.a.c.JwtAuthenticationFilter[0;39m - Authorization header not present
2026-01-30 20:47:51,664 [34mINFO [0;39m [[34mtomcat-handler-320[0;39m] [33m[XID:56e32331-6ae2-4a6d-92df-41252be697d8][0;39m [32mc.a.oopsly.api.config.LoggingConfig[0;39m - Request: OPTIONS /api/v1/oopsly/shelves/7f000101-9bf3-1319-819b-f3700e9c0003/subjects/7f000101-9bf3-1319-819b-f37030410004/cards | Status: 200 | 3 ms
2026-01-30 20:47:51,666 [34mINFO [0;39m [[34mtomcat-handler-321[0;39m] [33m[XID:][0;39m [32mc.a.o.a.c.JwtAuthenticationFilter[0;39m - Filtering request: /api/v1/oopsly/shelves/7f000101-9bf3-1319-819b-f3700e9c0003/subjects/7f000101-9bf3-1319-819b-f37030410004
2026-01-30 20:47:51,666 [34mINFO [0;39m [[34mtomcat-handler-321[0;39m] [33m[XID:][0;39m [32mc.a.o.a.c.JwtAuthenticationFilter[0;39m - Attempting to authenticate using jwt
2026-01-30 20:47:51,669 [34mINFO [0;39m [[34mtomcat-handler-321[0;39m] [33m[XID:][0;39m [32mc.a.o.a.c.JwtAuthenticationFilter[0;39m - User 7f000101-9bf3-1319-819b-f35c1d640000 authenticated with role USER
2026-01-30 20:47:51,671 [34mINFO [0;39m [[34mtomcat-handler-322[0;39m] [33m[XID:][0;39m [32mc.a.o.a.c.JwtAuthenticationFilter[0;39m - Filtering request: /api/v1/oopsly/shelves/7f000101-9bf3-1319-819b-f3700e9c0003/subjects/7f000101-9bf3-1319-819b-f37030410004/cards
2026-01-30 20:47:51,672 [34mINFO [0;39m [[34mtomcat-handler-322[0;39m] [33m[XID:][0;39m [32mc.a.o.a.c.JwtAuthenticationFilter[0;39m - Attempting to authenticate using jwt
2026-01-30 20:47:51,674 [34mINFO [0;39m [[34mtomcat-handler-322[0;39m] [33m[XID:][0;39m [32mc.a.o.a.c.JwtAuthenticationFilter[0;39m - User 7f000101-9bf3-1319-819b-f35c1d640000 authenticated with role USER
2026-01-30 20:47:51,674 [34mINFO [0;39m [[34mtomcat-handler-321[0;39m] [33m[XID:awebb2n5s5wvp6e][0;39m [32mc.a.o.a.controller.SubjectController[0;39m - Getting subject: 7f000101-9bf3-1319-819b-f37030410004 from shelve: 7f000101-9bf3-1319-819b-f3700e9c0003
2026-01-30 20:47:51,675 [34mINFO [0;39m [[34mtomcat-handler-321[0;39m] [33m[XID:awebb2n5s5wvp6e][0;39m [32mc.a.o.a.s.impl.SubjectServiceImpl[0;39m - Getting subject: 7f000101-9bf3-1319-819b-f37030410004 from shelf: 7f000101-9bf3-1319-819b-f3700e9c0003
2026-01-30 20:47:51,676 [34mINFO [0;39m [[34mtomcat-handler-322[0;39m] [33m[XID:aweb4n25zn6hxl][0;39m [32mc.a.o.api.controller.CardController[0;39m - Getting all cards for subject: 7f000101-9bf3-1319-819b-f37030410004 in shelve: 7f000101-9bf3-1319-819b-f3700e9c0003 with page: 0 and size: 1000
2026-01-30 20:47:51,677 [34mINFO [0;39m [[34mtomcat-handler-322[0;39m] [33m[XID:aweb4n25zn6hxl][0;39m [32mc.a.o.a.service.impl.CardServiceImpl[0;39m - Getting all cards for subject: 7f000101-9bf3-1319-819b-f37030410004 in shelve: 7f000101-9bf3-1319-819b-f3700e9c0003 with page: 0 and size: 1000
2026-01-30 20:47:51,680 [34mINFO [0;39m [[34mtomcat-handler-321[0;39m] [33m[XID:awebb2n5s5wvp6e][0;39m [32mc.a.o.a.s.impl.SubjectServiceImpl[0;39m - Successfully retrieved subject: 7f000101-9bf3-1319-819b-f37030410004
2026-01-30 20:47:51,682 [34mINFO [0;39m [[34mtomcat-handler-322[0;39m] [33m[XID:aweb4n25zn6hxl][0;39m [32mc.a.o.a.service.impl.CardServiceImpl[0;39m - Successfully retrieved 0 cards for subject: 7f000101-9bf3-1319-819b-f37030410004 (total: 0)
2026-01-30 20:47:51,682 [34mINFO [0;39m [[34mtomcat-handler-321[0;39m] [33m[XID:awebb2n5s5wvp6e][0;39m [32mc.a.oopsly.api.config.LoggingConfig[0;39m - Request: GET /api/v1/oopsly/shelves/7f000101-9bf3-1319-819b-f3700e9c0003/subjects/7f000101-9bf3-1319-819b-f37030410004 | Status: 200 | 12 ms
2026-01-30 20:47:51,684 [34mINFO [0;39m [[34mtomcat-handler-322[0;39m] [33m[XID:aweb4n25zn6hxl][0;39m [32mc.a.oopsly.api.config.LoggingConfig[0;39m - Request: GET /api/v1/oopsly/shelves/7f000101-9bf3-1319-819b-f3700e9c0003/subjects/7f000101-9bf3-1319-819b-f37030410004/cards | Status: 200 | 9 ms
2026-01-30 20:47:58,043 [34mINFO [0;39m [[34mtomcat-handler-323[0;39m] [33m[XID:][0;39m [32mc.a.o.a.c.JwtAuthenticationFilter[0;39m - Filtering request: /api/v1/oopsly/shelves/7f000101-9bf3-1319-819b-f3700e9c0003/subjects/7f000101-9bf3-1319-819b-f37030410004
2026-01-30 20:47:58,043 [31mWARN [0;39m [[34mtomcat-handler-323[0;39m] [33m[XID:][0;39m [32mc.a.o.a.c.JwtAuthenticationFilter[0;39m - Authorization header not present
2026-01-30 20:47:58,046 [34mINFO [0;39m [[34mtomcat-handler-323[0;39m] [33m[XID:9af19872-edf7-49c4-9fb6-be479eb2d959][0;39m [32mc.a.oopsly.api.config.LoggingConfig[0;39m - Request: OPTIONS /api/v1/oopsly/shelves/7f000101-9bf3-1319-819b-f3700e9c0003/subjects/7f000101-9bf3-1319-819b-f37030410004 | Status: 200 | 3 ms
2026-01-30 20:47:58,050 [34mINFO [0;39m [[34mtomcat-handler-324[0;39m] [33m[XID:][0;39m [32mc.a.o.a.c.JwtAuthenticationFilter[0;39m - Filtering request: /api/v1/oopsly/shelves/7f000101-9bf3-1319-819b-f3700e9c0003/subjects/7f000101-9bf3-1319-819b-f37030410004
2026-01-30 20:47:58,050 [34mINFO [0;39m [[34mtomcat-handler-324[0;39m] [33m[XID:][0;39m [32mc.a.o.a.c.JwtAuthenticationFilter[0;39m - Attempting to authenticate using jwt
2026-01-30 20:47:58,051 [34mINFO [0;39m [[34mtomcat-handler-324[0;39m] [33m[XID:][0;39m [32mc.a.o.a.c.JwtAuthenticationFilter[0;39m - User 7f000101-9bf3-1319-819b-f35c1d640000 authenticated with role USER
2026-01-30 20:47:58,053 [34mINFO [0;39m [[34mtomcat-handler-324[0;39m] [33m[XID:awebuemoogcxwje][0;39m [32mc.a.o.a.controller.SubjectController[0;39m - Updating subject: 7f000101-9bf3-1319-819b-f37030410004 in shelve: 7f000101-9bf3-1319-819b-f3700e9c0003
2026-01-30 20:47:58,053 [34mINFO [0;39m [[34mtomcat-handler-324[0;39m] [33m[XID:awebuemoogcxwje][0;39m [32mc.a.o.a.s.impl.SubjectServiceImpl[0;39m - Updating subject: 7f000101-9bf3-1319-819b-f37030410004 in shelf: 7f000101-9bf3-1319-819b-f3700e9c0003
2026-01-30 20:47:58,063 [34mINFO [0;39m [[34mtomcat-handler-324[0;39m] [33m[XID:awebuemoogcxwje][0;39m [32mc.a.o.a.s.impl.SubjectServiceImpl[0;39m - Successfully updated subject: 7f000101-9bf3-1319-819b-f37030410004
2026-01-30 20:47:58,064 [34mINFO [0;39m [[34mtomcat-handler-324[0;39m] [33m[XID:awebuemoogcxwje][0;39m [32mc.a.oopsly.api.config.LoggingConfig[0;39m - Request: PUT /api/v1/oopsly/shelves/7f000101-9bf3-1319-819b-f3700e9c0003/subjects/7f000101-9bf3-1319-819b-f37030410004 | Status: 200 | 13 ms
2026-01-30 20:47:58,070 [34mINFO [0;39m [[34mtomcat-handler-325[0;39m] [33m[XID:][0;39m [32mc.a.o.a.c.JwtAuthenticationFilter[0;39m - Filtering request: /api/v1/oopsly/shelves/7f000101-9bf3-1319-819b-f3700e9c0003/subjects/7f000101-9bf3-1319-819b-f37030410004
2026-01-30 20:47:58,070 [34mINFO [0;39m [[34mtomcat-handler-325[0;39m] [33m[XID:][0;39m [32mc.a.o.a.c.JwtAuthenticationFilter[0;39m - Attempting to authenticate using jwt
2026-01-30 20:47:58,070 [34mINFO [0;39m [[34mtomcat-handler-325[0;39m] [33m[XID:][0;39m [32mc.a.o.a.c.JwtAuthenticationFilter[0;39m - User 7f000101-9bf3-1319-819b-f35c1d640000 authenticated with role USER
2026-01-30 20:47:58,072 [34mINFO [0;39m [[34mtomcat-handler-325[0;39m] [33m[XID:aweb2yvq617qy76][0;39m [32mc.a.o.a.controller.SubjectController[0;39m - Getting subject: 7f000101-9bf3-1319-819b-f37030410004 from shelve: 7f000101-9bf3-1319-819b-f3700e9c0003
2026-01-30 20:47:58,072 [34mINFO [0;39m [[34mtomcat-handler-325[0;39m] [33m[XID:aweb2yvq617qy76][0;39m [32mc.a.o.a.s.impl.SubjectServiceImpl[0;39m - Getting subject: 7f000101-9bf3-1319-819b-f37030410004 from shelf: 7f000101-9bf3-1319-819b-f3700e9c0003
2026-01-30 20:47:58,075 [34mINFO [0;39m [[34mtomcat-handler-325[0;39m] [33m[XID:aweb2yvq617qy76][0;39m [32mc.a.o.a.s.impl.SubjectServiceImpl[0;39m - Successfully retrieved subject: 7f000101-9bf3-1319-819b-f37030410004
2026-01-30 20:47:58,076 [34mINFO [0;39m [[34mtomcat-handler-325[0;39m] [33m[XID:aweb2yvq617qy76][0;39m [32mc.a.oopsly.api.config.LoggingConfig[0;39m - Request: GET /api/v1/oopsly/shelves/7f000101-9bf3-1319-819b-f3700e9c0003/subjects/7f000101-9bf3-1319-819b-f37030410004 | Status: 200 | 5 ms
2026-01-30 20:58:00,198 [34mINFO [0;39m [[34mtomcat-handler-328[0;39m] [33m[XID:][0;39m [32mc.a.o.a.c.JwtAuthenticationFilter[0;39m - Filtering request: /api/v1/oopsly/shelves
2026-01-30 20:58:00,202 [34mINFO [0;39m [[34mtomcat-handler-330[0;39m] [33m[XID:][0;39m [32mc.a.o.a.c.JwtAuthenticationFilter[0;39m - Filtering request: /api/v1/oopsly/shelves/7f000101-9bf3-1319-819b-f3700e9c0003/subjects/7f000101-9bf3-1319-819b-f37030410004/cards
2026-01-30 20:58:00,202 [34mINFO [0;39m [[34mtomcat-handler-329[0;39m] [33m[XID:][0;39m [32mc.a.o.a.c.JwtAuthenticationFilter[0;39m - Filtering request: /api/v1/oopsly/shelves/7f000101-9bf3-1319-819b-f3700e9c0003/subjects/7f000101-9bf3-1319-819b-f37030410004
2026-01-30 20:58:00,203 [34mINFO [0;39m [[34mtomcat-handler-329[0;39m] [33m[XID:][0;39m [32mc.a.o.a.c.JwtAuthenticationFilter[0;39m - Attempting to authenticate using jwt
2026-01-30 20:58:00,203 [34mINFO [0;39m [[34mtomcat-handler-328[0;39m] [33m[XID:][0;39m [32mc.a.o.a.c.JwtAuthenticationFilter[0;39m - Attempting to authenticate using jwt
2026-01-30 20:58:00,204 [34mINFO [0;39m [[34mtomcat-handler-330[0;39m] [33m[XID:][0;39m [32mc.a.o.a.c.JwtAuthenticationFilter[0;39m - Attempting to authenticate using jwt
2026-01-30 20:58:00,208 [34mINFO [0;39m [[34mtomcat-handler-330[0;39m] [33m[XID:][0;39m [32mc.a.o.a.c.JwtAuthenticationFilter[0;39m - User 7f000101-9bf3-1319-819b-f35c1d640000 authenticated with role USER
2026-01-30 20:58:00,208 [34mINFO [0;39m [[34mtomcat-handler-329[0;39m] [33m[XID:][0;39m [32mc.a.o.a.c.JwtAuthenticationFilter[0;39m - User 7f000101-9bf3-1319-819b-f35c1d640000 authenticated with role USER
2026-01-30 20:58:00,210 [34mINFO [0;39m [[34mtomcat-handler-328[0;39m] [33m[XID:][0;39m [32mc.a.o.a.c.JwtAuthenticationFilter[0;39m - User 7f000101-9bf3-1319-819b-f35c1d640000 authenticated with role USER
2026-01-30 20:58:00,214 [34mINFO [0;39m [[34mtomcat-handler-329[0;39m] [33m[XID:aweboi0t9402r28][0;39m [32mc.a.o.a.controller.SubjectController[0;39m - Getting subject: 7f000101-9bf3-1319-819b-f37030410004 from shelve: 7f000101-9bf3-1319-819b-f3700e9c0003
2026-01-30 20:58:00,214 [34mINFO [0;39m [[34mtomcat-handler-330[0;39m] [33m[XID:awebopf4otnfpog][0;39m [32mc.a.o.api.controller.CardController[0;39m - Getting all cards for subject: 7f000101-9bf3-1319-819b-f37030410004 in shelve: 7f000101-9bf3-1319-819b-f3700e9c0003 with page: 0 and size: 1000
2026-01-30 20:58:00,215 [34mINFO [0;39m [[34mtomcat-handler-330[0;39m] [33m[XID:awebopf4otnfpog][0;39m [32mc.a.o.a.service.impl.CardServiceImpl[0;39m - Getting all cards for subject: 7f000101-9bf3-1319-819b-f37030410004 in shelve: 7f000101-9bf3-1319-819b-f3700e9c0003 with page: 0 and size: 1000
2026-01-30 20:58:00,215 [34mINFO [0;39m [[34mtomcat-handler-329[0;39m] [33m[XID:aweboi0t9402r28][0;39m [32mc.a.o.a.s.impl.SubjectServiceImpl[0;39m - Getting subject: 7f000101-9bf3-1319-819b-f37030410004 from shelf: 7f000101-9bf3-1319-819b-f3700e9c0003
2026-01-30 20:58:00,216 [34mINFO [0;39m [[34mtomcat-handler-328[0;39m] [33m[XID:awebvvygwn0ukqe][0;39m [32mc.a.o.a.s.impl.ShelfServiceImpl[0;39m - Retrieving current user info from UserService
2026-01-30 20:58:00,217 [34mINFO [0;39m [[34mtomcat-handler-328[0;39m] [33m[XID:awebvvygwn0ukqe][0;39m [32mc.a.o.a.s.impl.ShelfServiceImpl[0;39m - Fetching shelves page 0 size 100 for user 7f000101-9bf3-1319-819b-f35c1d640000
2026-01-30 20:58:00,217 [34mINFO [0;39m [[34mtomcat-handler-328[0;39m] [33m[XID:awebvvygwn0ukqe][0;39m [32mc.a.o.a.s.impl.ShelfServiceImpl[0;39m - Retrieving current user info from UserService
2026-01-30 20:58:00,290 [34mINFO [0;39m [[34mtomcat-handler-329[0;39m] [33m[XID:aweboi0t9402r28][0;39m [32mc.a.o.a.s.impl.SubjectServiceImpl[0;39m - Successfully retrieved subject: 7f000101-9bf3-1319-819b-f37030410004
2026-01-30 20:58:00,296 [34mINFO [0;39m [[34mtomcat-handler-330[0;39m] [33m[XID:awebopf4otnfpog][0;39m [32mc.a.o.a.service.impl.CardServiceImpl[0;39m - Successfully retrieved 0 cards for subject: 7f000101-9bf3-1319-819b-f37030410004 (total: 0)
2026-01-30 20:58:00,301 [34mINFO [0;39m [[34mtomcat-handler-330[0;39m] [33m[XID:awebopf4otnfpog][0;39m [32mc.a.oopsly.api.config.LoggingConfig[0;39m - Request: GET /api/v1/oopsly/shelves/7f000101-9bf3-1319-819b-f3700e9c0003/subjects/7f000101-9bf3-1319-819b-f37030410004/cards | Status: 200 | 92 ms
2026-01-30 20:58:00,303 [34mINFO [0;39m [[34mtomcat-handler-329[0;39m] [33m[XID:aweboi0t9402r28][0;39m [32mc.a.oopsly.api.config.LoggingConfig[0;39m - Request: GET /api/v1/oopsly/shelves/7f000101-9bf3-1319-819b-f3700e9c0003/subjects/7f000101-9bf3-1319-819b-f37030410004 | Status: 200 | 94 ms
2026-01-30 20:58:00,321 [34mINFO [0;39m [[34mtomcat-handler-328[0;39m] [33m[XID:awebvvygwn0ukqe][0;39m [32mc.a.oopsly.api.config.LoggingConfig[0;39m - Request: GET /api/v1/oopsly/shelves | Status: 200 | 108 ms
2026-01-30 20:58:08,359 [34mINFO [0;39m [[34mtomcat-handler-333[0;39m] [33m[XID:][0;39m [32mc.a.o.a.c.JwtAuthenticationFilter[0;39m - Filtering request: /api/v1/oopsly/shelves/7f000101-9bf3-1319-819b-f3700e9c0003/subjects/7f000101-9bf3-1319-819b-f37030410004/cards
2026-01-30 20:58:08,359 [34mINFO [0;39m [[34mtomcat-handler-331[0;39m] [33m[XID:][0;39m [32mc.a.o.a.c.JwtAuthenticationFilter[0;39m - Filtering request: /api/v1/oopsly/shelves
2026-01-30 20:58:08,360 [34mINFO [0;39m [[34mtomcat-handler-333[0;39m] [33m[XID:][0;39m [32mc.a.o.a.c.JwtAuthenticationFilter[0;39m - Attempting to authenticate using jwt
2026-01-30 20:58:08,359 [34mINFO [0;39m [[34mtomcat-handler-332[0;39m] [33m[XID:][0;39m [32mc.a.o.a.c.JwtAuthenticationFilter[0;39m - Filtering request: /api/v1/oopsly/shelves/7f000101-9bf3-1319-819b-f3700e9c0003/subjects/7f000101-9bf3-1319-819b-f37030410004
2026-01-30 20:58:08,367 [34mINFO [0;39m [[34mtomcat-handler-332[0;39m] [33m[XID:][0;39m [32mc.a.o.a.c.JwtAuthenticationFilter[0;39m - Attempting to authenticate using jwt
2026-01-30 20:58:08,367 [34mINFO [0;39m [[34mtomcat-handler-331[0;39m] [33m[XID:][0;39m [32mc.a.o.a.c.JwtAuthenticationFilter[0;39m - Attempting to authenticate using jwt
2026-01-30 20:58:08,368 [34mINFO [0;39m [[34mtomcat-handler-332[0;39m] [33m[XID:][0;39m [32mc.a.o.a.c.JwtAuthenticationFilter[0;39m - User 7f000101-9bf3-1319-819b-f35c1d640000 authenticated with role USER
2026-01-30 20:58:08,368 [34mINFO [0;39m [[34mtomcat-handler-333[0;39m] [33m[XID:][0;39m [32mc.a.o.a.c.JwtAuthenticationFilter[0;39m - User 7f000101-9bf3-1319-819b-f35c1d640000 authenticated with role USER
2026-01-30 20:58:08,369 [34mINFO [0;39m [[34mtomcat-handler-331[0;39m] [33m[XID:][0;39m [32mc.a.o.a.c.JwtAuthenticationFilter[0;39m - User 7f000101-9bf3-1319-819b-f35c1d640000 authenticated with role USER
2026-01-30 20:58:08,371 [34mINFO [0;39m [[34mtomcat-handler-332[0;39m] [33m[XID:aweb-ml0y7c5k-h0c6bsuh][0;39m [32mc.a.o.a.controller.SubjectController[0;39m - Getting subject: 7f000101-9bf3-1319-819b-f37030410004 from shelve: 7f000101-9bf3-1319-819b-f3700e9c0003
2026-01-30 20:58:08,371 [34mINFO [0;39m [[34mtomcat-handler-333[0;39m] [33m[XID:aweb-ml0y7c5k-mut2ihra][0;39m [32mc.a.o.api.controller.CardController[0;39m - Getting all cards for subject: 7f000101-9bf3-1319-819b-f37030410004 in shelve: 7f000101-9bf3-1319-819b-f3700e9c0003 with page: 0 and size: 1000
2026-01-30 20:58:08,372 [34mINFO [0;39m [[34mtomcat-handler-332[0;39m] [33m[XID:aweb-ml0y7c5k-h0c6bsuh][0;39m [32mc.a.o.a.s.impl.SubjectServiceImpl[0;39m - Getting subject: 7f000101-9bf3-1319-819b-f37030410004 from shelf: 7f000101-9bf3-1319-819b-f3700e9c0003
2026-01-30 20:58:08,372 [34mINFO [0;39m [[34mtomcat-handler-333[0;39m] [33m[XID:aweb-ml0y7c5k-mut2ihra][0;39m [32mc.a.o.a.service.impl.CardServiceImpl[0;39m - Getting all cards for subject: 7f000101-9bf3-1319-819b-f37030410004 in shelve: 7f000101-9bf3-1319-819b-f3700e9c0003 with page: 0 and size: 1000
2026-01-30 20:58:08,375 [34mINFO [0;39m [[34mtomcat-handler-331[0;39m] [33m[XID:aweb-ml0y7c5j-t8d4u2ft][0;39m [32mc.a.o.a.s.impl.ShelfServiceImpl[0;39m - Retrieving current user info from UserService
2026-01-30 20:58:08,376 [34mINFO [0;39m [[34mtomcat-handler-331[0;39m] [33m[XID:aweb-ml0y7c5j-t8d4u2ft][0;39m [32mc.a.o.a.s.impl.ShelfServiceImpl[0;39m - Fetching shelves page 0 size 100 for user 7f000101-9bf3-1319-819b-f35c1d640000
2026-01-30 20:58:08,377 [34mINFO [0;39m [[34mtomcat-handler-331[0;39m] [33m[XID:aweb-ml0y7c5j-t8d4u2ft][0;39m [32mc.a.o.a.s.impl.ShelfServiceImpl[0;39m - Retrieving current user info from UserService
2026-01-30 20:58:08,377 [34mINFO [0;39m [[34mtomcat-handler-332[0;39m] [33m[XID:aweb-ml0y7c5k-h0c6bsuh][0;39m [32mc.a.o.a.s.impl.SubjectServiceImpl[0;39m - Successfully retrieved subject: 7f000101-9bf3-1319-819b-f37030410004
2026-01-30 20:58:08,384 [34mINFO [0;39m [[34mtomcat-handler-332[0;39m] [33m[XID:aweb-ml0y7c5k-h0c6bsuh][0;39m [32mc.a.oopsly.api.config.LoggingConfig[0;39m - Request: GET /api/v1/oopsly/shelves/7f000101-9bf3-1319-819b-f3700e9c0003/subjects/7f000101-9bf3-1319-819b-f37030410004 | Status: 200 | 15 ms
2026-01-30 20:58:08,393 [34mINFO [0;39m [[34mtomcat-handler-333[0;39m] [33m[XID:aweb-ml0y7c5k-mut2ihra][0;39m [32mc.a.o.a.service.impl.CardServiceImpl[0;39m - Successfully retrieved 0 cards for subject: 7f000101-9bf3-1319-819b-f37030410004 (total: 0)
2026-01-30 20:58:08,399 [34mINFO [0;39m [[34mtomcat-handler-333[0;39m] [33m[XID:aweb-ml0y7c5k-mut2ihra][0;39m [32mc.a.oopsly.api.config.LoggingConfig[0;39m - Request: GET /api/v1/oopsly/shelves/7f000101-9bf3-1319-819b-f3700e9c0003/subjects/7f000101-9bf3-1319-819b-f37030410004/cards | Status: 200 | 30 ms
2026-01-30 20:58:08,416 [34mINFO [0;39m [[34mtomcat-handler-331[0;39m] [33m[XID:aweb-ml0y7c5j-t8d4u2ft][0;39m [32mc.a.oopsly.api.config.LoggingConfig[0;39m - Request: GET /api/v1/oopsly/shelves | Status: 200 | 47 ms
2026-01-30 20:58:11,888 [34mINFO [0;39m [[34mtomcat-handler-335[0;39m] [33m[XID:][0;39m [32mc.a.o.a.c.JwtAuthenticationFilter[0;39m - Filtering request: /api/v1/oopsly/shelves/7f000101-9bf3-1319-819b-f3700e9c0003/subjects/7f000101-9bf3-1319-819b-f37030410004
2026-01-30 20:58:11,888 [34mINFO [0;39m [[34mtomcat-handler-334[0;39m] [33m[XID:][0;39m [32mc.a.o.a.c.JwtAuthenticationFilter[0;39m - Filtering request: /api/v1/oopsly/shelves
2026-01-30 20:58:11,888 [34mINFO [0;39m [[34mtomcat-handler-335[0;39m] [33m[XID:][0;39m [32mc.a.o.a.c.JwtAuthenticationFilter[0;39m - Attempting to authenticate using jwt
2026-01-30 20:58:11,889 [34mINFO [0;39m [[34mtomcat-handler-334[0;39m] [33m[XID:][0;39m [32mc.a.o.a.c.JwtAuthenticationFilter[0;39m - Attempting to authenticate using jwt
2026-01-30 20:58:11,889 [34mINFO [0;39m [[34mtomcat-handler-335[0;39m] [33m[XID:][0;39m [32mc.a.o.a.c.JwtAuthenticationFilter[0;39m - User 7f000101-9bf3-1319-819b-f35c1d640000 authenticated with role USER
2026-01-30 20:58:11,889 [34mINFO [0;39m [[34mtomcat-handler-336[0;39m] [33m[XID:][0;39m [32mc.a.o.a.c.JwtAuthenticationFilter[0;39m - Filtering request: /api/v1/oopsly/shelves/7f000101-9bf3-1319-819b-f3700e9c0003/subjects/7f000101-9bf3-1319-819b-f37030410004/cards
2026-01-30 20:58:11,889 [34mINFO [0;39m [[34mtomcat-handler-336[0;39m] [33m[XID:][0;39m [32mc.a.o.a.c.JwtAuthenticationFilter[0;39m - Attempting to authenticate using jwt
2026-01-30 20:58:11,890 [34mINFO [0;39m [[34mtomcat-handler-336[0;39m] [33m[XID:][0;39m [32mc.a.o.a.c.JwtAuthenticationFilter[0;39m - User 7f000101-9bf3-1319-819b-f35c1d640000 authenticated with role USER
2026-01-30 20:58:11,889 [34mINFO [0;39m [[34mtomcat-handler-334[0;39m] [33m[XID:][0;39m [32mc.a.o.a.c.JwtAuthenticationFilter[0;39m - User 7f000101-9bf3-1319-819b-f35c1d640000 authenticated with role USER
2026-01-30 20:58:11,891 [34mINFO [0;39m [[34mtomcat-handler-335[0;39m] [33m[XID:aweb-ml0y7ezw-zlqm1osy][0;39m [32mc.a.o.a.controller.SubjectController[0;39m - Getting subject: 7f000101-9bf3-1319-819b-f37030410004 from shelve: 7f000101-9bf3-1319-819b-f3700e9c0003
2026-01-30 20:58:11,892 [34mINFO [0;39m [[34mtomcat-handler-335[0;39m] [33m[XID:aweb-ml0y7ezw-zlqm1osy][0;39m [32mc.a.o.a.s.impl.SubjectServiceImpl[0;39m - Getting subject: 7f000101-9bf3-1319-819b-f37030410004 from shelf: 7f000101-9bf3-1319-819b-f3700e9c0003
2026-01-30 20:58:11,892 [34mINFO [0;39m [[34mtomcat-handler-336[0;39m] [33m[XID:aweb-ml0y7ezw-v9pipyml][0;39m [32mc.a.o.api.controller.CardController[0;39m - Getting all cards for subject: 7f000101-9bf3-1319-819b-f37030410004 in shelve: 7f000101-9bf3-1319-819b-f3700e9c0003 with page: 0 and size: 1000
2026-01-30 20:58:11,893 [34mINFO [0;39m [[34mtomcat-handler-334[0;39m] [33m[XID:aweb-ml0y7ezw-xz1a6tko][0;39m [32mc.a.o.a.s.impl.ShelfServiceImpl[0;39m - Retrieving current user info from UserService
2026-01-30 20:58:11,892 [34mINFO [0;39m [[34mtomcat-handler-336[0;39m] [33m[XID:aweb-ml0y7ezw-v9pipyml][0;39m [32mc.a.o.a.service.impl.CardServiceImpl[0;39m - Getting all cards for subject: 7f000101-9bf3-1319-819b-f37030410004 in shelve: 7f000101-9bf3-1319-819b-f3700e9c0003 with page: 0 and size: 1000
2026-01-30 20:58:11,893 [34mINFO [0;39m [[34mtomcat-handler-334[0;39m] [33m[XID:aweb-ml0y7ezw-xz1a6tko][0;39m [32mc.a.o.a.s.impl.ShelfServiceImpl[0;39m - Fetching shelves page 0 size 100 for user 7f000101-9bf3-1319-819b-f35c1d640000
2026-01-30 20:58:11,893 [34mINFO [0;39m [[34mtomcat-handler-334[0;39m] [33m[XID:aweb-ml0y7ezw-xz1a6tko][0;39m [32mc.a.o.a.s.impl.ShelfServiceImpl[0;39m - Retrieving current user info from UserService
2026-01-30 20:58:11,896 [34mINFO [0;39m [[34mtomcat-handler-335[0;39m] [33m[XID:aweb-ml0y7ezw-zlqm1osy][0;39m [32mc.a.o.a.s.impl.SubjectServiceImpl[0;39m - Successfully retrieved subject: 7f000101-9bf3-1319-819b-f37030410004
2026-01-30 20:58:11,897 [34mINFO [0;39m [[34mtomcat-handler-336[0;39m] [33m[XID:aweb-ml0y7ezw-v9pipyml][0;39m [32mc.a.o.a.service.impl.CardServiceImpl[0;39m - Successfully retrieved 0 cards for subject: 7f000101-9bf3-1319-819b-f37030410004 (total: 0)
2026-01-30 20:58:11,898 [34mINFO [0;39m [[34mtomcat-handler-335[0;39m] [33m[XID:aweb-ml0y7ezw-zlqm1osy][0;39m [32mc.a.oopsly.api.config.LoggingConfig[0;39m - Request: GET /api/v1/oopsly/shelves/7f000101-9bf3-1319-819b-f3700e9c0003/subjects/7f000101-9bf3-1319-819b-f37030410004 | Status: 200 | 8 ms
2026-01-30 20:58:11,899 [34mINFO [0;39m [[34mtomcat-handler-336[0;39m] [33m[XID:aweb-ml0y7ezw-v9pipyml][0;39m [32mc.a.oopsly.api.config.LoggingConfig[0;39m - Request: GET /api/v1/oopsly/shelves/7f000101-9bf3-1319-819b-f3700e9c0003/subjects/7f000101-9bf3-1319-819b-f37030410004/cards | Status: 200 | 8 ms
2026-01-30 20:58:11,911 [34mINFO [0;39m [[34mtomcat-handler-334[0;39m] [33m[XID:aweb-ml0y7ezw-xz1a6tko][0;39m [32mc.a.oopsly.api.config.LoggingConfig[0;39m - Request: GET /api/v1/oopsly/shelves | Status: 200 | 20 ms
2026-01-30 20:58:42,928 [34mINFO [0;39m [[34mtomcat-handler-337[0;39m] [33m[XID:][0;39m [32mc.a.o.a.c.JwtAuthenticationFilter[0;39m - Filtering request: /api/v1/oopsly/shelves
2026-01-30 20:58:42,928 [34mINFO [0;39m [[34mtomcat-handler-338[0;39m] [33m[XID:][0;39m [32mc.a.o.a.c.JwtAuthenticationFilter[0;39m - Filtering request: /api/v1/oopsly/shelves/7f000101-9bf3-1319-819b-f3700e9c0003/subjects/7f000101-9bf3-1319-819b-f37030410004
2026-01-30 20:58:42,929 [34mINFO [0;39m [[34mtomcat-handler-338[0;39m] [33m[XID:][0;39m [32mc.a.o.a.c.JwtAuthenticationFilter[0;39m - Attempting to authenticate using jwt
2026-01-30 20:58:42,929 [34mINFO [0;39m [[34mtomcat-handler-337[0;39m] [33m[XID:][0;39m [32mc.a.o.a.c.JwtAuthenticationFilter[0;39m - Attempting to authenticate using jwt
2026-01-30 20:58:42,930 [34mINFO [0;39m [[34mtomcat-handler-338[0;39m] [33m[XID:][0;39m [32mc.a.o.a.c.JwtAuthenticationFilter[0;39m - User 7f000101-9bf3-1319-819b-f35c1d640000 authenticated with role USER
2026-01-30 20:58:42,930 [34mINFO [0;39m [[34mtomcat-handler-337[0;39m] [33m[XID:][0;39m [32mc.a.o.a.c.JwtAuthenticationFilter[0;39m - User 7f000101-9bf3-1319-819b-f35c1d640000 authenticated with role USER
2026-01-30 20:58:42,931 [34mINFO [0;39m [[34mtomcat-handler-339[0;39m] [33m[XID:][0;39m [32mc.a.o.a.c.JwtAuthenticationFilter[0;39m - Filtering request: /api/v1/oopsly/shelves/7f000101-9bf3-1319-819b-f3700e9c0003/subjects/7f000101-9bf3-1319-819b-f37030410004/cards
2026-01-30 20:58:42,931 [34mINFO [0;39m [[34mtomcat-handler-339[0;39m] [33m[XID:][0;39m [32mc.a.o.a.c.JwtAuthenticationFilter[0;39m - Attempting to authenticate using jwt
2026-01-30 20:58:42,932 [34mINFO [0;39m [[34mtomcat-handler-339[0;39m] [33m[XID:][0;39m [32mc.a.o.a.c.JwtAuthenticationFilter[0;39m - User 7f000101-9bf3-1319-819b-f35c1d640000 authenticated with role USER
2026-01-30 20:58:42,934 [34mINFO [0;39m [[34mtomcat-handler-338[0;39m] [33m[XID:aweb-ml0y82wh-sc9ubdv2][0;39m [32mc.a.o.a.controller.SubjectController[0;39m - Getting subject: 7f000101-9bf3-1319-819b-f37030410004 from shelve: 7f000101-9bf3-1319-819b-f3700e9c0003
2026-01-30 20:58:42,935 [34mINFO [0;39m [[34mtomcat-handler-337[0;39m] [33m[XID:aweb-ml0y82wh-wzq3q6ii][0;39m [32mc.a.o.a.s.impl.ShelfServiceImpl[0;39m - Retrieving current user info from UserService
2026-01-30 20:58:42,935 [34mINFO [0;39m [[34mtomcat-handler-338[0;39m] [33m[XID:aweb-ml0y82wh-sc9ubdv2][0;39m [32mc.a.o.a.s.impl.SubjectServiceImpl[0;39m - Getting subject: 7f000101-9bf3-1319-819b-f37030410004 from shelf: 7f000101-9bf3-1319-819b-f3700e9c0003
2026-01-30 20:58:42,935 [34mINFO [0;39m [[34mtomcat-handler-339[0;39m] [33m[XID:aweb-ml0y82wh-zjuxdvch][0;39m [32mc.a.o.api.controller.CardController[0;39m - Getting all cards for subject: 7f000101-9bf3-1319-819b-f37030410004 in shelve: 7f000101-9bf3-1319-819b-f3700e9c0003 with page: 0 and size: 1000
2026-01-30 20:58:42,936 [34mINFO [0;39m [[34mtomcat-handler-339[0;39m] [33m[XID:aweb-ml0y82wh-zjuxdvch][0;39m [32mc.a.o.a.service.impl.CardServiceImpl[0;39m - Getting all cards for subject: 7f000101-9bf3-1319-819b-f37030410004 in shelve: 7f000101-9bf3-1319-819b-f3700e9c0003 with page: 0 and size: 1000
2026-01-30 20:58:42,937 [34mINFO [0;39m [[34mtomcat-handler-337[0;39m] [33m[XID:aweb-ml0y82wh-wzq3q6ii][0;39m [32mc.a.o.a.s.impl.ShelfServiceImpl[0;39m - Fetching shelves page 0 size 100 for user 7f000101-9bf3-1319-819b-f35c1d640000
2026-01-30 20:58:42,937 [34mINFO [0;39m [[34mtomcat-handler-337[0;39m] [33m[XID:aweb-ml0y82wh-wzq3q6ii][0;39m [32mc.a.o.a.s.impl.ShelfServiceImpl[0;39m - Retrieving current user info from UserService
2026-01-30 20:58:42,942 [34mINFO [0;39m [[34mtomcat-handler-338[0;39m] [33m[XID:aweb-ml0y82wh-sc9ubdv2][0;39m [32mc.a.o.a.s.impl.SubjectServiceImpl[0;39m - Successfully retrieved subject: 7f000101-9bf3-1319-819b-f37030410004
2026-01-30 20:58:42,943 [34mINFO [0;39m [[34mtomcat-handler-339[0;39m] [33m[XID:aweb-ml0y82wh-zjuxdvch][0;39m [32mc.a.o.a.service.impl.CardServiceImpl[0;39m - Successfully retrieved 0 cards for subject: 7f000101-9bf3-1319-819b-f37030410004 (total: 0)
2026-01-30 20:58:42,945 [34mINFO [0;39m [[34mtomcat-handler-339[0;39m] [33m[XID:aweb-ml0y82wh-zjuxdvch][0;39m [32mc.a.oopsly.api.config.LoggingConfig[0;39m - Request: GET /api/v1/oopsly/shelves/7f000101-9bf3-1319-819b-f3700e9c0003/subjects/7f000101-9bf3-1319-819b-f37030410004/cards | Status: 200 | 12 ms
2026-01-30 20:58:42,945 [34mINFO [0;39m [[34mtomcat-handler-338[0;39m] [33m[XID:aweb-ml0y82wh-sc9ubdv2][0;39m [32mc.a.oopsly.api.config.LoggingConfig[0;39m - Request: GET /api/v1/oopsly/shelves/7f000101-9bf3-1319-819b-f3700e9c0003/subjects/7f000101-9bf3-1319-819b-f37030410004 | Status: 200 | 14 ms
2026-01-30 20:58:42,955 [34mINFO [0;39m [[34mtomcat-handler-337[0;39m] [33m[XID:aweb-ml0y82wh-wzq3q6ii][0;39m [32mc.a.oopsly.api.config.LoggingConfig[0;39m - Request: GET /api/v1/oopsly/shelves | Status: 200 | 24 ms
2026-01-30 20:58:46,806 [34mINFO [0;39m [[34mtomcat-handler-341[0;39m] [33m[XID:][0;39m [32mc.a.o.a.c.JwtAuthenticationFilter[0;39m - Filtering request: /api/v1/oopsly/shelves/7f000101-9bf3-1319-819b-f3700e9c0003/subjects/7f000101-9bf3-1319-819b-f37030410004
2026-01-30 20:58:46,806 [34mINFO [0;39m [[34mtomcat-handler-340[0;39m] [33m[XID:][0;39m [32mc.a.o.a.c.JwtAuthenticationFilter[0;39m - Filtering request: /api/v1/oopsly/shelves
2026-01-30 20:58:46,807 [34mINFO [0;39m [[34mtomcat-handler-340[0;39m] [33m[XID:][0;39m [32mc.a.o.a.c.JwtAuthenticationFilter[0;39m - Attempting to authenticate using jwt
2026-01-30 20:58:46,807 [34mINFO [0;39m [[34mtomcat-handler-341[0;39m] [33m[XID:][0;39m [32mc.a.o.a.c.JwtAuthenticationFilter[0;39m - Attempting to authenticate using jwt
2026-01-30 20:58:46,807 [34mINFO [0;39m [[34mtomcat-handler-342[0;39m] [33m[XID:][0;39m [32mc.a.o.a.c.JwtAuthenticationFilter[0;39m - Filtering request: /api/v1/oopsly/shelves/7f000101-9bf3-1319-819b-f3700e9c0003/subjects/7f000101-9bf3-1319-819b-f37030410004/cards
2026-01-30 20:58:46,807 [34mINFO [0;39m [[34mtomcat-handler-341[0;39m] [33m[XID:][0;39m [32mc.a.o.a.c.JwtAuthenticationFilter[0;39m - User 7f000101-9bf3-1319-819b-f35c1d640000 authenticated with role USER
2026-01-30 20:58:46,807 [34mINFO [0;39m [[34mtomcat-handler-342[0;39m] [33m[XID:][0;39m [32mc.a.o.a.c.JwtAuthenticationFilter[0;39m - Attempting to authenticate using jwt
2026-01-30 20:58:46,808 [34mINFO [0;39m [[34mtomcat-handler-340[0;39m] [33m[XID:][0;39m [32mc.a.o.a.c.JwtAuthenticationFilter[0;39m - User 7f000101-9bf3-1319-819b-f35c1d640000 authenticated with role USER
2026-01-30 20:58:46,808 [34mINFO [0;39m [[34mtomcat-handler-342[0;39m] [33m[XID:][0;39m [32mc.a.o.a.c.JwtAuthenticationFilter[0;39m - User 7f000101-9bf3-1319-819b-f35c1d640000 authenticated with role USER
2026-01-30 20:58:46,809 [34mINFO [0;39m [[34mtomcat-handler-341[0;39m] [33m[XID:aweb-ml0y85z3-5r0h0zqm][0;39m [32mc.a.o.a.controller.SubjectController[0;39m - Getting subject: 7f000101-9bf3-1319-819b-f37030410004 from shelve: 7f000101-9bf3-1319-819b-f3700e9c0003
2026-01-30 20:58:46,809 [34mINFO [0;39m [[34mtomcat-handler-341[0;39m] [33m[XID:aweb-ml0y85z3-5r0h0zqm][0;39m [32mc.a.o.a.s.impl.SubjectServiceImpl[0;39m - Getting subject: 7f000101-9bf3-1319-819b-f37030410004 from shelf: 7f000101-9bf3-1319-819b-f3700e9c0003
2026-01-30 20:58:46,810 [34mINFO [0;39m [[34mtomcat-handler-342[0;39m] [33m[XID:aweb-ml0y85z3-bc6lvil5][0;39m [32mc.a.o.api.controller.CardController[0;39m - Getting all cards for subject: 7f000101-9bf3-1319-819b-f37030410004 in shelve: 7f000101-9bf3-1319-819b-f3700e9c0003 with page: 0 and size: 1000
2026-01-30 20:58:46,810 [34mINFO [0;39m [[34mtomcat-handler-342[0;39m] [33m[XID:aweb-ml0y85z3-bc6lvil5][0;39m [32mc.a.o.a.service.impl.CardServiceImpl[0;39m - Getting all cards for subject: 7f000101-9bf3-1319-819b-f37030410004 in shelve: 7f000101-9bf3-1319-819b-f3700e9c0003 with page: 0 and size: 1000
2026-01-30 20:58:46,811 [34mINFO [0;39m [[34mtomcat-handler-340[0;39m] [33m[XID:aweb-ml0y85z2-x8phbgy2][0;39m [32mc.a.o.a.s.impl.ShelfServiceImpl[0;39m - Retrieving current user info from UserService
2026-01-30 20:58:46,812 [34mINFO [0;39m [[34mtomcat-handler-340[0;39m] [33m[XID:aweb-ml0y85z2-x8phbgy2][0;39m [32mc.a.o.a.s.impl.ShelfServiceImpl[0;39m - Fetching shelves page 0 size 100 for user 7f000101-9bf3-1319-819b-f35c1d640000
2026-01-30 20:58:46,812 [34mINFO [0;39m [[34mtomcat-handler-340[0;39m] [33m[XID:aweb-ml0y85z2-x8phbgy2][0;39m [32mc.a.o.a.s.impl.ShelfServiceImpl[0;39m - Retrieving current user info from UserService
2026-01-30 20:58:46,813 [34mINFO [0;39m [[34mtomcat-handler-341[0;39m] [33m[XID:aweb-ml0y85z3-5r0h0zqm][0;39m [32mc.a.o.a.s.impl.SubjectServiceImpl[0;39m - Successfully retrieved subject: 7f000101-9bf3-1319-819b-f37030410004
2026-01-30 20:58:46,815 [34mINFO [0;39m [[34mtomcat-handler-341[0;39m] [33m[XID:aweb-ml0y85z3-5r0h0zqm][0;39m [32mc.a.oopsly.api.config.LoggingConfig[0;39m - Request: GET /api/v1/oopsly/shelves/7f000101-9bf3-1319-819b-f3700e9c0003/subjects/7f000101-9bf3-1319-819b-f37030410004 | Status: 200 | 7 ms
2026-01-30 20:58:46,821 [34mINFO [0;39m [[34mtomcat-handler-342[0;39m] [33m[XID:aweb-ml0y85z3-bc6lvil5][0;39m [32mc.a.o.a.service.impl.CardServiceImpl[0;39m - Successfully retrieved 0 cards for subject: 7f000101-9bf3-1319-819b-f37030410004 (total: 0)
2026-01-30 20:58:46,823 [34mINFO [0;39m [[34mtomcat-handler-342[0;39m] [33m[XID:aweb-ml0y85z3-bc6lvil5][0;39m [32mc.a.oopsly.api.config.LoggingConfig[0;39m - Request: GET /api/v1/oopsly/shelves/7f000101-9bf3-1319-819b-f3700e9c0003/subjects/7f000101-9bf3-1319-819b-f37030410004/cards | Status: 200 | 15 ms
2026-01-30 20:58:46,828 [34mINFO [0;39m [[34mtomcat-handler-340[0;39m] [33m[XID:aweb-ml0y85z2-x8phbgy2][0;39m [32mc.a.oopsly.api.config.LoggingConfig[0;39m - Request: GET /api/v1/oopsly/shelves | Status: 200 | 20 ms
2026-01-30 20:59:03,273 [34mINFO [0;39m [[34mtomcat-handler-345[0;39m] [33m[XID:][0;39m [32mc.a.o.a.c.JwtAuthenticationFilter[0;39m - Filtering request: /api/v1/oopsly/shelves/7f000101-9bf3-1319-819b-f3700e9c0003/subjects/7f000101-9bf3-1319-819b-f37030410004/cards
2026-01-30 20:59:03,273 [34mINFO [0;39m [[34mtomcat-handler-343[0;39m] [33m[XID:][0;39m [32mc.a.o.a.c.JwtAuthenticationFilter[0;39m - Filtering request: /api/v1/oopsly/shelves
2026-01-30 20:59:03,273 [34mINFO [0;39m [[34mtomcat-handler-344[0;39m] [33m[XID:][0;39m [32mc.a.o.a.c.JwtAuthenticationFilter[0;39m - Filtering request: /api/v1/oopsly/shelves/7f000101-9bf3-1319-819b-f3700e9c0003/subjects/7f000101-9bf3-1319-819b-f37030410004
2026-01-30 20:59:03,274 [34mINFO [0;39m [[34mtomcat-handler-344[0;39m] [33m[XID:][0;39m [32mc.a.o.a.c.JwtAuthenticationFilter[0;39m - Attempting to authenticate using jwt
2026-01-30 20:59:03,275 [34mINFO [0;39m [[34mtomcat-handler-343[0;39m] [33m[XID:][0;39m [32mc.a.o.a.c.JwtAuthenticationFilter[0;39m - Attempting to authenticate using jwt
2026-01-30 20:59:03,274 [34mINFO [0;39m [[34mtomcat-handler-345[0;39m] [33m[XID:][0;39m [32mc.a.o.a.c.JwtAuthenticationFilter[0;39m - Attempting to authenticate using jwt
2026-01-30 20:59:03,277 [34mINFO [0;39m [[34mtomcat-handler-343[0;39m] [33m[XID:][0;39m [32mc.a.o.a.c.JwtAuthenticationFilter[0;39m - User 7f000101-9bf3-1319-819b-f35c1d640000 authenticated with role USER
2026-01-30 20:59:03,277 [34mINFO [0;39m [[34mtomcat-handler-344[0;39m] [33m[XID:][0;39m [32mc.a.o.a.c.JwtAuthenticationFilter[0;39m - User 7f000101-9bf3-1319-819b-f35c1d640000 authenticated with role USER
2026-01-30 20:59:03,279 [34mINFO [0;39m [[34mtomcat-handler-345[0;39m] [33m[XID:][0;39m [32mc.a.o.a.c.JwtAuthenticationFilter[0;39m - User 7f000101-9bf3-1319-819b-f35c1d640000 authenticated with role USER
2026-01-30 20:59:03,284 [34mINFO [0;39m [[34mtomcat-handler-343[0;39m] [33m[XID:aweb-1769781543133-jd4hvphm][0;39m [32mc.a.o.a.s.impl.ShelfServiceImpl[0;39m - Retrieving current user info from UserService
2026-01-30 20:59:03,285 [34mINFO [0;39m [[34mtomcat-handler-345[0;39m] [33m[XID:aweb-1769781543133-s6v05jh4][0;39m [32mc.a.o.api.controller.CardController[0;39m - Getting all cards for subject: 7f000101-9bf3-1319-819b-f37030410004 in shelve: 7f000101-9bf3-1319-819b-f3700e9c0003 with page: 0 and size: 1000
2026-01-30 20:59:03,285 [34mINFO [0;39m [[34mtomcat-handler-345[0;39m] [33m[XID:aweb-1769781543133-s6v05jh4][0;39m [32mc.a.o.a.service.impl.CardServiceImpl[0;39m - Getting all cards for subject: 7f000101-9bf3-1319-819b-f37030410004 in shelve: 7f000101-9bf3-1319-819b-f3700e9c0003 with page: 0 and size: 1000
2026-01-30 20:59:03,286 [34mINFO [0;39m [[34mtomcat-handler-344[0;39m] [33m[XID:aweb-1769781543133-tyl8wyar][0;39m [32mc.a.o.a.controller.SubjectController[0;39m - Getting subject: 7f000101-9bf3-1319-819b-f37030410004 from shelve: 7f000101-9bf3-1319-819b-f3700e9c0003
2026-01-30 20:59:03,287 [34mINFO [0;39m [[34mtomcat-handler-343[0;39m] [33m[XID:aweb-1769781543133-jd4hvphm][0;39m [32mc.a.o.a.s.impl.ShelfServiceImpl[0;39m - Fetching shelves page 0 size 100 for user 7f000101-9bf3-1319-819b-f35c1d640000
2026-01-30 20:59:03,287 [34mINFO [0;39m [[34mtomcat-handler-343[0;39m] [33m[XID:aweb-1769781543133-jd4hvphm][0;39m [32mc.a.o.a.s.impl.ShelfServiceImpl[0;39m - Retrieving current user info from UserService
2026-01-30 20:59:03,293 [34mINFO [0;39m [[34mtomcat-handler-344[0;39m] [33m[XID:aweb-1769781543133-tyl8wyar][0;39m [32mc.a.o.a.s.impl.SubjectServiceImpl[0;39m - Getting subject: 7f000101-9bf3-1319-819b-f37030410004 from shelf: 7f000101-9bf3-1319-819b-f3700e9c0003
2026-01-30 20:59:03,298 [34mINFO [0;39m [[34mtomcat-handler-345[0;39m] [33m[XID:aweb-1769781543133-s6v05jh4][0;39m [32mc.a.o.a.service.impl.CardServiceImpl[0;39m - Successfully retrieved 0 cards for subject: 7f000101-9bf3-1319-819b-f37030410004 (total: 0)
2026-01-30 20:59:03,301 [34mINFO [0;39m [[34mtomcat-handler-345[0;39m] [33m[XID:aweb-1769781543133-s6v05jh4][0;39m [32mc.a.oopsly.api.config.LoggingConfig[0;39m - Request: GET /api/v1/oopsly/shelves/7f000101-9bf3-1319-819b-f3700e9c0003/subjects/7f000101-9bf3-1319-819b-f37030410004/cards | Status: 200 | 21 ms
2026-01-30 20:59:03,304 [34mINFO [0;39m [[34mtomcat-handler-344[0;39m] [33m[XID:aweb-1769781543133-tyl8wyar][0;39m [32mc.a.o.a.s.impl.SubjectServiceImpl[0;39m - Successfully retrieved subject: 7f000101-9bf3-1319-819b-f37030410004
2026-01-30 20:59:03,306 [34mINFO [0;39m [[34mtomcat-handler-344[0;39m] [33m[XID:aweb-1769781543133-tyl8wyar][0;39m [32mc.a.oopsly.api.config.LoggingConfig[0;39m - Request: GET /api/v1/oopsly/shelves/7f000101-9bf3-1319-819b-f3700e9c0003/subjects/7f000101-9bf3-1319-819b-f37030410004 | Status: 200 | 27 ms
2026-01-30 20:59:03,315 [34mINFO [0;39m [[34mtomcat-handler-343[0;39m] [33m[XID:aweb-1769781543133-jd4hvphm][0;39m [32mc.a.oopsly.api.config.LoggingConfig[0;39m - Request: GET /api/v1/oopsly/shelves | Status: 200 | 36 ms
2026-01-30 21:00:11,506 [34mINFO [0;39m [[34mtomcat-handler-349[0;39m] [33m[XID:][0;39m [32mc.a.o.a.c.JwtAuthenticationFilter[0;39m - Filtering request: /api/v1/oopsly/shelves/7f000101-9bf3-1319-819b-f35c54120001/subjects/7f000101-9bf3-1319-819b-f35c75e60002
2026-01-30 21:00:11,506 [34mINFO [0;39m [[34mtomcat-handler-349[0;39m] [33m[XID:][0;39m [32mc.a.o.a.c.JwtAuthenticationFilter[0;39m - Attempting to authenticate using jwt
2026-01-30 21:00:11,507 [34mINFO [0;39m [[34mtomcat-handler-349[0;39m] [33m[XID:][0;39m [32mc.a.o.a.c.JwtAuthenticationFilter[0;39m - User 7f000101-9bf3-1319-819b-f35c1d640000 authenticated with role USER
2026-01-30 21:00:11,508 [34mINFO [0;39m [[34mtomcat-handler-350[0;39m] [33m[XID:][0;39m [32mc.a.o.a.c.JwtAuthenticationFilter[0;39m - Filtering request: /api/v1/oopsly/shelves/7f000101-9bf3-1319-819b-f35c54120001/subjects/7f000101-9bf3-1319-819b-f35c75e60002/cards
2026-01-30 21:00:11,508 [31mWARN [0;39m [[34mtomcat-handler-350[0;39m] [33m[XID:][0;39m [32mc.a.o.a.c.JwtAuthenticationFilter[0;39m - Authorization header not present
2026-01-30 21:00:11,509 [34mINFO [0;39m [[34mtomcat-handler-349[0;39m] [33m[XID:aweb-1769781611397-5fqkmeo8][0;39m [32mc.a.o.a.controller.SubjectController[0;39m - Getting subject: 7f000101-9bf3-1319-819b-f35c75e60002 from shelve: 7f000101-9bf3-1319-819b-f35c54120001
2026-01-30 21:00:11,509 [34mINFO [0;39m [[34mtomcat-handler-349[0;39m] [33m[XID:aweb-1769781611397-5fqkmeo8][0;39m [32mc.a.o.a.s.impl.SubjectServiceImpl[0;39m - Getting subject: 7f000101-9bf3-1319-819b-f35c75e60002 from shelf: 7f000101-9bf3-1319-819b-f35c54120001
2026-01-30 21:00:11,513 [34mINFO [0;39m [[34mtomcat-handler-350[0;39m] [33m[XID:f00b0402-be15-4859-bde6-a84d9251ba83][0;39m [32mc.a.oopsly.api.config.LoggingConfig[0;39m - Request: OPTIONS /api/v1/oopsly/shelves/7f000101-9bf3-1319-819b-f35c54120001/subjects/7f000101-9bf3-1319-819b-f35c75e60002/cards | Status: 200 | 3 ms
2026-01-30 21:00:11,514 [34mINFO [0;39m [[34mtomcat-handler-349[0;39m] [33m[XID:aweb-1769781611397-5fqkmeo8][0;39m [32mc.a.o.a.s.impl.SubjectServiceImpl[0;39m - Successfully retrieved subject: 7f000101-9bf3-1319-819b-f35c75e60002
2026-01-30 21:00:11,516 [34mINFO [0;39m [[34mtomcat-handler-349[0;39m] [33m[XID:aweb-1769781611397-5fqkmeo8][0;39m [32mc.a.oopsly.api.config.LoggingConfig[0;39m - Request: GET /api/v1/oopsly/shelves/7f000101-9bf3-1319-819b-f35c54120001/subjects/7f000101-9bf3-1319-819b-f35c75e60002 | Status: 200 | 9 ms
2026-01-30 21:00:11,522 [34mINFO [0;39m [[34mtomcat-handler-351[0;39m] [33m[XID:][0;39m [32mc.a.o.a.c.JwtAuthenticationFilter[0;39m - Filtering request: /api/v1/oopsly/shelves/7f000101-9bf3-1319-819b-f35c54120001/subjects/7f000101-9bf3-1319-819b-f35c75e60002/cards
2026-01-30 21:00:11,522 [34mINFO [0;39m [[34mtomcat-handler-351[0;39m] [33m[XID:][0;39m [32mc.a.o.a.c.JwtAuthenticationFilter[0;39m - Attempting to authenticate using jwt
2026-01-30 21:00:11,524 [34mINFO [0;39m [[34mtomcat-handler-351[0;39m] [33m[XID:][0;39m [32mc.a.o.a.c.JwtAuthenticationFilter[0;39m - User 7f000101-9bf3-1319-819b-f35c1d640000 authenticated with role USER
2026-01-30 21:00:11,526 [34mINFO [0;39m [[34mtomcat-handler-351[0;39m] [33m[XID:aweb-1769781611397-a99ecxe5][0;39m [32mc.a.o.api.controller.CardController[0;39m - Getting all cards for subject: 7f000101-9bf3-1319-819b-f35c75e60002 in shelve: 7f000101-9bf3-1319-819b-f35c54120001 with page: 0 and size: 1000
2026-01-30 21:00:11,528 [34mINFO [0;39m [[34mtomcat-handler-351[0;39m] [33m[XID:aweb-1769781611397-a99ecxe5][0;39m [32mc.a.o.a.service.impl.CardServiceImpl[0;39m - Getting all cards for subject: 7f000101-9bf3-1319-819b-f35c75e60002 in shelve: 7f000101-9bf3-1319-819b-f35c54120001 with page: 0 and size: 1000
2026-01-30 21:00:11,533 [34mINFO [0;39m [[34mtomcat-handler-351[0;39m] [33m[XID:aweb-1769781611397-a99ecxe5][0;39m [32mc.a.o.a.service.impl.CardServiceImpl[0;39m - Successfully retrieved 4 cards for subject: 7f000101-9bf3-1319-819b-f35c75e60002 (total: 4)
2026-01-30 21:00:11,534 [34mINFO [0;39m [[34mtomcat-handler-351[0;39m] [33m[XID:aweb-1769781611397-a99ecxe5][0;39m [32mc.a.oopsly.api.config.LoggingConfig[0;39m - Request: GET /api/v1/oopsly/shelves/7f000101-9bf3-1319-819b-f35c54120001/subjects/7f000101-9bf3-1319-819b-f35c75e60002/cards | Status: 200 | 9 ms
2026-01-30 21:00:16,620 [34mINFO [0;39m [[34mtomcat-handler-352[0;39m] [33m[XID:][0;39m [32mc.a.o.a.c.JwtAuthenticationFilter[0;39m - Filtering request: /api/v1/oopsly/shelves/7f000101-9bf3-1319-819b-f35c54120001/subjects/7f000101-9bf3-1319-819b-f35c75e60002/settings
2026-01-30 21:00:16,621 [31mWARN [0;39m [[34mtomcat-handler-352[0;39m] [33m[XID:][0;39m [32mc.a.o.a.c.JwtAuthenticationFilter[0;39m - Authorization header not present
2026-01-30 21:00:16,622 [34mINFO [0;39m [[34mtomcat-handler-352[0;39m] [33m[XID:7e26e556-fdc2-4ece-a560-00bc9d99a131][0;39m [32mc.a.oopsly.api.config.LoggingConfig[0;39m - Request: OPTIONS /api/v1/oopsly/shelves/7f000101-9bf3-1319-819b-f35c54120001/subjects/7f000101-9bf3-1319-819b-f35c75e60002/settings | Status: 200 | 1 ms
2026-01-30 21:00:16,626 [34mINFO [0;39m [[34mtomcat-handler-353[0;39m] [33m[XID:][0;39m [32mc.a.o.a.c.JwtAuthenticationFilter[0;39m - Filtering request: /api/v1/oopsly/shelves/7f000101-9bf3-1319-819b-f35c54120001/subjects/7f000101-9bf3-1319-819b-f35c75e60002/settings
2026-01-30 21:00:16,626 [34mINFO [0;39m [[34mtomcat-handler-353[0;39m] [33m[XID:][0;39m [32mc.a.o.a.c.JwtAuthenticationFilter[0;39m - Attempting to authenticate using jwt
2026-01-30 21:00:16,626 [34mINFO [0;39m [[34mtomcat-handler-353[0;39m] [33m[XID:][0;39m [32mc.a.o.a.c.JwtAuthenticationFilter[0;39m - User 7f000101-9bf3-1319-819b-f35c1d640000 authenticated with role USER
2026-01-30 21:00:16,632 [34mINFO [0;39m [[34mtomcat-handler-353[0;39m] [33m[XID:aweb-1769781616666-1ntwf9re][0;39m [32mc.a.o.a.controller.SubjectController[0;39m - Updating Setting for subject: 7f000101-9bf3-1319-819b-f35c75e60002 in shelve: 7f000101-9bf3-1319-819b-f35c54120001
2026-01-30 21:00:16,632 [34mINFO [0;39m [[34mtomcat-handler-353[0;39m] [33m[XID:aweb-1769781616666-1ntwf9re][0;39m [32mc.a.o.a.s.impl.SubjectServiceImpl[0;39m - Updating subject settings: 7f000101-9bf3-1319-819b-f35c75e60002 in shelf: 7f000101-9bf3-1319-819b-f35c54120001
2026-01-30 21:00:16,640 [34mINFO [0;39m [[34mtomcat-handler-353[0;39m] [33m[XID:aweb-1769781616666-1ntwf9re][0;39m [32mc.a.o.a.s.impl.SubjectServiceImpl[0;39m - Successfully updated subject settings: 7f000101-9bf3-1319-819b-f35c75e60002
2026-01-30 21:00:16,642 [34mINFO [0;39m [[34mtomcat-handler-353[0;39m] [33m[XID:aweb-1769781616666-1ntwf9re][0;39m [32mc.a.oopsly.api.config.LoggingConfig[0;39m - Request: PUT /api/v1/oopsly/shelves/7f000101-9bf3-1319-819b-f35c54120001/subjects/7f000101-9bf3-1319-819b-f35c75e60002/settings | Status: 200 | 15 ms
2026-01-30 21:00:16,648 [34mINFO [0;39m [[34mtomcat-handler-354[0;39m] [33m[XID:][0;39m [32mc.a.o.a.c.JwtAuthenticationFilter[0;39m - Filtering request: /api/v1/oopsly/shelves/7f000101-9bf3-1319-819b-f35c54120001/subjects/7f000101-9bf3-1319-819b-f35c75e60002
2026-01-30 21:00:16,649 [34mINFO [0;39m [[34mtomcat-handler-354[0;39m] [33m[XID:][0;39m [32mc.a.o.a.c.JwtAuthenticationFilter[0;39m - Attempting to authenticate using jwt
2026-01-30 21:00:16,649 [34mINFO [0;39m [[34mtomcat-handler-354[0;39m] [33m[XID:][0;39m [32mc.a.o.a.c.JwtAuthenticationFilter[0;39m - User 7f000101-9bf3-1319-819b-f35c1d640000 authenticated with role USER
2026-01-30 21:00:16,651 [34mINFO [0;39m [[34mtomcat-handler-354[0;39m] [33m[XID:aweb-1769781616694-df7af4z8][0;39m [32mc.a.o.a.controller.SubjectController[0;39m - Getting subject: 7f000101-9bf3-1319-819b-f35c75e60002 from shelve: 7f000101-9bf3-1319-819b-f35c54120001
2026-01-30 21:00:16,652 [34mINFO [0;39m [[34mtomcat-handler-354[0;39m] [33m[XID:aweb-1769781616694-df7af4z8][0;39m [32mc.a.o.a.s.impl.SubjectServiceImpl[0;39m - Getting subject: 7f000101-9bf3-1319-819b-f35c75e60002 from shelf: 7f000101-9bf3-1319-819b-f35c54120001
2026-01-30 21:00:16,656 [34mINFO [0;39m [[34mtomcat-handler-354[0;39m] [33m[XID:aweb-1769781616694-df7af4z8][0;39m [32mc.a.o.a.s.impl.SubjectServiceImpl[0;39m - Successfully retrieved subject: 7f000101-9bf3-1319-819b-f35c75e60002
2026-01-30 21:00:16,658 [34mINFO [0;39m [[34mtomcat-handler-354[0;39m] [33m[XID:aweb-1769781616694-df7af4z8][0;39m [32mc.a.oopsly.api.config.LoggingConfig[0;39m - Request: GET /api/v1/oopsly/shelves/7f000101-9bf3-1319-819b-f35c54120001/subjects/7f000101-9bf3-1319-819b-f35c75e60002 | Status: 200 | 8 ms
2026-01-30 21:01:35,832 [34mINFO [0;39m [[34mtomcat-handler-357[0;39m] [33m[XID:][0;39m [32mc.a.o.a.c.JwtAuthenticationFilter[0;39m - Filtering request: /api/v1/oopsly/shelves
2026-01-30 21:01:35,833 [34mINFO [0;39m [[34mtomcat-handler-358[0;39m] [33m[XID:][0;39m [32mc.a.o.a.c.JwtAuthenticationFilter[0;39m - Filtering request: /api/v1/oopsly/shelves/7f000101-9bf3-1319-819b-f35c54120001/subjects/7f000101-9bf3-1319-819b-f35c75e60002
2026-01-30 21:01:35,833 [34mINFO [0;39m [[34mtomcat-handler-359[0;39m] [33m[XID:][0;39m [32mc.a.o.a.c.JwtAuthenticationFilter[0;39m - Filtering request: /api/v1/oopsly/shelves/7f000101-9bf3-1319-819b-f35c54120001/subjects/7f000101-9bf3-1319-819b-f35c75e60002/cards
2026-01-30 21:01:35,834 [34mINFO [0;39m [[34mtomcat-handler-357[0;39m] [33m[XID:][0;39m [32mc.a.o.a.c.JwtAuthenticationFilter[0;39m - Attempting to authenticate using jwt
2026-01-30 21:01:35,835 [34mINFO [0;39m [[34mtomcat-handler-358[0;39m] [33m[XID:][0;39m [32mc.a.o.a.c.JwtAuthenticationFilter[0;39m - Attempting to authenticate using jwt
2026-01-30 21:01:35,835 [34mINFO [0;39m [[34mtomcat-handler-359[0;39m] [33m[XID:][0;39m [32mc.a.o.a.c.JwtAuthenticationFilter[0;39m - Attempting to authenticate using jwt
2026-01-30 21:01:35,838 [34mINFO [0;39m [[34mtomcat-handler-358[0;39m] [33m[XID:][0;39m [32mc.a.o.a.c.JwtAuthenticationFilter[0;39m - User 7f000101-9bf3-1319-819b-f35c1d640000 authenticated with role USER
2026-01-30 21:01:35,838 [34mINFO [0;39m [[34mtomcat-handler-359[0;39m] [33m[XID:][0;39m [32mc.a.o.a.c.JwtAuthenticationFilter[0;39m - User 7f000101-9bf3-1319-819b-f35c1d640000 authenticated with role USER
2026-01-30 21:01:35,840 [34mINFO [0;39m [[34mtomcat-handler-357[0;39m] [33m[XID:][0;39m [32mc.a.o.a.c.JwtAuthenticationFilter[0;39m - User 7f000101-9bf3-1319-819b-f35c1d640000 authenticated with role USER
2026-01-30 21:01:35,843 [34mINFO [0;39m [[34mtomcat-handler-358[0;39m] [33m[XID:aweb-1769781696169-zk9429fh][0;39m [32mc.a.o.a.controller.SubjectController[0;39m - Getting subject: 7f000101-9bf3-1319-819b-f35c75e60002 from shelve: 7f000101-9bf3-1319-819b-f35c54120001
2026-01-30 21:01:35,843 [34mINFO [0;39m [[34mtomcat-handler-359[0;39m] [33m[XID:aweb-1769781696169-f0ll6io3][0;39m [32mc.a.o.api.controller.CardController[0;39m - Getting all cards for subject: 7f000101-9bf3-1319-819b-f35c75e60002 in shelve: 7f000101-9bf3-1319-819b-f35c54120001 with page: 0 and size: 1000
2026-01-30 21:01:35,843 [34mINFO [0;39m [[34mtomcat-handler-357[0;39m] [33m[XID:aweb-1769781696169-pi2mnazl][0;39m [32mc.a.o.a.s.impl.ShelfServiceImpl[0;39m - Retrieving current user info from UserService
2026-01-30 21:01:35,844 [34mINFO [0;39m [[34mtomcat-handler-359[0;39m] [33m[XID:aweb-1769781696169-f0ll6io3][0;39m [32mc.a.o.a.service.impl.CardServiceImpl[0;39m - Getting all cards for subject: 7f000101-9bf3-1319-819b-f35c75e60002 in shelve: 7f000101-9bf3-1319-819b-f35c54120001 with page: 0 and size: 1000
2026-01-30 21:01:35,844 [34mINFO [0;39m [[34mtomcat-handler-358[0;39m] [33m[XID:aweb-1769781696169-zk9429fh][0;39m [32mc.a.o.a.s.impl.SubjectServiceImpl[0;39m - Getting subject: 7f000101-9bf3-1319-819b-f35c75e60002 from shelf: 7f000101-9bf3-1319-819b-f35c54120001
2026-01-30 21:01:35,845 [34mINFO [0;39m [[34mtomcat-handler-357[0;39m] [33m[XID:aweb-1769781696169-pi2mnazl][0;39m [32mc.a.o.a.s.impl.ShelfServiceImpl[0;39m - Fetching shelves page 0 size 100 for user 7f000101-9bf3-1319-819b-f35c1d640000
2026-01-30 21:01:35,846 [34mINFO [0;39m [[34mtomcat-handler-357[0;39m] [33m[XID:aweb-1769781696169-pi2mnazl][0;39m [32mc.a.o.a.s.impl.ShelfServiceImpl[0;39m - Retrieving current user info from UserService
2026-01-30 21:01:35,850 [34mINFO [0;39m [[34mtomcat-handler-358[0;39m] [33m[XID:aweb-1769781696169-zk9429fh][0;39m [32mc.a.o.a.s.impl.SubjectServiceImpl[0;39m - Successfully retrieved subject: 7f000101-9bf3-1319-819b-f35c75e60002
2026-01-30 21:01:35,852 [34mINFO [0;39m [[34mtomcat-handler-359[0;39m] [33m[XID:aweb-1769781696169-f0ll6io3][0;39m [32mc.a.o.a.service.impl.CardServiceImpl[0;39m - Successfully retrieved 4 cards for subject: 7f000101-9bf3-1319-819b-f35c75e60002 (total: 4)
2026-01-30 21:01:35,855 [34mINFO [0;39m [[34mtomcat-handler-358[0;39m] [33m[XID:aweb-1769781696169-zk9429fh][0;39m [32mc.a.oopsly.api.config.LoggingConfig[0;39m - Request: GET /api/v1/oopsly/shelves/7f000101-9bf3-1319-819b-f35c54120001/subjects/7f000101-9bf3-1319-819b-f35c75e60002 | Status: 200 | 15 ms
2026-01-30 21:01:35,858 [34mINFO [0;39m [[34mtomcat-handler-359[0;39m] [33m[XID:aweb-1769781696169-f0ll6io3][0;39m [32mc.a.oopsly.api.config.LoggingConfig[0;39m - Request: GET /api/v1/oopsly/shelves/7f000101-9bf3-1319-819b-f35c54120001/subjects/7f000101-9bf3-1319-819b-f35c75e60002/cards | Status: 200 | 18 ms
2026-01-30 21:01:35,863 [34mINFO [0;39m [[34mtomcat-handler-357[0;39m] [33m[XID:aweb-1769781696169-pi2mnazl][0;39m [32mc.a.oopsly.api.config.LoggingConfig[0;39m - Request: GET /api/v1/oopsly/shelves | Status: 200 | 23 ms
2026-01-30 21:03:19,217 [34mINFO [0;39m [[34mtomcat-handler-363[0;39m] [33m[XID:][0;39m [32mc.a.o.a.c.JwtAuthenticationFilter[0;39m - Filtering request: /api/v1/oopsly/otp
2026-01-30 21:03:19,217 [31mWARN [0;39m [[34mtomcat-handler-363[0;39m] [33m[XID:][0;39m [32mc.a.o.a.c.JwtAuthenticationFilter[0;39m - Authorization header not present
2026-01-30 21:03:19,220 [34mINFO [0;39m [[34mtomcat-handler-363[0;39m] [33m[XID:4459a315-b1c5-474a-8f40-a7e5ad5eb9a6][0;39m [32mc.a.oopsly.api.config.LoggingConfig[0;39m - Request: OPTIONS /api/v1/oopsly/otp | Status: 200 | 2 ms
2026-01-30 21:03:19,229 [34mINFO [0;39m [[34mtomcat-handler-364[0;39m] [33m[XID:][0;39m [32mc.a.o.a.c.JwtAuthenticationFilter[0;39m - Filtering request: /api/v1/oopsly/otp
2026-01-30 21:03:19,230 [31mWARN [0;39m [[34mtomcat-handler-364[0;39m] [33m[XID:][0;39m [32mc.a.o.a.c.JwtAuthenticationFilter[0;39m - Authorization header not present
2026-01-30 21:03:19,355 [34mINFO [0;39m [[34mtomcat-handler-364[0;39m] [33m[XID:pweb-ec0e07f6-d0b7-4b87-9ab3-3c87ca4a345c-1769781798717][0;39m [32mc.a.o.a.service.impl.OTPServiceImpl[0;39m - Sending OTP email to h******************m
2026-01-30 21:03:22,428 [34mINFO [0;39m [[34mtomcat-handler-364[0;39m] [33m[XID:pweb-ec0e07f6-d0b7-4b87-9ab3-3c87ca4a345c-1769781798717][0;39m [32mc.a.o.a.service.impl.OTPServiceImpl[0;39m - OTP process completed for h******************m
2026-01-30 21:03:22,433 [34mINFO [0;39m [[34mtomcat-handler-364[0;39m] [33m[XID:pweb-ec0e07f6-d0b7-4b87-9ab3-3c87ca4a345c-1769781798717][0;39m [32mc.a.oopsly.api.config.LoggingConfig[0;39m - Request: POST /api/v1/oopsly/otp | Status: 200 | 3203 ms
2026-01-30 21:03:25,911 [34mINFO [0;39m [[34mForkJoinPool.commonPool-worker-19[0;39m] [33m[XID:][0;39m [32mc.a.o.a.service.impl.OTPServiceImpl[0;39m - Async: OTP email sent successfully to h******************m
2026-01-30 21:04:12,516 [34mINFO [0;39m [[34mtomcat-handler-365[0;39m] [33m[XID:][0;39m [32mc.a.o.a.c.JwtAuthenticationFilter[0;39m - Filtering request: /api/v1/oopsly/otp/validate
2026-01-30 21:04:12,517 [31mWARN [0;39m [[34mtomcat-handler-365[0;39m] [33m[XID:][0;39m [32mc.a.o.a.c.JwtAuthenticationFilter[0;39m - Authorization header not present
2026-01-30 21:04:12,521 [34mINFO [0;39m [[34mtomcat-handler-365[0;39m] [33m[XID:8191f61b-29d4-4142-af68-483fae72176d][0;39m [32mc.a.oopsly.api.config.LoggingConfig[0;39m - Request: OPTIONS /api/v1/oopsly/otp/validate | Status: 200 | 3 ms
2026-01-30 21:04:12,527 [34mINFO [0;39m [[34mtomcat-handler-366[0;39m] [33m[XID:][0;39m [32mc.a.o.a.c.JwtAuthenticationFilter[0;39m - Filtering request: /api/v1/oopsly/otp/validate
2026-01-30 21:04:12,527 [31mWARN [0;39m [[34mtomcat-handler-366[0;39m] [33m[XID:][0;39m [32mc.a.o.a.c.JwtAuthenticationFilter[0;39m - Authorization header not present
2026-01-30 21:04:12,571 [34mINFO [0;39m [[34mtomcat-handler-366[0;39m] [33m[XID:pweb-97c83b90-e3fa-4a13-a87a-27f5809d19e3-1769781852669][0;39m [32mc.a.o.a.service.impl.OTPServiceImpl[0;39m - Checking OTP for hao.e4word
2026-01-30 21:04:12,589 [34mINFO [0;39m [[34mtomcat-handler-366[0;39m] [33m[XID:pweb-97c83b90-e3fa-4a13-a87a-27f5809d19e3-1769781852669][0;39m [32mc.a.o.a.service.impl.OTPServiceImpl[0;39m - Authentication successful for h******************m. Generating token..
2026-01-30 21:04:12,616 [31mWARN [0;39m [[34mtomcat-handler-366[0;39m] [33m[XID:pweb-97c83b90-e3fa-4a13-a87a-27f5809d19e3-1769781852669][0;39m [32mc.a.o.a.service.impl.OTPServiceImpl[0;39m - User not found for email h******************m
2026-01-30 21:04:12,632 [34mINFO [0;39m [[34mtomcat-handler-366[0;39m] [33m[XID:pweb-97c83b90-e3fa-4a13-a87a-27f5809d19e3-1769781852669][0;39m [32mc.a.o.a.service.impl.OTPServiceImpl[0;39m - Generating JWT token for h******************m
2026-01-30 21:04:12,690 [34mINFO [0;39m [[34mtomcat-handler-366[0;39m] [33m[XID:pweb-97c83b90-e3fa-4a13-a87a-27f5809d19e3-1769781852669][0;39m [32mc.a.o.a.service.impl.OTPServiceImpl[0;39m - Saving refresh token into cache for user h******************m
2026-01-30 21:04:12,700 [34mINFO [0;39m [[34mtomcat-handler-366[0;39m] [33m[XID:pweb-97c83b90-e3fa-4a13-a87a-27f5809d19e3-1769781852669][0;39m [32mc.a.oopsly.api.config.LoggingConfig[0;39m - Request: POST /api/v1/oopsly/otp/validate | Status: 200 | 171 ms
2026-01-30 21:04:12,866 [34mINFO [0;39m [[34mtomcat-handler-367[0;39m] [33m[XID:][0;39m [32mc.a.o.a.c.JwtAuthenticationFilter[0;39m - Filtering request: /api/v1/oopsly/shelves
2026-01-30 21:04:12,867 [31mWARN [0;39m [[34mtomcat-handler-367[0;39m] [33m[XID:][0;39m [32mc.a.o.a.c.JwtAuthenticationFilter[0;39m - Authorization header not present
2026-01-30 21:04:12,910 [34mINFO [0;39m [[34mtomcat-handler-367[0;39m] [33m[XID:6b4ec0f4-6e24-413c-8ce2-c946d09446f4][0;39m [32mc.a.oopsly.api.config.LoggingConfig[0;39m - Request: OPTIONS /api/v1/oopsly/shelves | Status: 200 | 43 ms
2026-01-30 21:04:12,924 [34mINFO [0;39m [[34mtomcat-handler-368[0;39m] [33m[XID:][0;39m [32mc.a.o.a.c.JwtAuthenticationFilter[0;39m - Filtering request: /api/v1/oopsly/shelves
2026-01-30 21:04:12,924 [34mINFO [0;39m [[34mtomcat-handler-368[0;39m] [33m[XID:][0;39m [32mc.a.o.a.c.JwtAuthenticationFilter[0;39m - Attempting to authenticate using jwt
2026-01-30 21:04:12,944 [34mINFO [0;39m [[34mtomcat-handler-368[0;39m] [33m[XID:][0;39m [32mc.a.o.a.c.JwtAuthenticationFilter[0;39m - User 7f000101-9c0e-1973-819c-0f37f9cc0005 authenticated with role USER
2026-01-30 21:04:12,957 [34mINFO [0;39m [[34mtomcat-handler-368[0;39m] [33m[XID:aweb-adf81fd7-be4b-41ca-9463-62d282548aa1-1769781853012][0;39m [32mc.a.o.a.s.impl.ShelfServiceImpl[0;39m - Retrieving current user info from UserService
2026-01-30 21:04:12,983 [34mINFO [0;39m [[34mtomcat-handler-368[0;39m] [33m[XID:aweb-adf81fd7-be4b-41ca-9463-62d282548aa1-1769781853012][0;39m [32mc.a.o.a.s.impl.ShelfServiceImpl[0;39m - Fetching shelves page 0 size 100 for user 7f000101-9c0e-1973-819c-0f37f9cc0005
2026-01-30 21:04:12,983 [34mINFO [0;39m [[34mtomcat-handler-368[0;39m] [33m[XID:aweb-adf81fd7-be4b-41ca-9463-62d282548aa1-1769781853012][0;39m [32mc.a.o.a.s.impl.ShelfServiceImpl[0;39m - Retrieving current user info from UserService
2026-01-30 21:04:12,990 [34mINFO [0;39m [[34mtomcat-handler-368[0;39m] [33m[XID:aweb-adf81fd7-be4b-41ca-9463-62d282548aa1-1769781853012][0;39m [32mc.a.oopsly.api.config.LoggingConfig[0;39m - Request: GET /api/v1/oopsly/shelves | Status: 200 | 44 ms
2026-01-30 21:05:22,318 [34mINFO [0;39m [[34mtomcat-handler-370[0;39m] [33m[XID:][0;39m [32mc.a.o.a.c.JwtAuthenticationFilter[0;39m - Filtering request: /api/v1/oopsly/otp
2026-01-30 21:05:22,318 [31mWARN [0;39m [[34mtomcat-handler-370[0;39m] [33m[XID:][0;39m [32mc.a.o.a.c.JwtAuthenticationFilter[0;39m - Authorization header not present
2026-01-30 21:05:22,322 [34mINFO [0;39m [[34mtomcat-handler-370[0;39m] [33m[XID:c031df58-c4f4-4ee1-9562-a14d4d32ef4d][0;39m [32mc.a.oopsly.api.config.LoggingConfig[0;39m - Request: OPTIONS /api/v1/oopsly/otp | Status: 200 | 3 ms
2026-01-30 21:05:22,327 [34mINFO [0;39m [[34mtomcat-handler-371[0;39m] [33m[XID:][0;39m [32mc.a.o.a.c.JwtAuthenticationFilter[0;39m - Filtering request: /api/v1/oopsly/otp
2026-01-30 21:05:22,327 [31mWARN [0;39m [[34mtomcat-handler-371[0;39m] [33m[XID:][0;39m [32mc.a.o.a.c.JwtAuthenticationFilter[0;39m - Authorization header not present
2026-01-30 21:05:22,331 [34mINFO [0;39m [[34mtomcat-handler-371[0;39m] [33m[XID:pweb-553a1766-5ccd-44ce-91b7-05d60acb142e-1769781922611][0;39m [32mc.a.o.a.service.impl.OTPServiceImpl[0;39m - Sending OTP email to h******************m
2026-01-30 21:05:22,340 [34mINFO [0;39m [[34mtomcat-handler-371[0;39m] [33m[XID:pweb-553a1766-5ccd-44ce-91b7-05d60acb142e-1769781922611][0;39m [32mc.a.o.a.service.impl.OTPServiceImpl[0;39m - OTP process completed for h******************m
2026-01-30 21:05:22,342 [34mINFO [0;39m [[34mtomcat-handler-371[0;39m] [33m[XID:pweb-553a1766-5ccd-44ce-91b7-05d60acb142e-1769781922611][0;39m [32mc.a.oopsly.api.config.LoggingConfig[0;39m - Request: POST /api/v1/oopsly/otp | Status: 200 | 14 ms
2026-01-30 21:05:27,116 [34mINFO [0;39m [[34mForkJoinPool.commonPool-worker-20[0;39m] [33m[XID:][0;39m [32mc.a.o.a.service.impl.OTPServiceImpl[0;39m - Async: OTP email sent successfully to h******************m
2026-01-30 21:05:48,467 [34mINFO [0;39m [[34mtomcat-handler-373[0;39m] [33m[XID:][0;39m [32mc.a.o.a.c.JwtAuthenticationFilter[0;39m - Filtering request: /api/v1/oopsly/otp/validate
2026-01-30 21:05:48,467 [31mWARN [0;39m [[34mtomcat-handler-373[0;39m] [33m[XID:][0;39m [32mc.a.o.a.c.JwtAuthenticationFilter[0;39m - Authorization header not present
2026-01-30 21:05:48,473 [34mINFO [0;39m [[34mtomcat-handler-373[0;39m] [33m[XID:pweb-8777f2cd-ebff-4f8a-97fb-e82c92b38b02-1769781948544][0;39m [32mc.a.o.a.service.impl.OTPServiceImpl[0;39m - Checking OTP for hao.e4work
2026-01-30 21:05:48,481 [34mINFO [0;39m [[34mtomcat-handler-373[0;39m] [33m[XID:pweb-8777f2cd-ebff-4f8a-97fb-e82c92b38b02-1769781948544][0;39m [32mc.a.o.a.service.impl.OTPServiceImpl[0;39m - Authentication successful for h******************m. Generating token..
2026-01-30 21:05:48,495 [34mINFO [0;39m [[34mtomcat-handler-373[0;39m] [33m[XID:pweb-8777f2cd-ebff-4f8a-97fb-e82c92b38b02-1769781948544][0;39m [32mc.a.o.a.service.impl.OTPServiceImpl[0;39m - Generating JWT token for h******************m
2026-01-30 21:05:48,497 [34mINFO [0;39m [[34mtomcat-handler-373[0;39m] [33m[XID:pweb-8777f2cd-ebff-4f8a-97fb-e82c92b38b02-1769781948544][0;39m [32mc.a.o.a.service.impl.OTPServiceImpl[0;39m - Saving refresh token into cache for user h******************m
2026-01-30 21:05:48,501 [34mINFO [0;39m [[34mtomcat-handler-373[0;39m] [33m[XID:pweb-8777f2cd-ebff-4f8a-97fb-e82c92b38b02-1769781948544][0;39m [32mc.a.oopsly.api.config.LoggingConfig[0;39m - Request: POST /api/v1/oopsly/otp/validate | Status: 200 | 33 ms
2026-01-30 21:05:48,640 [34mINFO [0;39m [[34mtomcat-handler-374[0;39m] [33m[XID:][0;39m [32mc.a.o.a.c.JwtAuthenticationFilter[0;39m - Filtering request: /api/v1/oopsly/shelves
2026-01-30 21:05:48,640 [34mINFO [0;39m [[34mtomcat-handler-374[0;39m] [33m[XID:][0;39m [32mc.a.o.a.c.JwtAuthenticationFilter[0;39m - Attempting to authenticate using jwt
2026-01-30 21:05:48,644 [34mINFO [0;39m [[34mtomcat-handler-374[0;39m] [33m[XID:][0;39m [32mc.a.o.a.c.JwtAuthenticationFilter[0;39m - User 7f000101-9bf3-1319-819b-f35c1d640000 authenticated with role USER
2026-01-30 21:05:48,649 [34mINFO [0;39m [[34mtomcat-handler-374[0;39m] [33m[XID:aweb-92553a46-97e6-42a9-b63d-8d9fcdc68c46-1769781948700][0;39m [32mc.a.o.a.s.impl.ShelfServiceImpl[0;39m - Retrieving current user info from UserService
2026-01-30 21:05:48,653 [34mINFO [0;39m [[34mtomcat-handler-374[0;39m] [33m[XID:aweb-92553a46-97e6-42a9-b63d-8d9fcdc68c46-1769781948700][0;39m [32mc.a.o.a.s.impl.ShelfServiceImpl[0;39m - Fetching shelves page 0 size 100 for user 7f000101-9bf3-1319-819b-f35c1d640000
2026-01-30 21:05:48,654 [34mINFO [0;39m [[34mtomcat-handler-374[0;39m] [33m[XID:aweb-92553a46-97e6-42a9-b63d-8d9fcdc68c46-1769781948700][0;39m [32mc.a.o.a.s.impl.ShelfServiceImpl[0;39m - Retrieving current user info from UserService
2026-01-30 21:05:48,685 [34mINFO [0;39m [[34mtomcat-handler-374[0;39m] [33m[XID:aweb-92553a46-97e6-42a9-b63d-8d9fcdc68c46-1769781948700][0;39m [32mc.a.oopsly.api.config.LoggingConfig[0;39m - Request: GET /api/v1/oopsly/shelves | Status: 200 | 40 ms
2026-01-30 21:06:06,890 [34mINFO [0;39m [[34mtomcat-handler-375[0;39m] [33m[XID:][0;39m [32mc.a.o.a.c.JwtAuthenticationFilter[0;39m - Filtering request: /api/v1/oopsly/shelves/7f000101-9bf3-1319-819b-f35c54120001/subjects/7f000101-9bf3-1319-819b-f35c75e60002
2026-01-30 21:06:06,890 [34mINFO [0;39m [[34mtomcat-handler-375[0;39m] [33m[XID:][0;39m [32mc.a.o.a.c.JwtAuthenticationFilter[0;39m - Attempting to authenticate using jwt
2026-01-30 21:06:06,891 [34mINFO [0;39m [[34mtomcat-handler-375[0;39m] [33m[XID:][0;39m [32mc.a.o.a.c.JwtAuthenticationFilter[0;39m - User 7f000101-9bf3-1319-819b-f35c1d640000 authenticated with role USER
2026-01-30 21:06:06,896 [34mINFO [0;39m [[34mtomcat-handler-375[0;39m] [33m[XID:aweb-e352ae00-6fc3-43a3-9e18-46fb82de3dd4-1769781966440][0;39m [32mc.a.o.a.controller.SubjectController[0;39m - Getting subject: 7f000101-9bf3-1319-819b-f35c75e60002 from shelve: 7f000101-9bf3-1319-819b-f35c54120001
2026-01-30 21:06:06,895 [34mINFO [0;39m [[34mtomcat-handler-376[0;39m] [33m[XID:][0;39m [32mc.a.o.a.c.JwtAuthenticationFilter[0;39m - Filtering request: /api/v1/oopsly/shelves/7f000101-9bf3-1319-819b-f35c54120001/subjects/7f000101-9bf3-1319-819b-f35c75e60002/cards
2026-01-30 21:06:06,898 [34mINFO [0;39m [[34mtomcat-handler-376[0;39m] [33m[XID:][0;39m [32mc.a.o.a.c.JwtAuthenticationFilter[0;39m - Attempting to authenticate using jwt
2026-01-30 21:06:06,900 [34mINFO [0;39m [[34mtomcat-handler-376[0;39m] [33m[XID:][0;39m [32mc.a.o.a.c.JwtAuthenticationFilter[0;39m - User 7f000101-9bf3-1319-819b-f35c1d640000 authenticated with role USER
2026-01-30 21:06:06,897 [34mINFO [0;39m [[34mtomcat-handler-375[0;39m] [33m[XID:aweb-e352ae00-6fc3-43a3-9e18-46fb82de3dd4-1769781966440][0;39m [32mc.a.o.a.s.impl.SubjectServiceImpl[0;39m - Getting subject: 7f000101-9bf3-1319-819b-f35c75e60002 from shelf: 7f000101-9bf3-1319-819b-f35c54120001
2026-01-30 21:06:06,907 [34mINFO [0;39m [[34mtomcat-handler-376[0;39m] [33m[XID:aweb-dd1e5261-5123-4fca-9a94-2b57ca396191-1769781966440][0;39m [32mc.a.o.api.controller.CardController[0;39m - Getting all cards for subject: 7f000101-9bf3-1319-819b-f35c75e60002 in shelve: 7f000101-9bf3-1319-819b-f35c54120001 with page: 0 and size: 1000
2026-01-30 21:06:06,908 [34mINFO [0;39m [[34mtomcat-handler-376[0;39m] [33m[XID:aweb-dd1e5261-5123-4fca-9a94-2b57ca396191-1769781966440][0;39m [32mc.a.o.a.service.impl.CardServiceImpl[0;39m - Getting all cards for subject: 7f000101-9bf3-1319-819b-f35c75e60002 in shelve: 7f000101-9bf3-1319-819b-f35c54120001 with page: 0 and size: 1000
2026-01-30 21:06:06,918 [34mINFO [0;39m [[34mtomcat-handler-375[0;39m] [33m[XID:aweb-e352ae00-6fc3-43a3-9e18-46fb82de3dd4-1769781966440][0;39m [32mc.a.o.a.s.impl.SubjectServiceImpl[0;39m - Successfully retrieved subject: 7f000101-9bf3-1319-819b-f35c75e60002
2026-01-30 21:06:06,920 [34mINFO [0;39m [[34mtomcat-handler-375[0;39m] [33m[XID:aweb-e352ae00-6fc3-43a3-9e18-46fb82de3dd4-1769781966440][0;39m [32mc.a.oopsly.api.config.LoggingConfig[0;39m - Request: GET /api/v1/oopsly/shelves/7f000101-9bf3-1319-819b-f35c54120001/subjects/7f000101-9bf3-1319-819b-f35c75e60002 | Status: 200 | 29 ms
2026-01-30 21:06:06,923 [34mINFO [0;39m [[34mtomcat-handler-376[0;39m] [33m[XID:aweb-dd1e5261-5123-4fca-9a94-2b57ca396191-1769781966440][0;39m [32mc.a.o.a.service.impl.CardServiceImpl[0;39m - Successfully retrieved 4 cards for subject: 7f000101-9bf3-1319-819b-f35c75e60002 (total: 4)
2026-01-30 21:06:06,926 [34mINFO [0;39m [[34mtomcat-handler-376[0;39m] [33m[XID:aweb-dd1e5261-5123-4fca-9a94-2b57ca396191-1769781966440][0;39m [32mc.a.oopsly.api.config.LoggingConfig[0;39m - Request: GET /api/v1/oopsly/shelves/7f000101-9bf3-1319-819b-f35c54120001/subjects/7f000101-9bf3-1319-819b-f35c75e60002/cards | Status: 200 | 23 ms
2026-01-30 21:06:27,675 [34mINFO [0;39m [[34mtomcat-handler-377[0;39m] [33m[XID:][0;39m [32mc.a.o.a.c.JwtAuthenticationFilter[0;39m - Filtering request: /api/v1/oopsly/shelves/7f000101-9bf3-1319-819b-f35c54120001/subjects/7f000101-9bf3-1319-819b-f35c75e60002/cards
2026-01-30 21:06:27,676 [31mWARN [0;39m [[34mtomcat-handler-377[0;39m] [33m[XID:][0;39m [32mc.a.o.a.c.JwtAuthenticationFilter[0;39m - Authorization header not present
2026-01-30 21:06:27,679 [34mINFO [0;39m [[34mtomcat-handler-377[0;39m] [33m[XID:5ee30b49-ef49-47e3-ba3a-0e2d8ea6593c][0;39m [32mc.a.oopsly.api.config.LoggingConfig[0;39m - Request: OPTIONS /api/v1/oopsly/shelves/7f000101-9bf3-1319-819b-f35c54120001/subjects/7f000101-9bf3-1319-819b-f35c75e60002/cards | Status: 200 | 3 ms
2026-01-30 21:06:27,684 [34mINFO [0;39m [[34mtomcat-handler-378[0;39m] [33m[XID:][0;39m [32mc.a.o.a.c.JwtAuthenticationFilter[0;39m - Filtering request: /api/v1/oopsly/shelves/7f000101-9bf3-1319-819b-f35c54120001/subjects/7f000101-9bf3-1319-819b-f35c75e60002/cards
2026-01-30 21:06:27,684 [34mINFO [0;39m [[34mtomcat-handler-378[0;39m] [33m[XID:][0;39m [32mc.a.o.a.c.JwtAuthenticationFilter[0;39m - Attempting to authenticate using jwt
2026-01-30 21:06:27,685 [34mINFO [0;39m [[34mtomcat-handler-378[0;39m] [33m[XID:][0;39m [32mc.a.o.a.c.JwtAuthenticationFilter[0;39m - User 7f000101-9bf3-1319-819b-f35c1d640000 authenticated with role USER
2026-01-30 21:06:27,689 [34mINFO [0;39m [[34mtomcat-handler-378[0;39m] [33m[XID:aweb-0d7b42aa-840b-4163-bac2-646899ab98b7-1769781987954][0;39m [32mc.a.o.api.controller.CardController[0;39m - Creating cards for subject: 7f000101-9bf3-1319-819b-f35c75e60002 in shelve: 7f000101-9bf3-1319-819b-f35c54120001
2026-01-30 21:06:27,690 [34mINFO [0;39m [[34mtomcat-handler-378[0;39m] [33m[XID:aweb-0d7b42aa-840b-4163-bac2-646899ab98b7-1769781987954][0;39m [32mc.a.o.a.service.impl.CardServiceImpl[0;39m - Creating 1 cards for subject: 7f000101-9bf3-1319-819b-f35c75e60002 in shelve: 7f000101-9bf3-1319-819b-f35c54120001
2026-01-30 21:06:27,704 [34mINFO [0;39m [[34mtomcat-handler-378[0;39m] [33m[XID:aweb-0d7b42aa-840b-4163-bac2-646899ab98b7-1769781987954][0;39m [32mc.a.o.a.service.impl.CardServiceImpl[0;39m - Successfully created 1 cards for subject: 7f000101-9bf3-1319-819b-f35c75e60002
2026-01-30 21:06:27,705 [34mINFO [0;39m [[34mtomcat-handler-378[0;39m] [33m[XID:aweb-0d7b42aa-840b-4163-bac2-646899ab98b7-1769781987954][0;39m [32mc.a.oopsly.api.config.LoggingConfig[0;39m - Request: POST /api/v1/oopsly/shelves/7f000101-9bf3-1319-819b-f35c54120001/subjects/7f000101-9bf3-1319-819b-f35c75e60002/cards | Status: 200 | 20 ms
2026-01-30 21:06:27,715 [34mINFO [0;39m [[34mtomcat-handler-379[0;39m] [33m[XID:][0;39m [32mc.a.o.a.c.JwtAuthenticationFilter[0;39m - Filtering request: /api/v1/oopsly/shelves/7f000101-9bf3-1319-819b-f35c54120001/subjects/7f000101-9bf3-1319-819b-f35c75e60002/cards
2026-01-30 21:06:27,715 [34mINFO [0;39m [[34mtomcat-handler-379[0;39m] [33m[XID:][0;39m [32mc.a.o.a.c.JwtAuthenticationFilter[0;39m - Attempting to authenticate using jwt
2026-01-30 21:06:27,716 [34mINFO [0;39m [[34mtomcat-handler-379[0;39m] [33m[XID:][0;39m [32mc.a.o.a.c.JwtAuthenticationFilter[0;39m - User 7f000101-9bf3-1319-819b-f35c1d640000 authenticated with role USER
2026-01-30 21:06:27,718 [34mINFO [0;39m [[34mtomcat-handler-379[0;39m] [33m[XID:aweb-bf7e3e55-1870-4304-98fe-8e28a6b0b3c0-1769781987995][0;39m [32mc.a.o.api.controller.CardController[0;39m - Getting all cards for subject: 7f000101-9bf3-1319-819b-f35c75e60002 in shelve: 7f000101-9bf3-1319-819b-f35c54120001 with page: 0 and size: 1000
2026-01-30 21:06:27,718 [34mINFO [0;39m [[34mtomcat-handler-379[0;39m] [33m[XID:aweb-bf7e3e55-1870-4304-98fe-8e28a6b0b3c0-1769781987995][0;39m [32mc.a.o.a.service.impl.CardServiceImpl[0;39m - Getting all cards for subject: 7f000101-9bf3-1319-819b-f35c75e60002 in shelve: 7f000101-9bf3-1319-819b-f35c54120001 with page: 0 and size: 1000
2026-01-30 21:06:27,723 [34mINFO [0;39m [[34mtomcat-handler-379[0;39m] [33m[XID:aweb-bf7e3e55-1870-4304-98fe-8e28a6b0b3c0-1769781987995][0;39m [32mc.a.o.a.service.impl.CardServiceImpl[0;39m - Successfully retrieved 5 cards for subject: 7f000101-9bf3-1319-819b-f35c75e60002 (total: 5)
2026-01-30 21:06:27,725 [34mINFO [0;39m [[34mtomcat-handler-379[0;39m] [33m[XID:aweb-bf7e3e55-1870-4304-98fe-8e28a6b0b3c0-1769781987995][0;39m [32mc.a.oopsly.api.config.LoggingConfig[0;39m - Request: GET /api/v1/oopsly/shelves/7f000101-9bf3-1319-819b-f35c54120001/subjects/7f000101-9bf3-1319-819b-f35c75e60002/cards | Status: 200 | 9 ms
2026-01-30 21:09:00,619 [34mINFO [0;39m [[34mtomcat-handler-382[0;39m] [33m[XID:][0;39m [32mc.a.o.a.c.JwtAuthenticationFilter[0;39m - Filtering request: /api/v1/oopsly/shelves
2026-01-30 21:09:00,621 [34mINFO [0;39m [[34mtomcat-handler-382[0;39m] [33m[XID:][0;39m [32mc.a.o.a.c.JwtAuthenticationFilter[0;39m - Attempting to authenticate using jwt
2026-01-30 21:09:00,623 [34mINFO [0;39m [[34mtomcat-handler-382[0;39m] [33m[XID:][0;39m [32mc.a.o.a.c.JwtAuthenticationFilter[0;39m - User 7f000101-9bf3-1319-819b-f35c1d640000 authenticated with role USER
2026-01-30 21:09:00,637 [34mINFO [0;39m [[34mtomcat-handler-382[0;39m] [33m[XID:aweb-7e8113fc-86bd-4adc-ab5c-429bf8325cbc-1769782140548][0;39m [32mc.a.o.a.s.impl.ShelfServiceImpl[0;39m - Retrieving current user info from UserService
2026-01-30 21:09:00,639 [34mINFO [0;39m [[34mtomcat-handler-382[0;39m] [33m[XID:aweb-7e8113fc-86bd-4adc-ab5c-429bf8325cbc-1769782140548][0;39m [32mc.a.o.a.s.impl.ShelfServiceImpl[0;39m - Fetching shelves page 0 size 100 for user 7f000101-9bf3-1319-819b-f35c1d640000
2026-01-30 21:09:00,640 [34mINFO [0;39m [[34mtomcat-handler-382[0;39m] [33m[XID:aweb-7e8113fc-86bd-4adc-ab5c-429bf8325cbc-1769782140548][0;39m [32mc.a.o.a.s.impl.ShelfServiceImpl[0;39m - Retrieving current user info from UserService
2026-01-30 21:09:00,676 [34mINFO [0;39m [[34mtomcat-handler-382[0;39m] [33m[XID:aweb-7e8113fc-86bd-4adc-ab5c-429bf8325cbc-1769782140548][0;39m [32mc.a.oopsly.api.config.LoggingConfig[0;39m - Request: GET /api/v1/oopsly/shelves | Status: 200 | 50 ms
2026-01-30 21:09:01,705 [34mINFO [0;39m [[34mtomcat-handler-383[0;39m] [33m[XID:][0;39m [32mc.a.o.a.c.JwtAuthenticationFilter[0;39m - Filtering request: /api/v1/oopsly/shelves
2026-01-30 21:09:01,718 [34mINFO [0;39m [[34mtomcat-handler-383[0;39m] [33m[XID:][0;39m [32mc.a.o.a.c.JwtAuthenticationFilter[0;39m - Attempting to authenticate using jwt
2026-01-30 21:09:01,719 [34mINFO [0;39m [[34mtomcat-handler-383[0;39m] [33m[XID:][0;39m [32mc.a.o.a.c.JwtAuthenticationFilter[0;39m - User 7f000101-9bf3-1319-819b-f35c1d640000 authenticated with role USER
2026-01-30 21:09:01,721 [34mINFO [0;39m [[34mtomcat-handler-383[0;39m] [33m[XID:aweb-c88f2fbe-c371-46fe-b122-17ecd2d252f8-1769782141680][0;39m [32mc.a.o.a.s.impl.ShelfServiceImpl[0;39m - Retrieving current user info from UserService
2026-01-30 21:09:01,725 [34mINFO [0;39m [[34mtomcat-handler-383[0;39m] [33m[XID:aweb-c88f2fbe-c371-46fe-b122-17ecd2d252f8-1769782141680][0;39m [32mc.a.o.a.s.impl.ShelfServiceImpl[0;39m - Fetching shelves page 0 size 100 for user 7f000101-9bf3-1319-819b-f35c1d640000
2026-01-30 21:09:01,725 [34mINFO [0;39m [[34mtomcat-handler-383[0;39m] [33m[XID:aweb-c88f2fbe-c371-46fe-b122-17ecd2d252f8-1769782141680][0;39m [32mc.a.o.a.s.impl.ShelfServiceImpl[0;39m - Retrieving current user info from UserService
2026-01-30 21:09:01,754 [34mINFO [0;39m [[34mtomcat-handler-383[0;39m] [33m[XID:aweb-c88f2fbe-c371-46fe-b122-17ecd2d252f8-1769782141680][0;39m [32mc.a.oopsly.api.config.LoggingConfig[0;39m - Request: GET /api/v1/oopsly/shelves | Status: 200 | 34 ms
2026-01-30 21:09:29,775 [34mINFO [0;39m [[34mtomcat-handler-385[0;39m] [33m[XID:][0;39m [32mc.a.o.a.c.JwtAuthenticationFilter[0;39m - Filtering request: /api/v1/oopsly/shelves/7f000101-9bf3-1319-819b-f35c54120001/subjects/7f000101-9bf3-1319-819b-f35c75e60002/cards
2026-01-30 21:09:29,775 [34mINFO [0;39m [[34mtomcat-handler-384[0;39m] [33m[XID:][0;39m [32mc.a.o.a.c.JwtAuthenticationFilter[0;39m - Filtering request: /api/v1/oopsly/shelves/7f000101-9bf3-1319-819b-f35c54120001/subjects/7f000101-9bf3-1319-819b-f35c75e60002
2026-01-30 21:09:29,776 [34mINFO [0;39m [[34mtomcat-handler-384[0;39m] [33m[XID:][0;39m [32mc.a.o.a.c.JwtAuthenticationFilter[0;39m - Attempting to authenticate using jwt
2026-01-30 21:09:29,776 [34mINFO [0;39m [[34mtomcat-handler-385[0;39m] [33m[XID:][0;39m [32mc.a.o.a.c.JwtAuthenticationFilter[0;39m - Attempting to authenticate using jwt
2026-01-30 21:09:29,879 [34mINFO [0;39m [[34mtomcat-handler-384[0;39m] [33m[XID:][0;39m [32mc.a.o.a.c.JwtAuthenticationFilter[0;39m - User 7f000101-9bf3-1319-819b-f35c1d640000 authenticated with role USER
2026-01-30 21:09:29,879 [34mINFO [0;39m [[34mtomcat-handler-385[0;39m] [33m[XID:][0;39m [32mc.a.o.a.c.JwtAuthenticationFilter[0;39m - User 7f000101-9bf3-1319-819b-f35c1d640000 authenticated with role USER
2026-01-30 21:09:29,883 [34mINFO [0;39m [[34mtomcat-handler-384[0;39m] [33m[XID:aweb-a1035b75-4397-4f1e-bf6d-691b6383ee77-1769782169565][0;39m [32mc.a.o.a.controller.SubjectController[0;39m - Getting subject: 7f000101-9bf3-1319-819b-f35c75e60002 from shelve: 7f000101-9bf3-1319-819b-f35c54120001
2026-01-30 21:09:29,884 [34mINFO [0;39m [[34mtomcat-handler-385[0;39m] [33m[XID:aweb-5e5afcd2-0220-49e9-958e-d9a84ca782ea-1769782169565][0;39m [32mc.a.o.api.controller.CardController[0;39m - Getting all cards for subject: 7f000101-9bf3-1319-819b-f35c75e60002 in shelve: 7f000101-9bf3-1319-819b-f35c54120001 with page: 0 and size: 1000
2026-01-30 21:09:29,885 [34mINFO [0;39m [[34mtomcat-handler-384[0;39m] [33m[XID:aweb-a1035b75-4397-4f1e-bf6d-691b6383ee77-1769782169565][0;39m [32mc.a.o.a.s.impl.SubjectServiceImpl[0;39m - Getting subject: 7f000101-9bf3-1319-819b-f35c75e60002 from shelf: 7f000101-9bf3-1319-819b-f35c54120001
2026-01-30 21:09:29,884 [34mINFO [0;39m [[34mtomcat-handler-385[0;39m] [33m[XID:aweb-5e5afcd2-0220-49e9-958e-d9a84ca782ea-1769782169565][0;39m [32mc.a.o.a.service.impl.CardServiceImpl[0;39m - Getting all cards for subject: 7f000101-9bf3-1319-819b-f35c75e60002 in shelve: 7f000101-9bf3-1319-819b-f35c54120001 with page: 0 and size: 1000
2026-01-30 21:09:29,892 [34mINFO [0;39m [[34mtomcat-handler-384[0;39m] [33m[XID:aweb-a1035b75-4397-4f1e-bf6d-691b6383ee77-1769782169565][0;39m [32mc.a.o.a.s.impl.SubjectServiceImpl[0;39m - Successfully retrieved subject: 7f000101-9bf3-1319-819b-f35c75e60002
2026-01-30 21:09:29,894 [34mINFO [0;39m [[34mtomcat-handler-385[0;39m] [33m[XID:aweb-5e5afcd2-0220-49e9-958e-d9a84ca782ea-1769782169565][0;39m [32mc.a.o.a.service.impl.CardServiceImpl[0;39m - Successfully retrieved 5 cards for subject: 7f000101-9bf3-1319-819b-f35c75e60002 (total: 5)
2026-01-30 21:09:29,895 [34mINFO [0;39m [[34mtomcat-handler-384[0;39m] [33m[XID:aweb-a1035b75-4397-4f1e-bf6d-691b6383ee77-1769782169565][0;39m [32mc.a.oopsly.api.config.LoggingConfig[0;39m - Request: GET /api/v1/oopsly/shelves/7f000101-9bf3-1319-819b-f35c54120001/subjects/7f000101-9bf3-1319-819b-f35c75e60002 | Status: 200 | 15 ms
2026-01-30 21:09:29,899 [34mINFO [0;39m [[34mtomcat-handler-385[0;39m] [33m[XID:aweb-5e5afcd2-0220-49e9-958e-d9a84ca782ea-1769782169565][0;39m [32mc.a.oopsly.api.config.LoggingConfig[0;39m - Request: GET /api/v1/oopsly/shelves/7f000101-9bf3-1319-819b-f35c54120001/subjects/7f000101-9bf3-1319-819b-f35c75e60002/cards | Status: 200 | 19 ms
2026-01-30 21:13:20,958 [34mINFO [0;39m [[34mtomcat-handler-388[0;39m] [33m[XID:][0;39m [32mc.a.o.a.c.JwtAuthenticationFilter[0;39m - Filtering request: /api/v1/oopsly/otp
2026-01-30 21:13:20,960 [31mWARN [0;39m [[34mtomcat-handler-388[0;39m] [33m[XID:][0;39m [32mc.a.o.a.c.JwtAuthenticationFilter[0;39m - Authorization header not present
2026-01-30 21:13:20,969 [34mINFO [0;39m [[34mtomcat-handler-388[0;39m] [33m[XID:pweb-5cce4257-3412-4261-9587-fdbdb02378af-1769782400504][0;39m [32mc.a.o.a.service.impl.OTPServiceImpl[0;39m - Sending OTP email to h******************m
2026-01-30 21:13:20,980 [34mINFO [0;39m [[34mtomcat-handler-388[0;39m] [33m[XID:pweb-5cce4257-3412-4261-9587-fdbdb02378af-1769782400504][0;39m [32mc.a.o.a.service.impl.OTPServiceImpl[0;39m - OTP process completed for h******************m
2026-01-30 21:13:20,984 [34mINFO [0;39m [[34mtomcat-handler-388[0;39m] [33m[XID:pweb-5cce4257-3412-4261-9587-fdbdb02378af-1769782400504][0;39m [32mc.a.oopsly.api.config.LoggingConfig[0;39m - Request: POST /api/v1/oopsly/otp | Status: 200 | 21 ms
2026-01-30 21:13:24,825 [34mINFO [0;39m [[34mForkJoinPool.commonPool-worker-21[0;39m] [33m[XID:][0;39m [32mc.a.o.a.service.impl.OTPServiceImpl[0;39m - Async: OTP email sent successfully to h******************m
2026-01-30 21:13:37,560 [34mINFO [0;39m [[34mtomcat-handler-389[0;39m] [33m[XID:][0;39m [32mc.a.o.a.c.JwtAuthenticationFilter[0;39m - Filtering request: /api/v1/oopsly/otp/validate
2026-01-30 21:13:37,561 [31mWARN [0;39m [[34mtomcat-handler-389[0;39m] [33m[XID:][0;39m [32mc.a.o.a.c.JwtAuthenticationFilter[0;39m - Authorization header not present
2026-01-30 21:13:37,573 [34mINFO [0;39m [[34mtomcat-handler-389[0;39m] [33m[XID:pweb-ca0fd573-9dd6-40af-90d0-4f65dcdea6ab-1769782417347][0;39m [32mc.a.o.a.service.impl.OTPServiceImpl[0;39m - Checking OTP for hao.e4work
2026-01-30 21:13:37,587 [34mINFO [0;39m [[34mtomcat-handler-389[0;39m] [33m[XID:pweb-ca0fd573-9dd6-40af-90d0-4f65dcdea6ab-1769782417347][0;39m [32mc.a.o.a.service.impl.OTPServiceImpl[0;39m - Authentication successful for h******************m. Generating token..
2026-01-30 21:13:37,610 [34mINFO [0;39m [[34mtomcat-handler-389[0;39m] [33m[XID:pweb-ca0fd573-9dd6-40af-90d0-4f65dcdea6ab-1769782417347][0;39m [32mc.a.o.a.service.impl.OTPServiceImpl[0;39m - Generating JWT token for h******************m
2026-01-30 21:13:37,613 [34mINFO [0;39m [[34mtomcat-handler-389[0;39m] [33m[XID:pweb-ca0fd573-9dd6-40af-90d0-4f65dcdea6ab-1769782417347][0;39m [32mc.a.o.a.service.impl.OTPServiceImpl[0;39m - Saving refresh token into cache for user h******************m
2026-01-30 21:13:37,618 [34mINFO [0;39m [[34mtomcat-handler-389[0;39m] [33m[XID:pweb-ca0fd573-9dd6-40af-90d0-4f65dcdea6ab-1769782417347][0;39m [32mc.a.oopsly.api.config.LoggingConfig[0;39m - Request: POST /api/v1/oopsly/otp/validate | Status: 200 | 56 ms
2026-01-30 21:13:37,830 [34mINFO [0;39m [[34mtomcat-handler-390[0;39m] [33m[XID:][0;39m [32mc.a.o.a.c.JwtAuthenticationFilter[0;39m - Filtering request: /api/v1/oopsly/shelves
2026-01-30 21:13:37,831 [34mINFO [0;39m [[34mtomcat-handler-390[0;39m] [33m[XID:][0;39m [32mc.a.o.a.c.JwtAuthenticationFilter[0;39m - Attempting to authenticate using jwt
2026-01-30 21:13:37,833 [34mINFO [0;39m [[34mtomcat-handler-390[0;39m] [33m[XID:][0;39m [32mc.a.o.a.c.JwtAuthenticationFilter[0;39m - User 7f000101-9bf3-1319-819b-f35c1d640000 authenticated with role USER
2026-01-30 21:13:37,844 [34mINFO [0;39m [[34mtomcat-handler-390[0;39m] [33m[XID:aweb-50f0f6d9-acb1-413a-ab9d-537a21c21f45-1769782417595][0;39m [32mc.a.o.a.s.impl.ShelfServiceImpl[0;39m - Retrieving current user info from UserService
2026-01-30 21:13:37,848 [34mINFO [0;39m [[34mtomcat-handler-390[0;39m] [33m[XID:aweb-50f0f6d9-acb1-413a-ab9d-537a21c21f45-1769782417595][0;39m [32mc.a.o.a.s.impl.ShelfServiceImpl[0;39m - Fetching shelves page 0 size 100 for user 7f000101-9bf3-1319-819b-f35c1d640000
2026-01-30 21:13:37,848 [34mINFO [0;39m [[34mtomcat-handler-390[0;39m] [33m[XID:aweb-50f0f6d9-acb1-413a-ab9d-537a21c21f45-1769782417595][0;39m [32mc.a.o.a.s.impl.ShelfServiceImpl[0;39m - Retrieving current user info from UserService
2026-01-30 21:13:37,890 [34mINFO [0;39m [[34mtomcat-handler-390[0;39m] [33m[XID:aweb-50f0f6d9-acb1-413a-ab9d-537a21c21f45-1769782417595][0;39m [32mc.a.oopsly.api.config.LoggingConfig[0;39m - Request: GET /api/v1/oopsly/shelves | Status: 200 | 55 ms
2026-01-30 21:16:38,044 [34mINFO [0;39m [[34mSpringApplicationShutdownHook[0;39m] [33m[XID:][0;39m [32mo.s.b.w.e.tomcat.GracefulShutdown[0;39m - Commencing graceful shutdown. Waiting for active requests to complete
2026-01-30 21:16:38,051 [34mINFO [0;39m [[34mtomcat-shutdown[0;39m] [33m[XID:][0;39m [32mo.s.b.w.e.tomcat.GracefulShutdown[0;39m - Graceful shutdown complete
2026-01-30 21:16:38,105 [34mINFO [0;39m [[34mSpringApplicationShutdownHook[0;39m] [33m[XID:][0;39m [32mo.s.o.j.LocalContainerEntityManagerFactoryBean[0;39m - Closing JPA EntityManagerFactory for persistence unit 'default'
2026-01-30 21:16:38,114 [34mINFO [0;39m [[34mSpringApplicationShutdownHook[0;39m] [33m[XID:][0;39m [32mcom.zaxxer.hikari.HikariDataSource[0;39m - HikariPool-1 - Shutdown initiated...
2026-01-30 21:16:38,119 [34mINFO [0;39m [[34mSpringApplicationShutdownHook[0;39m] [33m[XID:][0;39m [32mcom.zaxxer.hikari.HikariDataSource[0;39m - HikariPool-1 - Shutdown completed.
